customer_id,timestamp,category,action,amount,age,gender,location,membership_years
368,2025-01-19 15:38:00,Beauty,view,0.0,22,F,Accra,4
475,2025-03-09 14:34:00,Books,view,0.0,69,F,Kumasi,4
367,2025-01-24 07:35:00,Clothing,add_to_cart,0.0,50,F,Kumasi,8
536,2025-04-16 03:02:00,Clothing,add_to_cart,0.0,22,F,Kumasi,1
471,2025-02-22 23:51:00,Books,view,0.0,47,M,Accra,8
254,2025-02-22 08:56:00,Books,view,0.0,28,M,Takoradi,9
566,2025-03-11 04:56:00,Clothing,view,0.0,29,M,Takoradi,7
615,2025-02-07 20:19:00,Home,add_to_cart,0.0,56,M,Takoradi,2
342,2025-02-16 03:27:00,Beauty,view,0.0,25,M,Kumasi,1
511,2025-02-05 14:40:00,Books,add_to_cart,0.0,54,M,Cape Coast,6
826,2025-02-19 04:24:00,Home,view,0.0,65,F,Takoradi,0
185,2025-04-22 14:53:00,Beauty,purchase,379.58,61,O,Accra,3
213,2025-02-23 20:07:00,Electronics,view,0.0,49,M,Takoradi,7
799,2025-02-11 09:31:00,Home,view,0.0,42,M,Cape Coast,8
254,2025-01-09 16:10:00,Clothing,view,0.0,28,M,Takoradi,9
785,2025-03-09 15:51:00,Electronics,view,0.0,50,O,Tamale,6
869,2025-04-12 16:00:00,Electronics,view,0.0,47,M,Tamale,2
81,2025-04-15 23:01:00,Home,add_to_cart,0.0,31,M,Kumasi,1
407,2025-02-08 16:33:00,Home,view,0.0,64,O,Cape Coast,0
73,2025-01-13 05:05:00,Beauty,purchase,429.7,21,O,Takoradi,1
575,2025-02-18 11:47:00,Books,purchase,253.17,30,F,Takoradi,6
963,2025-03-31 14:35:00,Beauty,view,0.0,64,O,Kumasi,3
851,2025-02-12 19:34:00,Clothing,view,0.0,18,M,Cape Coast,4
674,2025-03-02 22:03:00,Home,view,0.0,64,F,Accra,7
902,2025-04-07 16:39:00,Home,view,0.0,22,F,Kumasi,9
453,2025-01-27 15:05:00,Books,purchase,360.06,66,F,Kumasi,9
659,2025-03-17 15:58:00,Home,add_to_cart,0.0,40,M,Cape Coast,5
660,2025-04-05 03:43:00,Clothing,add_to_cart,0.0,33,M,Kumasi,4
883,2025-02-26 04:07:00,Home,add_to_cart,0.0,51,O,Kumasi,8
595,2025-02-20 17:51:00,Beauty,view,0.0,21,O,Cape Coast,9
12,2025-02-22 10:04:00,Home,view,0.0,28,F,Tamale,2
902,2025-04-07 04:56:00,Beauty,view,0.0,22,F,Kumasi,9
118,2025-04-30 00:49:00,Electronics,view,0.0,22,O,Takoradi,2
197,2025-03-07 14:38:00,Beauty,purchase,394.58,30,O,Accra,4
391,2025-03-20 22:13:00,Home,add_to_cart,0.0,69,F,Takoradi,0
477,2025-04-30 19:28:00,Clothing,purchase,458.22,30,M,Kumasi,4
392,2025-03-31 09:16:00,Clothing,purchase,65.52,38,O,Tamale,0
318,2025-02-10 04:17:00,Clothing,view,0.0,55,M,Accra,7
945,2025-04-01 16:11:00,Home,view,0.0,59,O,Accra,4
98,2025-03-30 02:15:00,Clothing,view,0.0,58,M,Accra,6
586,2025-02-07 21:25:00,Home,view,0.0,25,O,Accra,1
219,2025-01-29 14:37:00,Beauty,view,0.0,69,M,Accra,9
950,2025-01-20 11:18:00,Beauty,view,0.0,22,F,Kumasi,9
834,2025-01-30 20:33:00,Home,view,0.0,20,M,Accra,2
283,2025-01-10 08:32:00,Electronics,view,0.0,67,F,Tamale,0
59,2025-01-02 03:00:00,Home,view,0.0,24,O,Tamale,4
266,2025-02-22 14:58:00,Home,add_to_cart,0.0,43,M,Kumasi,0
891,2025-04-30 21:35:00,Clothing,view,0.0,68,M,Takoradi,9
284,2025-03-06 16:44:00,Beauty,purchase,275.58,40,M,Kumasi,7
83,2025-01-01 09:35:00,Electronics,add_to_cart,0.0,65,F,Kumasi,2
618,2025-02-01 05:47:00,Electronics,view,0.0,40,O,Cape Coast,5
795,2025-02-23 17:34:00,Beauty,add_to_cart,0.0,35,M,Tamale,3
127,2025-01-25 14:14:00,Beauty,view,0.0,51,F,Tamale,4
73,2025-01-27 18:55:00,Beauty,view,0.0,21,O,Takoradi,1
377,2025-02-10 09:49:00,Beauty,view,0.0,47,O,Cape Coast,9
39,2025-04-23 20:22:00,Beauty,view,0.0,61,M,Accra,0
575,2025-04-07 13:04:00,Home,view,0.0,30,F,Takoradi,6
296,2025-03-16 17:02:00,Clothing,view,0.0,18,F,Tamale,7
528,2025-03-23 15:54:00,Clothing,add_to_cart,0.0,38,M,Takoradi,0
639,2025-01-19 03:58:00,Books,add_to_cart,0.0,29,F,Tamale,6
387,2025-03-15 05:00:00,Home,view,0.0,63,O,Cape Coast,6
691,2025-04-20 09:16:00,Electronics,view,0.0,46,M,Takoradi,7
619,2025-03-30 06:48:00,Beauty,view,0.0,49,M,Kumasi,0
694,2025-02-06 08:17:00,Home,view,0.0,36,O,Cape Coast,8
445,2025-02-27 10:58:00,Beauty,add_to_cart,0.0,19,F,Tamale,5
680,2025-02-05 17:59:00,Home,purchase,41.36,55,M,Accra,9
866,2025-03-04 21:10:00,Clothing,view,0.0,61,F,Cape Coast,5
772,2025-03-27 06:42:00,Beauty,view,0.0,45,M,Accra,0
129,2025-02-24 02:13:00,Clothing,view,0.0,65,M,Tamale,3
614,2025-02-07 20:47:00,Books,view,0.0,66,O,Cape Coast,4
714,2025-04-02 20:49:00,Home,add_to_cart,0.0,43,O,Accra,4
596,2025-03-24 02:03:00,Books,view,0.0,67,F,Cape Coast,7
140,2025-03-01 23:41:00,Electronics,view,0.0,52,M,Accra,7
319,2025-02-21 23:24:00,Books,view,0.0,57,M,Tamale,3
544,2025-02-24 04:35:00,Clothing,view,0.0,18,O,Accra,1
314,2025-02-08 15:32:00,Electronics,view,0.0,28,O,Accra,3
137,2025-01-06 18:44:00,Home,view,0.0,44,M,Takoradi,5
425,2025-04-28 04:41:00,Electronics,view,0.0,52,M,Accra,9
976,2025-03-08 21:08:00,Books,view,0.0,69,M,Takoradi,8
599,2025-01-13 13:51:00,Books,view,0.0,46,O,Tamale,2
616,2025-03-26 01:36:00,Beauty,view,0.0,49,F,Cape Coast,8
662,2025-04-28 00:29:00,Electronics,view,0.0,62,M,Tamale,8
416,2025-02-11 18:13:00,Clothing,view,0.0,57,O,Kumasi,9
115,2025-02-05 01:08:00,Clothing,view,0.0,52,M,Tamale,7
206,2025-02-08 22:46:00,Home,view,0.0,50,F,Kumasi,8
382,2025-01-28 23:07:00,Home,view,0.0,58,M,Tamale,7
175,2025-02-02 00:18:00,Home,view,0.0,24,O,Kumasi,0
175,2025-04-16 00:28:00,Clothing,view,0.0,24,O,Kumasi,0
141,2025-04-28 00:33:00,Books,view,0.0,54,F,Accra,5
205,2025-02-17 16:52:00,Books,view,0.0,54,O,Kumasi,8
640,2025-03-29 16:06:00,Books,view,0.0,58,O,Accra,1
305,2025-03-08 06:57:00,Electronics,purchase,390.48,36,F,Takoradi,6
574,2025-01-17 10:24:00,Home,view,0.0,46,M,Tamale,7
207,2025-01-29 20:42:00,Clothing,view,0.0,68,M,Accra,3
25,2025-02-23 08:55:00,Electronics,view,0.0,38,O,Tamale,8
598,2025-03-21 08:50:00,Beauty,view,0.0,28,M,Accra,6
745,2025-03-12 13:28:00,Home,add_to_cart,0.0,54,M,Accra,5
937,2025-02-14 14:02:00,Home,view,0.0,49,O,Accra,2
542,2025-02-26 07:17:00,Home,view,0.0,36,M,Kumasi,9
194,2025-04-06 07:21:00,Beauty,view,0.0,18,M,Takoradi,0
872,2025-02-05 14:27:00,Beauty,view,0.0,64,M,Cape Coast,0
685,2025-03-23 01:12:00,Books,purchase,123.46,59,M,Accra,9
221,2025-04-16 02:18:00,Home,view,0.0,56,O,Takoradi,5
832,2025-02-09 22:03:00,Home,view,0.0,22,F,Kumasi,8
843,2025-04-05 10:31:00,Home,view,0.0,31,F,Accra,7
898,2025-03-03 16:08:00,Beauty,view,0.0,47,O,Kumasi,1
482,2025-03-02 23:14:00,Electronics,view,0.0,34,M,Takoradi,3
201,2025-02-27 04:47:00,Books,view,0.0,23,F,Accra,4
480,2025-02-27 19:16:00,Home,view,0.0,47,M,Takoradi,0
704,2025-02-13 06:27:00,Electronics,view,0.0,62,O,Tamale,5
902,2025-01-29 16:15:00,Home,view,0.0,22,F,Kumasi,9
858,2025-02-05 09:36:00,Books,view,0.0,25,M,Cape Coast,1
938,2025-03-17 09:12:00,Home,view,0.0,67,F,Tamale,0
520,2025-04-14 07:44:00,Home,add_to_cart,0.0,63,F,Cape Coast,3
734,2025-03-17 09:43:00,Home,view,0.0,55,O,Cape Coast,5
593,2025-03-31 01:49:00,Beauty,view,0.0,58,F,Cape Coast,1
791,2025-01-18 16:37:00,Electronics,view,0.0,30,M,Cape Coast,6
678,2025-03-08 00:29:00,Books,add_to_cart,0.0,61,F,Kumasi,9
917,2025-04-20 12:26:00,Beauty,add_to_cart,0.0,60,O,Takoradi,4
586,2025-04-13 20:14:00,Beauty,view,0.0,25,O,Accra,1
887,2025-03-11 23:19:00,Clothing,view,0.0,35,F,Takoradi,6
204,2025-02-02 07:00:00,Books,view,0.0,26,M,Kumasi,4
70,2025-01-21 02:14:00,Books,view,0.0,19,M,Cape Coast,8
814,2025-02-19 15:05:00,Electronics,add_to_cart,0.0,43,O,Kumasi,9
699,2025-04-30 07:28:00,Books,add_to_cart,0.0,39,O,Kumasi,2
258,2025-01-08 10:32:00,Books,view,0.0,26,F,Accra,2
688,2025-01-27 19:11:00,Home,purchase,402.66,44,M,Kumasi,4
573,2025-03-15 02:44:00,Home,view,0.0,61,O,Tamale,1
655,2025-01-16 12:48:00,Home,view,0.0,42,F,Tamale,7
699,2025-01-21 18:53:00,Home,view,0.0,39,O,Kumasi,2
508,2025-02-17 20:34:00,Clothing,add_to_cart,0.0,43,M,Accra,5
356,2025-02-01 22:14:00,Home,view,0.0,62,F,Accra,8
515,2025-03-21 04:20:00,Books,view,0.0,45,F,Accra,0
537,2025-03-09 18:42:00,Clothing,add_to_cart,0.0,53,M,Takoradi,5
939,2025-01-25 19:47:00,Home,add_to_cart,0.0,68,F,Tamale,8
651,2025-04-20 01:54:00,Beauty,view,0.0,33,O,Tamale,5
315,2025-01-05 18:20:00,Beauty,view,0.0,66,F,Cape Coast,1
758,2025-04-23 09:19:00,Electronics,view,0.0,20,O,Accra,9
288,2025-01-11 17:26:00,Clothing,view,0.0,52,O,Cape Coast,6
75,2025-01-21 11:04:00,Electronics,view,0.0,35,M,Takoradi,2
857,2025-04-15 21:09:00,Home,add_to_cart,0.0,48,F,Tamale,0
839,2025-01-04 00:14:00,Beauty,view,0.0,27,M,Accra,0
754,2025-02-16 16:28:00,Clothing,view,0.0,31,O,Accra,1
112,2025-02-02 22:58:00,Home,view,0.0,68,O,Takoradi,8
296,2025-04-28 19:29:00,Home,view,0.0,18,F,Tamale,7
90,2025-04-04 12:12:00,Clothing,view,0.0,33,M,Tamale,2
742,2025-03-07 03:53:00,Clothing,add_to_cart,0.0,33,O,Tamale,2
876,2025-02-09 10:21:00,Beauty,view,0.0,38,M,Accra,8
296,2025-03-31 16:19:00,Beauty,view,0.0,18,F,Tamale,7
942,2025-03-03 10:06:00,Books,purchase,344.89,22,M,Takoradi,2
155,2025-02-22 22:23:00,Electronics,purchase,24.71,59,M,Tamale,5
234,2025-03-22 14:30:00,Electronics,view,0.0,49,O,Takoradi,2
607,2025-04-27 13:19:00,Beauty,view,0.0,41,O,Takoradi,6
631,2025-01-12 16:16:00,Clothing,purchase,51.7,37,F,Kumasi,3
523,2025-04-08 17:06:00,Beauty,view,0.0,29,F,Accra,8
763,2025-01-20 17:37:00,Clothing,view,0.0,27,O,Tamale,0
783,2025-04-11 19:02:00,Books,add_to_cart,0.0,34,F,Accra,4
808,2025-03-13 07:43:00,Home,view,0.0,35,O,Cape Coast,7
904,2025-04-03 23:59:00,Clothing,view,0.0,21,O,Accra,3
49,2025-02-05 12:31:00,Beauty,view,0.0,21,O,Takoradi,6
86,2025-01-04 17:37:00,Clothing,add_to_cart,0.0,31,O,Kumasi,7
11,2025-04-02 13:31:00,Books,view,0.0,28,O,Accra,1
266,2025-02-09 13:23:00,Home,view,0.0,43,M,Kumasi,0
828,2025-03-03 22:16:00,Electronics,view,0.0,45,M,Cape Coast,6
991,2025-04-16 22:41:00,Books,view,0.0,24,F,Tamale,4
777,2025-01-22 12:24:00,Clothing,view,0.0,45,M,Kumasi,9
936,2025-01-17 14:41:00,Books,purchase,445.86,46,O,Cape Coast,1
660,2025-03-31 20:17:00,Books,add_to_cart,0.0,33,M,Kumasi,4
447,2025-03-17 11:37:00,Home,view,0.0,40,F,Takoradi,6
761,2025-04-09 15:17:00,Beauty,view,0.0,28,F,Kumasi,2
224,2025-03-03 07:12:00,Books,purchase,95.99,66,O,Accra,2
979,2025-03-18 13:30:00,Beauty,purchase,466.84,39,M,Kumasi,7
845,2025-02-01 05:37:00,Beauty,view,0.0,63,F,Takoradi,8
451,2025-01-28 02:44:00,Clothing,purchase,305.89,39,M,Cape Coast,1
422,2025-03-13 22:07:00,Electronics,add_to_cart,0.0,46,O,Kumasi,4
544,2025-04-09 09:02:00,Home,view,0.0,18,O,Accra,1
827,2025-01-31 04:51:00,Electronics,view,0.0,23,M,Tamale,9
287,2025-03-26 19:38:00,Beauty,view,0.0,59,M,Tamale,6
639,2025-02-11 17:48:00,Beauty,view,0.0,29,F,Tamale,6
337,2025-02-23 03:32:00,Electronics,view,0.0,50,F,Takoradi,6
273,2025-01-24 07:49:00,Home,view,0.0,58,O,Cape Coast,4
686,2025-03-13 07:58:00,Clothing,add_to_cart,0.0,26,O,Kumasi,6
781,2025-02-08 04:48:00,Beauty,add_to_cart,0.0,53,F,Kumasi,8
272,2025-04-29 01:53:00,Clothing,view,0.0,69,M,Takoradi,4
286,2025-04-13 12:31:00,Clothing,view,0.0,47,F,Tamale,2
94,2025-03-23 12:42:00,Books,add_to_cart,0.0,41,M,Tamale,2
624,2025-02-24 16:39:00,Home,view,0.0,40,F,Accra,3
201,2025-02-21 09:43:00,Books,view,0.0,23,F,Accra,4
692,2025-01-30 00:56:00,Beauty,purchase,498.24,54,M,Tamale,0
44,2025-04-09 10:33:00,Electronics,view,0.0,24,M,Takoradi,3
140,2025-04-07 12:13:00,Electronics,view,0.0,52,M,Accra,7
72,2025-01-27 11:00:00,Home,add_to_cart,0.0,59,F,Takoradi,5
702,2025-04-25 10:38:00,Home,view,0.0,24,F,Accra,0
481,2025-02-01 20:20:00,Clothing,view,0.0,36,O,Cape Coast,4
493,2025-03-05 18:53:00,Electronics,view,0.0,64,M,Accra,0
371,2025-01-11 23:48:00,Books,purchase,337.26,21,O,Cape Coast,1
851,2025-04-13 16:05:00,Home,view,0.0,18,M,Cape Coast,4
28,2025-03-07 05:54:00,Books,add_to_cart,0.0,39,O,Kumasi,9
580,2025-03-27 16:42:00,Beauty,purchase,15.04,68,O,Tamale,2
288,2025-03-22 08:35:00,Beauty,purchase,162.82,52,O,Cape Coast,6
355,2025-04-20 07:55:00,Home,add_to_cart,0.0,55,F,Kumasi,0
938,2025-03-23 15:39:00,Electronics,purchase,101.01,67,F,Tamale,0
720,2025-04-24 03:37:00,Beauty,view,0.0,67,F,Accra,5
367,2025-01-16 23:11:00,Books,view,0.0,50,F,Kumasi,8
802,2025-03-08 23:53:00,Clothing,purchase,327.28,47,M,Takoradi,6
360,2025-01-10 18:02:00,Books,view,0.0,44,M,Kumasi,5
283,2025-03-21 16:14:00,Home,view,0.0,67,F,Tamale,0
693,2025-02-13 14:33:00,Clothing,add_to_cart,0.0,55,M,Kumasi,3
471,2025-01-04 22:47:00,Electronics,view,0.0,47,M,Accra,8
578,2025-01-30 02:57:00,Books,view,0.0,63,F,Cape Coast,3
433,2025-04-26 21:20:00,Books,view,0.0,37,F,Cape Coast,1
294,2025-01-15 13:51:00,Electronics,view,0.0,66,F,Takoradi,2
889,2025-01-05 05:48:00,Home,view,0.0,32,M,Takoradi,5
303,2025-03-28 03:26:00,Clothing,view,0.0,58,O,Takoradi,7
739,2025-03-27 07:22:00,Home,view,0.0,62,F,Tamale,0
138,2025-03-30 19:48:00,Home,add_to_cart,0.0,52,O,Tamale,6
5,2025-04-19 20:54:00,Books,view,0.0,60,O,Kumasi,2
237,2025-04-12 04:08:00,Home,view,0.0,36,F,Takoradi,7
449,2025-04-14 18:29:00,Home,view,0.0,68,M,Accra,2
844,2025-02-08 12:58:00,Books,view,0.0,26,O,Takoradi,5
732,2025-04-04 08:38:00,Clothing,view,0.0,42,M,Kumasi,1
495,2025-02-03 22:30:00,Beauty,view,0.0,49,M,Tamale,3
897,2025-02-24 21:39:00,Books,view,0.0,32,M,Takoradi,4
833,2025-03-04 09:53:00,Clothing,add_to_cart,0.0,55,O,Takoradi,9
209,2025-01-22 05:34:00,Books,add_to_cart,0.0,61,F,Accra,0
702,2025-02-16 16:16:00,Clothing,view,0.0,24,F,Accra,0
166,2025-03-22 15:13:00,Books,add_to_cart,0.0,40,M,Tamale,6
366,2025-01-14 14:07:00,Books,view,0.0,64,O,Takoradi,6
509,2025-01-27 12:48:00,Books,view,0.0,33,O,Takoradi,0
60,2025-01-06 04:21:00,Clothing,view,0.0,61,O,Tamale,8
217,2025-02-03 14:04:00,Clothing,view,0.0,66,M,Cape Coast,8
710,2025-02-28 17:17:00,Beauty,view,0.0,61,O,Takoradi,8
526,2025-03-19 12:06:00,Beauty,view,0.0,43,O,Takoradi,0
19,2025-03-04 10:46:00,Beauty,view,0.0,19,F,Kumasi,8
419,2025-01-19 19:35:00,Home,view,0.0,60,F,Cape Coast,2
432,2025-02-13 07:23:00,Books,view,0.0,62,O,Cape Coast,3
327,2025-04-17 17:00:00,Home,view,0.0,35,M,Takoradi,8
141,2025-03-11 13:36:00,Beauty,view,0.0,54,F,Accra,5
720,2025-04-02 15:03:00,Books,view,0.0,67,F,Accra,5
864,2025-04-19 01:30:00,Home,view,0.0,29,O,Cape Coast,5
792,2025-01-15 10:30:00,Electronics,view,0.0,63,M,Takoradi,3
962,2025-01-08 06:55:00,Beauty,purchase,321.35,43,F,Accra,9
313,2025-03-21 02:29:00,Clothing,view,0.0,69,O,Kumasi,0
882,2025-03-10 20:28:00,Beauty,view,0.0,55,F,Takoradi,4
382,2025-02-14 22:04:00,Clothing,view,0.0,58,M,Tamale,7
620,2025-01-04 22:05:00,Clothing,add_to_cart,0.0,54,F,Cape Coast,6
424,2025-04-06 08:36:00,Clothing,view,0.0,43,O,Kumasi,4
624,2025-04-30 02:41:00,Home,add_to_cart,0.0,40,F,Accra,3
96,2025-01-04 03:16:00,Electronics,view,0.0,42,O,Kumasi,9
416,2025-03-27 23:05:00,Home,purchase,206.1,57,O,Kumasi,9
880,2025-04-29 10:12:00,Home,add_to_cart,0.0,68,O,Takoradi,9
393,2025-03-01 11:22:00,Electronics,view,0.0,49,F,Takoradi,3
251,2025-04-15 08:22:00,Clothing,view,0.0,51,M,Kumasi,9
175,2025-03-10 14:51:00,Electronics,view,0.0,24,O,Kumasi,0
237,2025-04-30 15:46:00,Electronics,add_to_cart,0.0,36,F,Takoradi,7
490,2025-04-20 22:40:00,Electronics,view,0.0,29,O,Kumasi,5
116,2025-02-17 01:09:00,Home,view,0.0,52,M,Accra,6
597,2025-01-21 21:44:00,Electronics,view,0.0,62,O,Takoradi,1
576,2025-01-02 11:56:00,Clothing,purchase,114.71,29,F,Cape Coast,8
784,2025-04-23 18:17:00,Home,view,0.0,26,M,Takoradi,5
858,2025-01-16 05:56:00,Beauty,view,0.0,25,M,Cape Coast,1
239,2025-02-17 09:11:00,Beauty,view,0.0,61,F,Kumasi,6
999,2025-04-28 01:25:00,Home,view,0.0,35,F,Accra,7
591,2025-03-13 06:46:00,Beauty,view,0.0,51,F,Cape Coast,9
766,2025-02-12 16:16:00,Beauty,add_to_cart,0.0,25,O,Cape Coast,7
837,2025-03-31 15:35:00,Beauty,view,0.0,54,O,Tamale,7
175,2025-03-17 04:29:00,Clothing,view,0.0,24,O,Kumasi,0
180,2025-02-06 02:14:00,Beauty,view,0.0,59,O,Tamale,8
436,2025-01-19 12:41:00,Books,add_to_cart,0.0,63,F,Kumasi,3
27,2025-02-24 19:28:00,Beauty,add_to_cart,0.0,29,F,Takoradi,1
831,2025-02-05 01:21:00,Clothing,view,0.0,48,M,Accra,9
868,2025-01-30 12:18:00,Clothing,view,0.0,47,O,Kumasi,9
830,2025-04-28 03:21:00,Beauty,add_to_cart,0.0,22,F,Accra,8
932,2025-03-14 06:50:00,Home,view,0.0,20,M,Kumasi,8
116,2025-04-21 14:56:00,Beauty,view,0.0,52,M,Accra,6
388,2025-02-19 17:04:00,Beauty,view,0.0,48,O,Accra,3
587,2025-02-06 21:57:00,Beauty,view,0.0,46,F,Cape Coast,7
802,2025-03-18 09:08:00,Clothing,view,0.0,47,M,Takoradi,6
580,2025-01-19 09:29:00,Home,view,0.0,68,O,Tamale,2
189,2025-01-31 18:30:00,Books,add_to_cart,0.0,28,O,Takoradi,8
187,2025-04-26 09:01:00,Clothing,view,0.0,37,M,Kumasi,7
785,2025-04-06 15:15:00,Books,view,0.0,50,O,Tamale,6
88,2025-01-01 10:54:00,Books,add_to_cart,0.0,57,M,Kumasi,0
410,2025-04-21 17:11:00,Electronics,add_to_cart,0.0,19,M,Kumasi,1
348,2025-04-06 00:46:00,Beauty,add_to_cart,0.0,29,O,Tamale,8
711,2025-01-02 09:23:00,Beauty,view,0.0,56,M,Cape Coast,6
410,2025-03-16 07:49:00,Home,purchase,76.19,19,M,Kumasi,1
195,2025-04-16 16:53:00,Clothing,add_to_cart,0.0,44,M,Kumasi,2
898,2025-03-01 21:29:00,Beauty,view,0.0,47,O,Kumasi,1
793,2025-04-06 09:59:00,Clothing,view,0.0,52,F,Takoradi,8
845,2025-04-30 08:53:00,Clothing,view,0.0,63,F,Takoradi,8
246,2025-03-21 12:21:00,Electronics,add_to_cart,0.0,34,O,Accra,5
363,2025-01-27 08:15:00,Clothing,view,0.0,47,O,Cape Coast,1
601,2025-03-07 11:39:00,Electronics,view,0.0,42,O,Takoradi,6
201,2025-01-10 01:47:00,Beauty,view,0.0,23,F,Accra,4
578,2025-03-06 18:59:00,Beauty,view,0.0,63,F,Cape Coast,3
923,2025-01-02 13:01:00,Books,add_to_cart,0.0,33,F,Takoradi,1
613,2025-01-28 19:38:00,Books,view,0.0,35,F,Accra,2
846,2025-04-11 17:23:00,Clothing,purchase,209.23,18,M,Tamale,8
454,2025-02-05 12:35:00,Books,purchase,398.17,69,O,Accra,0
929,2025-02-14 03:19:00,Clothing,view,0.0,57,O,Cape Coast,2
663,2025-04-06 12:58:00,Home,purchase,169.65,59,F,Takoradi,0
755,2025-03-19 06:30:00,Beauty,view,0.0,32,O,Takoradi,5
599,2025-01-14 06:45:00,Beauty,purchase,235.73,46,O,Tamale,2
556,2025-04-08 04:44:00,Home,view,0.0,37,O,Tamale,7
616,2025-03-19 14:42:00,Electronics,view,0.0,49,F,Cape Coast,8
355,2025-01-17 18:45:00,Books,purchase,287.22,55,F,Kumasi,0
201,2025-01-29 05:24:00,Clothing,view,0.0,23,F,Accra,4
508,2025-04-01 07:54:00,Electronics,view,0.0,43,M,Accra,5
855,2025-04-06 10:38:00,Home,view,0.0,51,O,Kumasi,7
730,2025-01-16 02:19:00,Home,add_to_cart,0.0,45,O,Cape Coast,6
58,2025-02-22 14:00:00,Electronics,view,0.0,64,O,Kumasi,6
852,2025-03-11 07:28:00,Home,view,0.0,66,M,Accra,3
188,2025-02-04 04:26:00,Beauty,view,0.0,47,F,Takoradi,1
621,2025-01-20 08:38:00,Beauty,view,0.0,29,O,Accra,6
787,2025-04-12 12:42:00,Books,view,0.0,30,O,Tamale,8
441,2025-03-27 19:46:00,Books,add_to_cart,0.0,40,M,Takoradi,4
43,2025-03-24 07:51:00,Clothing,view,0.0,68,M,Tamale,4
627,2025-01-26 22:42:00,Books,view,0.0,58,O,Kumasi,3
20,2025-02-25 18:47:00,Home,view,0.0,41,O,Takoradi,3
991,2025-02-24 13:10:00,Clothing,view,0.0,24,F,Tamale,4
523,2025-02-07 01:42:00,Home,view,0.0,29,F,Accra,8
942,2025-04-26 05:48:00,Clothing,view,0.0,22,M,Takoradi,2
867,2025-04-14 07:58:00,Beauty,add_to_cart,0.0,22,F,Tamale,1
376,2025-01-07 10:38:00,Books,purchase,353.21,45,M,Accra,7
870,2025-04-20 11:42:00,Home,purchase,20.26,34,O,Kumasi,5
600,2025-03-21 12:24:00,Books,add_to_cart,0.0,53,M,Accra,7
953,2025-04-26 21:03:00,Home,purchase,341.29,43,F,Accra,3
634,2025-01-11 21:40:00,Books,view,0.0,39,F,Takoradi,5
540,2025-04-17 14:56:00,Clothing,add_to_cart,0.0,48,M,Cape Coast,5
541,2025-03-24 00:35:00,Home,view,0.0,27,M,Tamale,9
273,2025-03-08 15:45:00,Beauty,view,0.0,58,O,Cape Coast,4
79,2025-04-20 23:24:00,Home,view,0.0,27,F,Accra,4
507,2025-02-16 20:53:00,Beauty,view,0.0,29,M,Cape Coast,3
320,2025-03-28 09:06:00,Electronics,purchase,84.2,37,O,Takoradi,0
650,2025-02-26 06:47:00,Books,view,0.0,64,O,Accra,1
987,2025-02-21 00:00:00,Beauty,view,0.0,62,O,Takoradi,6
930,2025-01-04 16:03:00,Home,view,0.0,21,O,Kumasi,9
260,2025-01-01 06:29:00,Clothing,add_to_cart,0.0,33,F,Tamale,2
291,2025-01-08 23:18:00,Beauty,view,0.0,43,F,Cape Coast,2
635,2025-02-12 13:56:00,Clothing,view,0.0,30,M,Cape Coast,3
413,2025-01-16 02:46:00,Home,view,0.0,19,F,Takoradi,7
260,2025-02-06 16:38:00,Clothing,view,0.0,33,F,Tamale,2
489,2025-01-04 21:10:00,Clothing,view,0.0,26,M,Tamale,4
222,2025-02-05 17:25:00,Books,view,0.0,19,O,Kumasi,7
253,2025-01-01 22:25:00,Books,view,0.0,39,F,Tamale,2
44,2025-03-13 23:21:00,Home,view,0.0,24,M,Takoradi,3
607,2025-04-11 09:32:00,Clothing,add_to_cart,0.0,41,O,Takoradi,6
630,2025-04-04 06:08:00,Books,view,0.0,66,M,Accra,1
541,2025-02-02 10:52:00,Clothing,view,0.0,27,M,Tamale,9
885,2025-02-13 21:17:00,Home,view,0.0,67,F,Accra,2
722,2025-04-18 05:36:00,Clothing,view,0.0,37,F,Cape Coast,5
955,2025-04-05 10:03:00,Home,view,0.0,51,F,Cape Coast,4
881,2025-04-08 23:21:00,Clothing,add_to_cart,0.0,56,O,Kumasi,8
134,2025-02-11 22:56:00,Books,view,0.0,61,O,Accra,1
144,2025-04-05 13:38:00,Beauty,view,0.0,20,M,Accra,7
179,2025-04-29 16:08:00,Clothing,view,0.0,19,F,Tamale,3
416,2025-03-10 22:04:00,Clothing,view,0.0,57,O,Kumasi,9
443,2025-03-15 06:57:00,Books,view,0.0,45,O,Cape Coast,0
387,2025-03-24 09:27:00,Books,view,0.0,63,O,Cape Coast,6
518,2025-01-12 14:37:00,Books,purchase,442.95,66,O,Cape Coast,1
520,2025-04-29 19:46:00,Beauty,view,0.0,63,F,Cape Coast,3
451,2025-02-14 07:22:00,Books,purchase,108.9,39,M,Cape Coast,1
334,2025-03-18 20:56:00,Clothing,view,0.0,53,O,Tamale,5
408,2025-04-23 04:43:00,Electronics,view,0.0,39,M,Accra,3
208,2025-04-20 07:55:00,Electronics,view,0.0,59,F,Kumasi,2
12,2025-03-30 16:59:00,Clothing,add_to_cart,0.0,28,F,Tamale,2
846,2025-02-10 03:56:00,Home,view,0.0,18,M,Tamale,8
965,2025-02-12 17:12:00,Home,view,0.0,64,M,Accra,6
658,2025-02-28 18:55:00,Home,add_to_cart,0.0,53,F,Takoradi,8
137,2025-04-14 19:27:00,Electronics,view,0.0,44,M,Takoradi,5
249,2025-04-08 15:02:00,Clothing,view,0.0,22,O,Accra,0
976,2025-01-24 15:38:00,Books,view,0.0,69,M,Takoradi,8
537,2025-01-20 21:17:00,Clothing,view,0.0,53,M,Takoradi,5
813,2025-04-24 14:11:00,Books,view,0.0,38,M,Takoradi,6
761,2025-02-24 10:18:00,Home,view,0.0,28,F,Kumasi,2
538,2025-04-20 13:53:00,Books,view,0.0,51,M,Tamale,5
233,2025-03-06 18:42:00,Home,view,0.0,54,F,Tamale,5
439,2025-04-02 00:18:00,Beauty,add_to_cart,0.0,29,F,Accra,3
253,2025-02-18 04:25:00,Home,view,0.0,39,F,Tamale,2
483,2025-02-09 15:37:00,Books,view,0.0,36,O,Kumasi,5
310,2025-01-22 15:27:00,Home,view,0.0,41,M,Kumasi,1
558,2025-03-13 11:54:00,Books,view,0.0,29,O,Accra,6
85,2025-01-25 08:00:00,Home,view,0.0,25,F,Kumasi,4
939,2025-04-17 22:31:00,Books,view,0.0,68,F,Tamale,8
855,2025-03-20 00:20:00,Electronics,view,0.0,51,O,Kumasi,7
859,2025-02-14 11:17:00,Home,add_to_cart,0.0,56,F,Tamale,5
435,2025-02-11 06:49:00,Beauty,view,0.0,25,M,Accra,0
347,2025-01-09 20:44:00,Electronics,add_to_cart,0.0,65,F,Kumasi,0
90,2025-02-09 15:44:00,Books,view,0.0,33,M,Tamale,2
660,2025-04-11 21:52:00,Beauty,view,0.0,33,M,Kumasi,4
937,2025-03-07 17:40:00,Home,view,0.0,49,O,Accra,2
550,2025-01-06 12:10:00,Clothing,purchase,95.46,33,F,Tamale,2
355,2025-04-07 23:18:00,Clothing,add_to_cart,0.0,55,F,Kumasi,0
884,2025-03-29 12:34:00,Electronics,view,0.0,55,F,Tamale,1
429,2025-02-18 10:33:00,Electronics,view,0.0,30,M,Takoradi,2
221,2025-01-19 22:18:00,Electronics,add_to_cart,0.0,56,O,Takoradi,5
499,2025-03-14 00:41:00,Home,view,0.0,62,F,Tamale,0
848,2025-04-18 07:54:00,Clothing,view,0.0,62,O,Tamale,9
893,2025-02-14 05:20:00,Clothing,view,0.0,69,O,Takoradi,3
873,2025-02-17 10:38:00,Clothing,add_to_cart,0.0,40,O,Cape Coast,0
756,2025-01-18 23:51:00,Books,add_to_cart,0.0,48,M,Cape Coast,0
15,2025-01-04 07:08:00,Books,add_to_cart,0.0,57,M,Tamale,7
388,2025-03-22 15:14:00,Home,view,0.0,48,O,Accra,3
69,2025-04-29 04:19:00,Clothing,add_to_cart,0.0,21,F,Takoradi,2
605,2025-01-13 03:41:00,Books,add_to_cart,0.0,54,M,Cape Coast,6
95,2025-04-15 07:02:00,Electronics,view,0.0,43,F,Cape Coast,1
267,2025-04-09 04:41:00,Books,view,0.0,20,F,Accra,7
653,2025-01-12 04:09:00,Beauty,add_to_cart,0.0,52,F,Cape Coast,0
308,2025-03-12 01:53:00,Beauty,view,0.0,20,F,Takoradi,3
808,2025-03-05 06:20:00,Books,view,0.0,35,O,Cape Coast,7
179,2025-03-10 22:30:00,Electronics,view,0.0,19,F,Tamale,3
788,2025-04-18 22:16:00,Books,view,0.0,45,F,Cape Coast,0
13,2025-04-13 09:54:00,Home,view,0.0,41,F,Cape Coast,4
594,2025-03-16 21:19:00,Books,view,0.0,24,F,Kumasi,1
827,2025-03-01 18:46:00,Electronics,view,0.0,23,M,Tamale,9
217,2025-04-18 22:34:00,Electronics,view,0.0,66,M,Cape Coast,8
612,2025-01-07 18:48:00,Electronics,purchase,141.03,53,O,Tamale,4
691,2025-03-13 17:27:00,Beauty,view,0.0,46,M,Takoradi,7
273,2025-03-04 12:12:00,Home,add_to_cart,0.0,58,O,Cape Coast,4
548,2025-01-25 05:23:00,Clothing,purchase,344.44,33,O,Cape Coast,7
921,2025-02-24 16:45:00,Home,view,0.0,64,F,Kumasi,9
115,2025-04-08 02:10:00,Books,view,0.0,52,M,Tamale,7
602,2025-02-17 20:53:00,Home,add_to_cart,0.0,38,F,Tamale,7
788,2025-04-22 21:58:00,Electronics,purchase,302.94,45,F,Cape Coast,0
200,2025-02-25 21:03:00,Home,add_to_cart,0.0,56,F,Kumasi,3
758,2025-04-19 07:06:00,Home,purchase,116.68,20,O,Accra,9
967,2025-02-13 22:40:00,Home,add_to_cart,0.0,60,F,Cape Coast,8
885,2025-02-02 17:35:00,Books,view,0.0,67,F,Accra,2
383,2025-03-22 02:47:00,Books,purchase,466.92,54,F,Cape Coast,6
687,2025-03-03 02:51:00,Books,purchase,79.58,67,M,Kumasi,4
892,2025-01-24 19:22:00,Clothing,view,0.0,51,M,Accra,5
718,2025-04-24 14:14:00,Home,view,0.0,62,M,Accra,8
804,2025-04-29 07:14:00,Home,view,0.0,62,F,Cape Coast,7
973,2025-04-15 01:23:00,Books,view,0.0,25,F,Kumasi,5
222,2025-04-26 16:12:00,Electronics,view,0.0,19,O,Kumasi,7
79,2025-04-18 13:56:00,Books,view,0.0,27,F,Accra,4
502,2025-03-12 22:30:00,Books,view,0.0,56,M,Kumasi,9
14,2025-01-08 21:01:00,Electronics,view,0.0,53,F,Tamale,2
601,2025-02-25 19:20:00,Books,add_to_cart,0.0,42,O,Takoradi,6
291,2025-04-11 15:49:00,Clothing,view,0.0,43,F,Cape Coast,2
939,2025-01-17 15:57:00,Clothing,purchase,333.79,68,F,Tamale,8
862,2025-01-06 16:38:00,Electronics,view,0.0,20,F,Accra,4
660,2025-03-05 15:50:00,Electronics,view,0.0,33,M,Kumasi,4
713,2025-03-10 09:56:00,Clothing,view,0.0,27,F,Tamale,1
612,2025-03-27 21:21:00,Clothing,view,0.0,53,O,Tamale,4
422,2025-04-20 00:17:00,Electronics,view,0.0,46,O,Kumasi,4
513,2025-03-29 03:03:00,Books,view,0.0,46,O,Tamale,2
683,2025-02-28 00:27:00,Clothing,view,0.0,30,F,Accra,7
228,2025-03-01 05:15:00,Clothing,view,0.0,66,M,Cape Coast,2
874,2025-03-29 23:48:00,Books,view,0.0,32,M,Cape Coast,1
694,2025-03-18 16:36:00,Home,view,0.0,36,O,Cape Coast,8
426,2025-03-22 14:17:00,Home,view,0.0,67,M,Tamale,4
866,2025-02-27 03:02:00,Clothing,purchase,379.74,61,F,Cape Coast,5
470,2025-03-06 03:45:00,Electronics,add_to_cart,0.0,69,F,Accra,5
363,2025-01-29 20:25:00,Electronics,view,0.0,47,O,Cape Coast,1
844,2025-02-11 18:55:00,Home,view,0.0,26,O,Takoradi,5
532,2025-03-29 05:07:00,Electronics,purchase,77.14,47,O,Cape Coast,5
384,2025-02-16 06:18:00,Electronics,view,0.0,41,M,Kumasi,1
611,2025-03-03 21:10:00,Beauty,add_to_cart,0.0,65,F,Kumasi,4
499,2025-02-10 09:33:00,Electronics,purchase,39.51,62,F,Tamale,0
759,2025-01-17 05:13:00,Electronics,add_to_cart,0.0,33,M,Takoradi,2
440,2025-01-22 02:55:00,Home,view,0.0,68,O,Takoradi,4
482,2025-02-04 17:00:00,Beauty,add_to_cart,0.0,34,M,Takoradi,3
710,2025-02-06 00:50:00,Electronics,view,0.0,61,O,Takoradi,8
949,2025-01-16 11:58:00,Books,view,0.0,18,F,Takoradi,6
538,2025-03-21 00:35:00,Clothing,view,0.0,51,M,Tamale,5
273,2025-02-28 22:06:00,Beauty,view,0.0,58,O,Cape Coast,4
108,2025-03-20 01:45:00,Books,view,0.0,61,F,Accra,7
590,2025-01-16 06:31:00,Home,add_to_cart,0.0,43,O,Kumasi,1
434,2025-03-22 04:11:00,Electronics,view,0.0,18,F,Cape Coast,8
438,2025-04-21 20:57:00,Home,view,0.0,31,O,Takoradi,5
45,2025-04-07 22:22:00,Clothing,view,0.0,38,F,Cape Coast,5
847,2025-02-13 00:14:00,Beauty,view,0.0,68,F,Takoradi,1
704,2025-04-01 04:01:00,Clothing,view,0.0,62,O,Tamale,5
599,2025-02-07 22:15:00,Books,view,0.0,46,O,Tamale,2
79,2025-03-08 22:28:00,Clothing,view,0.0,27,F,Accra,4
681,2025-01-23 06:02:00,Clothing,view,0.0,24,M,Takoradi,0
594,2025-02-12 06:40:00,Electronics,view,0.0,24,F,Kumasi,1
180,2025-04-06 05:38:00,Clothing,view,0.0,59,O,Tamale,8
226,2025-01-30 03:20:00,Beauty,view,0.0,66,O,Accra,3
74,2025-04-25 14:41:00,Home,view,0.0,46,F,Takoradi,5
56,2025-03-21 08:31:00,Home,add_to_cart,0.0,37,O,Tamale,5
832,2025-04-20 17:57:00,Clothing,view,0.0,22,F,Kumasi,8
114,2025-03-12 12:14:00,Electronics,view,0.0,25,M,Accra,0
790,2025-03-04 00:10:00,Clothing,add_to_cart,0.0,46,M,Takoradi,9
176,2025-02-12 20:37:00,Electronics,view,0.0,68,O,Takoradi,8
424,2025-04-20 23:32:00,Electronics,view,0.0,43,O,Kumasi,4
825,2025-01-02 23:08:00,Beauty,purchase,89.23,38,F,Cape Coast,8
368,2025-04-04 07:57:00,Home,view,0.0,22,F,Accra,4
914,2025-02-24 23:09:00,Books,add_to_cart,0.0,19,O,Tamale,4
554,2025-04-22 19:36:00,Books,view,0.0,49,F,Accra,9
73,2025-01-14 16:28:00,Beauty,purchase,371.58,21,O,Takoradi,1
888,2025-02-16 10:43:00,Electronics,view,0.0,47,M,Accra,5
155,2025-01-15 04:54:00,Home,view,0.0,59,M,Tamale,5
538,2025-03-30 13:27:00,Electronics,view,0.0,51,M,Tamale,5
693,2025-01-03 01:32:00,Clothing,view,0.0,55,M,Kumasi,3
929,2025-03-17 16:55:00,Home,view,0.0,57,O,Cape Coast,2
567,2025-01-26 02:07:00,Beauty,add_to_cart,0.0,20,O,Takoradi,7
630,2025-01-07 13:45:00,Beauty,add_to_cart,0.0,66,M,Accra,1
189,2025-02-23 00:48:00,Electronics,view,0.0,28,O,Takoradi,8
464,2025-01-16 07:28:00,Beauty,view,0.0,22,F,Kumasi,3
148,2025-03-21 06:40:00,Home,view,0.0,31,O,Takoradi,0
334,2025-03-12 00:25:00,Electronics,view,0.0,53,O,Tamale,5
575,2025-03-08 19:03:00,Books,view,0.0,30,F,Takoradi,6
514,2025-01-14 11:29:00,Electronics,add_to_cart,0.0,31,O,Tamale,1
556,2025-02-02 12:13:00,Clothing,view,0.0,37,O,Tamale,7
661,2025-01-28 15:35:00,Clothing,view,0.0,56,O,Takoradi,8
87,2025-03-20 12:22:00,Electronics,add_to_cart,0.0,40,M,Takoradi,9
380,2025-01-02 19:19:00,Home,purchase,251.26,23,O,Accra,3
808,2025-03-07 03:13:00,Home,view,0.0,35,O,Cape Coast,7
509,2025-04-20 05:12:00,Beauty,view,0.0,33,O,Takoradi,0
524,2025-02-21 21:29:00,Books,view,0.0,33,O,Takoradi,7
71,2025-04-06 15:18:00,Beauty,add_to_cart,0.0,23,F,Takoradi,3
619,2025-04-11 15:06:00,Home,view,0.0,49,M,Kumasi,0
143,2025-03-05 02:57:00,Books,add_to_cart,0.0,31,O,Takoradi,4
293,2025-01-09 14:02:00,Books,view,0.0,69,F,Accra,7
154,2025-01-21 07:20:00,Electronics,view,0.0,43,F,Takoradi,6
840,2025-04-16 23:34:00,Clothing,purchase,268.52,36,O,Takoradi,0
238,2025-02-03 08:09:00,Clothing,view,0.0,19,O,Tamale,1
963,2025-03-03 18:00:00,Beauty,view,0.0,64,O,Kumasi,3
938,2025-01-13 01:41:00,Books,view,0.0,67,F,Tamale,0
132,2025-03-23 04:18:00,Clothing,view,0.0,54,F,Kumasi,8
330,2025-04-08 05:07:00,Books,view,0.0,19,M,Accra,2
447,2025-02-26 11:08:00,Clothing,view,0.0,40,F,Takoradi,6
651,2025-02-22 03:09:00,Books,add_to_cart,0.0,33,O,Tamale,5
8,2025-02-05 09:11:00,Books,view,0.0,56,O,Kumasi,3
438,2025-04-24 20:21:00,Books,view,0.0,31,O,Takoradi,5
478,2025-02-08 19:23:00,Electronics,view,0.0,67,F,Tamale,7
422,2025-02-07 21:43:00,Beauty,add_to_cart,0.0,46,O,Kumasi,4
446,2025-01-06 16:50:00,Clothing,view,0.0,49,M,Cape Coast,4
563,2025-01-10 23:07:00,Books,view,0.0,68,F,Takoradi,4
853,2025-02-26 06:23:00,Electronics,view,0.0,57,F,Takoradi,3
952,2025-04-02 19:31:00,Beauty,view,0.0,29,M,Accra,1
283,2025-03-15 13:56:00,Beauty,view,0.0,67,F,Tamale,0
746,2025-01-26 10:22:00,Clothing,view,0.0,53,O,Tamale,5
232,2025-03-28 06:39:00,Electronics,add_to_cart,0.0,40,F,Accra,3
530,2025-02-16 00:36:00,Clothing,view,0.0,53,O,Takoradi,7
435,2025-04-24 21:17:00,Books,add_to_cart,0.0,25,M,Accra,0
309,2025-01-10 22:51:00,Electronics,purchase,485.34,37,M,Tamale,1
164,2025-02-02 14:12:00,Electronics,view,0.0,47,O,Cape Coast,6
915,2025-03-23 04:29:00,Home,view,0.0,30,M,Accra,9
251,2025-02-23 15:00:00,Beauty,purchase,37.55,51,M,Kumasi,9
904,2025-01-18 15:04:00,Clothing,view,0.0,21,O,Accra,3
13,2025-03-24 02:25:00,Home,view,0.0,41,F,Cape Coast,4
255,2025-03-17 01:10:00,Beauty,purchase,194.72,65,F,Cape Coast,0
982,2025-03-17 01:36:00,Clothing,add_to_cart,0.0,45,O,Accra,2
204,2025-01-16 22:39:00,Beauty,add_to_cart,0.0,26,M,Kumasi,4
783,2025-04-11 12:04:00,Home,add_to_cart,0.0,34,F,Accra,4
845,2025-02-10 20:45:00,Clothing,add_to_cart,0.0,63,F,Takoradi,8
760,2025-01-07 07:27:00,Home,view,0.0,40,F,Tamale,8
752,2025-04-10 20:05:00,Electronics,view,0.0,58,O,Kumasi,5
620,2025-01-26 04:22:00,Books,view,0.0,54,F,Cape Coast,6
237,2025-04-19 16:26:00,Books,view,0.0,36,F,Takoradi,7
144,2025-04-04 03:39:00,Books,view,0.0,20,M,Accra,7
300,2025-01-12 04:47:00,Electronics,view,0.0,54,M,Tamale,6
524,2025-03-10 21:51:00,Beauty,add_to_cart,0.0,33,O,Takoradi,7
197,2025-04-08 13:33:00,Books,view,0.0,30,O,Accra,4
365,2025-04-22 13:10:00,Clothing,view,0.0,45,F,Tamale,2
181,2025-02-02 06:55:00,Electronics,add_to_cart,0.0,62,O,Kumasi,4
768,2025-02-20 09:42:00,Electronics,view,0.0,29,F,Tamale,3
399,2025-01-05 18:53:00,Home,view,0.0,59,F,Accra,0
4,2025-04-05 17:15:00,Beauty,purchase,194.83,32,M,Kumasi,3
420,2025-04-11 02:08:00,Books,add_to_cart,0.0,65,O,Kumasi,1
939,2025-02-04 22:33:00,Electronics,view,0.0,68,F,Tamale,8
861,2025-02-10 12:49:00,Beauty,view,0.0,51,M,Cape Coast,9
588,2025-04-26 04:33:00,Clothing,view,0.0,43,O,Cape Coast,0
864,2025-03-31 16:47:00,Home,view,0.0,29,O,Cape Coast,5
931,2025-02-15 09:53:00,Clothing,view,0.0,42,F,Cape Coast,3
294,2025-01-23 21:03:00,Electronics,view,0.0,66,F,Takoradi,2
836,2025-03-12 22:01:00,Electronics,view,0.0,54,M,Takoradi,7
247,2025-04-05 14:30:00,Home,view,0.0,55,M,Accra,8
951,2025-03-29 16:59:00,Clothing,view,0.0,58,O,Accra,0
367,2025-03-18 14:26:00,Beauty,purchase,154.52,50,F,Kumasi,8
926,2025-02-05 02:21:00,Electronics,view,0.0,33,M,Kumasi,5
754,2025-04-29 16:11:00,Books,view,0.0,31,O,Accra,1
863,2025-02-13 22:53:00,Books,view,0.0,67,F,Tamale,4
151,2025-01-28 15:36:00,Books,view,0.0,26,F,Accra,7
37,2025-03-18 18:29:00,Books,view,0.0,64,O,Takoradi,5
62,2025-02-05 03:19:00,Beauty,purchase,108.69,64,M,Cape Coast,0
761,2025-02-13 20:03:00,Home,purchase,178.08,28,F,Kumasi,2
778,2025-04-06 09:40:00,Books,view,0.0,45,M,Takoradi,5
890,2025-01-10 09:37:00,Home,purchase,34.59,44,O,Takoradi,1
392,2025-03-06 16:38:00,Books,add_to_cart,0.0,38,O,Tamale,0
49,2025-01-09 16:04:00,Clothing,view,0.0,21,O,Takoradi,6
479,2025-02-21 07:37:00,Home,view,0.0,59,F,Tamale,4
484,2025-02-19 00:12:00,Electronics,view,0.0,45,F,Takoradi,2
555,2025-02-18 03:57:00,Beauty,view,0.0,44,F,Takoradi,0
262,2025-02-26 00:06:00,Clothing,view,0.0,20,O,Kumasi,7
92,2025-03-21 23:45:00,Beauty,view,0.0,35,F,Cape Coast,1
694,2025-01-25 04:55:00,Books,view,0.0,36,O,Cape Coast,8
710,2025-02-26 18:32:00,Electronics,view,0.0,61,O,Takoradi,8
426,2025-01-21 02:40:00,Home,add_to_cart,0.0,67,M,Tamale,4
237,2025-04-12 12:54:00,Beauty,view,0.0,36,F,Takoradi,7
109,2025-04-08 20:55:00,Home,view,0.0,25,M,Takoradi,7
497,2025-03-28 08:16:00,Books,add_to_cart,0.0,42,F,Tamale,9
211,2025-04-30 06:53:00,Clothing,purchase,273.39,32,O,Tamale,7
17,2025-01-27 14:01:00,Beauty,add_to_cart,0.0,20,M,Accra,7
837,2025-02-08 17:52:00,Home,view,0.0,54,O,Tamale,7
551,2025-02-05 07:44:00,Beauty,purchase,428.13,19,M,Accra,2
204,2025-03-09 23:28:00,Electronics,view,0.0,26,M,Kumasi,4
664,2025-01-14 04:17:00,Clothing,purchase,309.56,56,F,Tamale,2
529,2025-01-30 23:10:00,Home,view,0.0,56,F,Cape Coast,0
641,2025-03-20 08:14:00,Beauty,view,0.0,36,O,Accra,1
419,2025-03-27 18:44:00,Beauty,add_to_cart,0.0,60,F,Cape Coast,2
725,2025-02-18 12:00:00,Clothing,view,0.0,58,F,Takoradi,6
827,2025-04-06 06:59:00,Clothing,add_to_cart,0.0,23,M,Tamale,9
928,2025-01-27 17:58:00,Electronics,view,0.0,21,F,Accra,8
428,2025-03-13 21:30:00,Clothing,view,0.0,41,F,Takoradi,4
402,2025-02-07 08:58:00,Electronics,view,0.0,57,F,Accra,7
255,2025-02-20 02:17:00,Books,view,0.0,65,F,Cape Coast,0
158,2025-01-04 06:19:00,Electronics,add_to_cart,0.0,49,F,Kumasi,2
194,2025-04-17 13:21:00,Beauty,view,0.0,18,M,Takoradi,0
311,2025-03-09 14:23:00,Electronics,view,0.0,50,M,Takoradi,1
697,2025-04-05 11:41:00,Books,add_to_cart,0.0,62,O,Kumasi,3
810,2025-04-12 11:38:00,Clothing,add_to_cart,0.0,64,O,Cape Coast,8
463,2025-04-04 11:57:00,Electronics,view,0.0,61,O,Cape Coast,1
318,2025-02-10 18:59:00,Home,view,0.0,55,M,Accra,7
119,2025-02-03 05:49:00,Books,add_to_cart,0.0,59,F,Kumasi,3
894,2025-02-03 11:14:00,Clothing,view,0.0,55,O,Accra,2
416,2025-03-08 02:21:00,Clothing,view,0.0,57,O,Kumasi,9
509,2025-03-17 15:16:00,Books,view,0.0,33,O,Takoradi,0
4,2025-01-10 06:23:00,Electronics,view,0.0,32,M,Kumasi,3
723,2025-03-10 09:08:00,Home,view,0.0,45,M,Cape Coast,0
277,2025-01-24 05:03:00,Home,view,0.0,35,O,Takoradi,8
324,2025-04-11 07:47:00,Home,view,0.0,52,F,Kumasi,8
620,2025-03-30 07:12:00,Beauty,add_to_cart,0.0,54,F,Cape Coast,6
141,2025-01-27 05:16:00,Beauty,view,0.0,54,F,Accra,5
355,2025-03-22 08:01:00,Electronics,add_to_cart,0.0,55,F,Kumasi,0
66,2025-02-21 10:58:00,Clothing,view,0.0,53,O,Cape Coast,1
107,2025-02-24 02:34:00,Beauty,view,0.0,18,F,Cape Coast,2
728,2025-03-10 19:38:00,Books,view,0.0,20,M,Accra,7
693,2025-04-19 11:12:00,Clothing,view,0.0,55,M,Kumasi,3
40,2025-04-28 15:44:00,Home,view,0.0,69,F,Cape Coast,6
517,2025-03-31 10:06:00,Books,view,0.0,64,O,Cape Coast,4
874,2025-04-26 01:02:00,Home,view,0.0,32,M,Cape Coast,1
66,2025-03-11 08:31:00,Beauty,view,0.0,53,O,Cape Coast,1
946,2025-03-21 11:06:00,Electronics,view,0.0,39,F,Accra,2
326,2025-01-23 13:05:00,Clothing,add_to_cart,0.0,46,O,Kumasi,1
852,2025-03-30 14:59:00,Electronics,add_to_cart,0.0,66,M,Accra,3
677,2025-02-18 19:32:00,Clothing,view,0.0,27,F,Kumasi,0
999,2025-01-18 05:53:00,Books,add_to_cart,0.0,35,F,Accra,7
755,2025-04-05 09:14:00,Clothing,view,0.0,32,O,Takoradi,5
300,2025-03-23 22:32:00,Home,view,0.0,54,M,Tamale,6
514,2025-04-04 12:40:00,Home,purchase,223.48,31,O,Tamale,1
743,2025-02-14 19:23:00,Books,view,0.0,38,F,Cape Coast,8
314,2025-04-19 06:41:00,Books,view,0.0,28,O,Accra,3
453,2025-03-28 01:52:00,Clothing,view,0.0,66,F,Kumasi,9
147,2025-01-09 21:57:00,Home,view,0.0,43,O,Cape Coast,3
894,2025-01-03 23:28:00,Beauty,view,0.0,55,O,Accra,2
870,2025-02-27 10:26:00,Electronics,add_to_cart,0.0,34,O,Kumasi,5
735,2025-04-12 13:01:00,Home,view,0.0,23,F,Cape Coast,4
111,2025-03-23 00:34:00,Home,view,0.0,28,M,Accra,5
615,2025-01-01 10:37:00,Beauty,view,0.0,56,M,Takoradi,2
51,2025-01-02 17:43:00,Books,view,0.0,31,O,Kumasi,6
581,2025-01-09 01:33:00,Beauty,add_to_cart,0.0,67,O,Cape Coast,7
415,2025-01-10 17:11:00,Beauty,view,0.0,34,M,Cape Coast,3
49,2025-04-21 05:47:00,Electronics,purchase,334.29,21,O,Takoradi,6
218,2025-03-02 20:44:00,Clothing,add_to_cart,0.0,66,O,Cape Coast,2
236,2025-01-26 07:04:00,Home,view,0.0,18,F,Cape Coast,1
656,2025-02-06 02:51:00,Books,view,0.0,69,M,Accra,1
311,2025-04-17 20:01:00,Home,add_to_cart,0.0,50,M,Takoradi,1
698,2025-03-03 05:45:00,Electronics,add_to_cart,0.0,18,F,Tamale,2
776,2025-04-07 20:06:00,Books,view,0.0,67,M,Kumasi,7
959,2025-03-26 23:19:00,Clothing,view,0.0,62,F,Tamale,1
498,2025-04-03 15:08:00,Clothing,add_to_cart,0.0,57,F,Kumasi,5
502,2025-03-21 03:19:00,Books,view,0.0,56,M,Kumasi,9
342,2025-03-12 22:40:00,Books,view,0.0,25,M,Kumasi,1
412,2025-02-17 05:30:00,Books,view,0.0,59,M,Cape Coast,7
73,2025-04-01 23:12:00,Clothing,view,0.0,21,O,Takoradi,1
817,2025-02-12 07:22:00,Books,view,0.0,44,F,Takoradi,7
647,2025-02-11 03:40:00,Home,view,0.0,48,M,Accra,0
834,2025-01-25 08:52:00,Home,purchase,317.89,20,M,Accra,2
948,2025-01-25 21:02:00,Books,view,0.0,23,M,Cape Coast,0
565,2025-03-07 17:22:00,Clothing,view,0.0,54,O,Cape Coast,4
805,2025-01-20 06:23:00,Beauty,view,0.0,22,O,Takoradi,7
209,2025-01-01 20:51:00,Books,view,0.0,61,F,Accra,0
495,2025-01-03 13:54:00,Home,view,0.0,49,M,Tamale,3
960,2025-04-18 12:25:00,Books,view,0.0,44,M,Accra,0
511,2025-03-15 02:23:00,Beauty,view,0.0,54,M,Cape Coast,6
1000,2025-01-16 16:50:00,Electronics,view,0.0,55,M,Tamale,8
705,2025-03-20 18:03:00,Home,purchase,91.06,21,O,Takoradi,6
75,2025-03-23 01:38:00,Electronics,view,0.0,35,M,Takoradi,2
215,2025-03-12 06:02:00,Beauty,view,0.0,58,M,Accra,7
538,2025-02-02 04:47:00,Clothing,purchase,92.69,51,M,Tamale,5
644,2025-01-20 17:52:00,Beauty,view,0.0,24,F,Tamale,8
333,2025-01-01 23:34:00,Beauty,view,0.0,58,O,Kumasi,2
729,2025-03-21 18:00:00,Books,view,0.0,30,M,Takoradi,7
534,2025-03-29 10:44:00,Beauty,add_to_cart,0.0,40,M,Cape Coast,4
356,2025-02-05 03:35:00,Beauty,add_to_cart,0.0,62,F,Accra,8
434,2025-03-21 08:17:00,Clothing,view,0.0,18,F,Cape Coast,8
384,2025-02-13 06:46:00,Books,view,0.0,41,M,Kumasi,1
597,2025-01-17 15:59:00,Home,add_to_cart,0.0,62,O,Takoradi,1
974,2025-02-18 04:01:00,Beauty,view,0.0,66,O,Tamale,1
910,2025-02-28 00:34:00,Clothing,view,0.0,41,O,Tamale,1
495,2025-02-20 19:01:00,Home,view,0.0,49,M,Tamale,3
123,2025-04-11 17:15:00,Beauty,view,0.0,24,O,Accra,4
391,2025-01-14 22:11:00,Home,view,0.0,69,F,Takoradi,0
506,2025-04-16 09:42:00,Electronics,purchase,127.27,20,F,Accra,9
433,2025-02-02 03:35:00,Clothing,view,0.0,37,F,Cape Coast,1
697,2025-01-29 17:13:00,Electronics,view,0.0,62,O,Kumasi,3
632,2025-02-11 14:28:00,Beauty,view,0.0,65,M,Kumasi,4
441,2025-02-18 11:38:00,Home,view,0.0,40,M,Takoradi,4
626,2025-03-03 09:37:00,Books,view,0.0,52,O,Accra,5
954,2025-01-20 15:24:00,Electronics,view,0.0,63,M,Cape Coast,3
708,2025-04-29 13:32:00,Beauty,view,0.0,48,F,Kumasi,1
520,2025-02-13 01:43:00,Books,view,0.0,63,F,Cape Coast,3
927,2025-02-14 08:41:00,Electronics,view,0.0,25,M,Takoradi,4
542,2025-04-24 11:28:00,Home,view,0.0,36,M,Kumasi,9
253,2025-01-30 08:25:00,Clothing,purchase,318.54,39,F,Tamale,2
537,2025-02-20 12:38:00,Beauty,view,0.0,53,M,Takoradi,5
471,2025-01-09 01:53:00,Electronics,view,0.0,47,M,Accra,8
31,2025-04-18 14:01:00,Clothing,view,0.0,66,F,Accra,1
581,2025-02-27 09:43:00,Clothing,add_to_cart,0.0,67,O,Cape Coast,7
683,2025-03-30 01:36:00,Home,purchase,242.52,30,F,Accra,7
126,2025-01-24 20:05:00,Home,view,0.0,29,F,Cape Coast,4
817,2025-02-11 11:48:00,Beauty,view,0.0,44,F,Takoradi,7
871,2025-04-08 17:20:00,Beauty,view,0.0,65,O,Tamale,7
558,2025-02-13 21:52:00,Home,view,0.0,29,O,Accra,6
491,2025-01-30 07:33:00,Electronics,purchase,104.25,18,F,Tamale,6
488,2025-01-25 18:04:00,Home,add_to_cart,0.0,40,M,Cape Coast,5
328,2025-03-24 22:26:00,Clothing,view,0.0,63,M,Takoradi,9
83,2025-02-19 09:28:00,Beauty,add_to_cart,0.0,65,F,Kumasi,2
979,2025-04-11 18:32:00,Clothing,view,0.0,39,M,Kumasi,7
72,2025-01-05 09:27:00,Books,add_to_cart,0.0,59,F,Takoradi,5
282,2025-01-05 21:14:00,Books,view,0.0,42,M,Takoradi,8
619,2025-01-23 00:42:00,Clothing,view,0.0,49,M,Kumasi,0
798,2025-01-26 15:12:00,Electronics,view,0.0,64,M,Cape Coast,2
961,2025-04-23 05:01:00,Electronics,add_to_cart,0.0,26,M,Accra,9
50,2025-02-07 09:23:00,Clothing,view,0.0,42,F,Kumasi,0
72,2025-04-02 09:16:00,Books,view,0.0,59,F,Takoradi,5
974,2025-01-22 21:05:00,Clothing,view,0.0,66,O,Tamale,1
99,2025-01-14 21:50:00,Clothing,purchase,234.77,46,O,Tamale,5
394,2025-04-27 22:58:00,Electronics,view,0.0,40,F,Kumasi,2
898,2025-01-25 12:33:00,Home,purchase,71.36,47,O,Kumasi,1
131,2025-04-16 23:58:00,Electronics,add_to_cart,0.0,41,M,Cape Coast,6
210,2025-04-13 08:51:00,Beauty,view,0.0,41,M,Takoradi,1
651,2025-04-04 03:04:00,Electronics,view,0.0,33,O,Tamale,5
575,2025-01-29 17:11:00,Books,view,0.0,30,F,Takoradi,6
293,2025-02-14 15:47:00,Home,view,0.0,69,F,Accra,7
139,2025-04-29 13:28:00,Home,view,0.0,18,M,Takoradi,1
655,2025-03-01 09:40:00,Home,view,0.0,42,F,Tamale,7
945,2025-03-05 18:01:00,Clothing,view,0.0,59,O,Accra,4
883,2025-04-14 02:57:00,Electronics,view,0.0,51,O,Kumasi,8
437,2025-03-08 21:25:00,Clothing,view,0.0,33,F,Accra,0
599,2025-01-21 00:20:00,Home,purchase,209.17,46,O,Tamale,2
556,2025-04-10 12:16:00,Home,view,0.0,37,O,Tamale,7
756,2025-01-03 11:38:00,Beauty,view,0.0,48,M,Cape Coast,0
302,2025-03-27 22:29:00,Books,view,0.0,26,O,Cape Coast,4
267,2025-03-10 02:26:00,Electronics,view,0.0,20,F,Accra,7
927,2025-02-02 06:29:00,Books,purchase,272.87,25,M,Takoradi,4
523,2025-03-28 01:39:00,Electronics,view,0.0,29,F,Accra,8
2,2025-04-13 04:20:00,Clothing,view,0.0,69,O,Takoradi,0
941,2025-03-26 19:37:00,Beauty,view,0.0,38,O,Cape Coast,0
386,2025-02-01 05:40:00,Electronics,add_to_cart,0.0,66,M,Kumasi,4
513,2025-02-20 04:12:00,Home,view,0.0,46,O,Tamale,2
921,2025-02-26 18:34:00,Beauty,add_to_cart,0.0,64,F,Kumasi,9
994,2025-01-22 06:12:00,Electronics,add_to_cart,0.0,40,F,Kumasi,6
387,2025-02-22 19:30:00,Books,view,0.0,63,O,Cape Coast,6
758,2025-02-02 07:23:00,Clothing,view,0.0,20,O,Accra,9
16,2025-04-24 19:11:00,Books,add_to_cart,0.0,41,M,Accra,9
551,2025-03-30 13:31:00,Beauty,view,0.0,19,M,Accra,2
498,2025-03-28 17:12:00,Beauty,view,0.0,57,F,Kumasi,5
527,2025-02-05 16:04:00,Electronics,add_to_cart,0.0,65,O,Takoradi,0
978,2025-02-18 17:06:00,Beauty,view,0.0,64,F,Tamale,4
60,2025-02-24 15:34:00,Clothing,add_to_cart,0.0,61,O,Tamale,8
663,2025-04-27 13:14:00,Electronics,view,0.0,59,F,Takoradi,0
789,2025-01-17 22:56:00,Home,purchase,272.49,65,O,Kumasi,6
788,2025-01-30 18:52:00,Books,add_to_cart,0.0,45,F,Cape Coast,0
446,2025-04-20 00:38:00,Clothing,view,0.0,49,M,Cape Coast,4
928,2025-03-02 21:16:00,Home,view,0.0,21,F,Accra,8
995,2025-04-30 04:33:00,Beauty,view,0.0,63,M,Takoradi,9
842,2025-03-15 23:20:00,Home,view,0.0,38,O,Accra,5
218,2025-03-02 16:15:00,Home,view,0.0,66,O,Cape Coast,2
424,2025-01-12 02:48:00,Books,purchase,194.9,43,O,Kumasi,4
785,2025-02-01 08:05:00,Home,add_to_cart,0.0,50,O,Tamale,6
66,2025-01-09 20:37:00,Home,view,0.0,53,O,Cape Coast,1
103,2025-04-07 22:00:00,Books,view,0.0,42,F,Takoradi,0
226,2025-02-16 14:44:00,Clothing,add_to_cart,0.0,66,O,Accra,3
506,2025-02-23 06:45:00,Clothing,view,0.0,20,F,Accra,9
315,2025-04-05 09:31:00,Electronics,view,0.0,66,F,Cape Coast,1
420,2025-02-27 15:23:00,Books,view,0.0,65,O,Kumasi,1
859,2025-01-25 19:17:00,Clothing,purchase,251.84,56,F,Tamale,5
227,2025-03-05 07:19:00,Clothing,view,0.0,34,O,Accra,8
926,2025-02-22 02:42:00,Home,add_to_cart,0.0,33,M,Kumasi,5
496,2025-04-13 03:29:00,Home,view,0.0,65,F,Kumasi,8
415,2025-02-12 04:36:00,Books,view,0.0,34,M,Cape Coast,3
922,2025-04-18 01:19:00,Beauty,view,0.0,40,O,Tamale,7
818,2025-02-07 22:58:00,Clothing,view,0.0,66,F,Takoradi,8
924,2025-04-30 01:58:00,Books,view,0.0,48,M,Cape Coast,6
274,2025-02-24 17:13:00,Clothing,view,0.0,50,F,Cape Coast,0
483,2025-01-11 11:11:00,Home,view,0.0,36,O,Kumasi,5
78,2025-02-25 10:38:00,Electronics,add_to_cart,0.0,51,O,Tamale,8
171,2025-01-15 18:47:00,Books,view,0.0,46,O,Accra,5
480,2025-02-19 22:12:00,Books,view,0.0,47,M,Takoradi,0
846,2025-03-13 08:56:00,Home,view,0.0,18,M,Tamale,8
661,2025-02-27 17:32:00,Home,view,0.0,56,O,Takoradi,8
849,2025-02-12 01:05:00,Home,add_to_cart,0.0,30,O,Accra,0
12,2025-04-19 01:01:00,Books,view,0.0,28,F,Tamale,2
647,2025-04-04 13:43:00,Electronics,view,0.0,48,M,Accra,0
326,2025-04-25 23:05:00,Home,view,0.0,46,O,Kumasi,1
229,2025-04-30 23:37:00,Clothing,purchase,11.07,19,O,Accra,3
214,2025-04-28 23:00:00,Clothing,add_to_cart,0.0,41,O,Accra,6
313,2025-04-17 07:59:00,Books,purchase,328.62,69,O,Kumasi,0
675,2025-04-26 09:27:00,Home,view,0.0,29,F,Accra,2
466,2025-04-02 23:07:00,Clothing,add_to_cart,0.0,21,M,Cape Coast,0
309,2025-03-13 03:26:00,Beauty,add_to_cart,0.0,37,M,Tamale,1
305,2025-04-08 07:38:00,Clothing,view,0.0,36,F,Takoradi,6
738,2025-01-07 07:27:00,Beauty,view,0.0,49,F,Kumasi,5
53,2025-04-24 05:03:00,Clothing,add_to_cart,0.0,26,F,Cape Coast,4
112,2025-01-25 06:37:00,Beauty,view,0.0,68,O,Takoradi,8
876,2025-04-05 14:41:00,Clothing,add_to_cart,0.0,38,M,Accra,8
240,2025-01-11 07:02:00,Books,view,0.0,43,M,Kumasi,8
290,2025-04-16 18:57:00,Electronics,add_to_cart,0.0,33,M,Tamale,6
210,2025-02-10 15:44:00,Clothing,view,0.0,41,M,Takoradi,1
590,2025-04-18 18:38:00,Home,view,0.0,43,O,Kumasi,1
191,2025-03-09 18:18:00,Beauty,view,0.0,42,M,Takoradi,8
718,2025-02-02 15:09:00,Home,add_to_cart,0.0,62,M,Accra,8
771,2025-04-11 08:17:00,Home,purchase,34.92,25,O,Cape Coast,5
774,2025-04-17 07:43:00,Books,purchase,338.72,43,F,Takoradi,6
367,2025-01-02 00:09:00,Clothing,purchase,389.79,50,F,Kumasi,8
758,2025-03-01 00:46:00,Beauty,view,0.0,20,O,Accra,9
749,2025-01-19 00:42:00,Beauty,view,0.0,37,F,Takoradi,4
552,2025-02-01 04:16:00,Electronics,view,0.0,66,O,Tamale,1
137,2025-04-30 22:34:00,Clothing,purchase,166.66,44,M,Takoradi,5
596,2025-04-24 02:59:00,Clothing,view,0.0,67,F,Cape Coast,7
651,2025-02-17 07:38:00,Home,view,0.0,33,O,Tamale,5
302,2025-02-07 07:53:00,Books,view,0.0,26,O,Cape Coast,4
808,2025-02-03 14:43:00,Electronics,add_to_cart,0.0,35,O,Cape Coast,7
878,2025-02-21 21:15:00,Books,view,0.0,19,O,Kumasi,2
444,2025-04-23 12:20:00,Clothing,view,0.0,51,M,Takoradi,1
778,2025-01-06 23:50:00,Electronics,view,0.0,45,M,Takoradi,5
276,2025-02-26 14:45:00,Clothing,view,0.0,56,O,Accra,5
233,2025-03-08 10:11:00,Clothing,view,0.0,54,F,Tamale,5
177,2025-03-30 10:53:00,Beauty,view,0.0,39,O,Cape Coast,0
218,2025-03-19 06:55:00,Electronics,view,0.0,66,O,Cape Coast,2
900,2025-01-30 11:55:00,Home,view,0.0,68,O,Tamale,6
415,2025-04-12 10:22:00,Beauty,add_to_cart,0.0,34,M,Cape Coast,3
647,2025-01-22 10:55:00,Electronics,view,0.0,48,M,Accra,0
192,2025-04-13 11:06:00,Home,view,0.0,56,F,Kumasi,7
874,2025-03-03 15:25:00,Electronics,view,0.0,32,M,Cape Coast,1
333,2025-02-24 22:35:00,Electronics,view,0.0,58,O,Kumasi,2
657,2025-01-02 12:30:00,Books,view,0.0,38,M,Cape Coast,7
956,2025-01-27 14:30:00,Electronics,add_to_cart,0.0,66,M,Kumasi,1
140,2025-04-11 08:22:00,Home,view,0.0,52,M,Accra,7
85,2025-04-19 04:47:00,Clothing,add_to_cart,0.0,25,F,Kumasi,4
389,2025-01-13 10:24:00,Home,view,0.0,52,M,Accra,4
999,2025-03-12 05:31:00,Home,purchase,140.39,35,F,Accra,7
119,2025-04-24 21:07:00,Electronics,add_to_cart,0.0,59,F,Kumasi,3
289,2025-04-20 16:41:00,Beauty,view,0.0,24,O,Cape Coast,8
382,2025-01-27 15:07:00,Beauty,add_to_cart,0.0,58,M,Tamale,7
881,2025-03-05 17:19:00,Electronics,view,0.0,56,O,Kumasi,8
376,2025-04-30 07:37:00,Books,view,0.0,45,M,Accra,7
612,2025-03-31 11:59:00,Beauty,view,0.0,53,O,Tamale,4
79,2025-03-14 06:41:00,Beauty,add_to_cart,0.0,27,F,Accra,4
103,2025-01-18 14:31:00,Clothing,add_to_cart,0.0,42,F,Takoradi,0
116,2025-02-04 01:37:00,Electronics,view,0.0,52,M,Accra,6
210,2025-01-16 07:24:00,Clothing,view,0.0,41,M,Takoradi,1
415,2025-04-17 09:55:00,Electronics,view,0.0,34,M,Cape Coast,3
604,2025-03-11 19:04:00,Electronics,purchase,438.34,27,O,Takoradi,5
438,2025-02-15 21:07:00,Home,view,0.0,31,O,Takoradi,5
334,2025-02-08 04:49:00,Clothing,purchase,247.26,53,O,Tamale,5
799,2025-02-23 11:33:00,Clothing,purchase,220.87,42,M,Cape Coast,8
318,2025-01-23 13:55:00,Electronics,add_to_cart,0.0,55,M,Accra,7
934,2025-03-25 01:48:00,Beauty,view,0.0,20,M,Tamale,7
158,2025-01-17 09:34:00,Beauty,add_to_cart,0.0,49,F,Kumasi,2
45,2025-04-18 16:35:00,Clothing,view,0.0,38,F,Cape Coast,5
838,2025-04-15 14:33:00,Beauty,view,0.0,27,F,Tamale,3
744,2025-04-14 21:11:00,Books,add_to_cart,0.0,28,M,Cape Coast,0
323,2025-03-23 20:50:00,Home,purchase,65.07,42,M,Accra,2
240,2025-01-18 19:47:00,Home,view,0.0,43,M,Kumasi,8
689,2025-04-23 11:44:00,Clothing,add_to_cart,0.0,19,O,Cape Coast,4
823,2025-01-01 16:35:00,Books,view,0.0,52,O,Takoradi,1
536,2025-02-24 06:41:00,Electronics,purchase,307.77,22,F,Kumasi,1
967,2025-01-24 10:08:00,Beauty,view,0.0,60,F,Cape Coast,8
452,2025-04-10 12:22:00,Home,view,0.0,39,F,Takoradi,2
935,2025-03-29 15:32:00,Beauty,view,0.0,44,M,Kumasi,6
843,2025-01-31 12:30:00,Clothing,view,0.0,31,F,Accra,7
313,2025-03-16 01:38:00,Beauty,view,0.0,69,O,Kumasi,0
706,2025-01-16 06:12:00,Books,purchase,22.16,53,M,Kumasi,8
531,2025-03-12 05:07:00,Books,add_to_cart,0.0,50,M,Kumasi,2
297,2025-03-16 23:05:00,Books,view,0.0,65,O,Takoradi,4
615,2025-03-24 05:42:00,Books,view,0.0,56,M,Takoradi,2
706,2025-01-19 03:57:00,Electronics,view,0.0,53,M,Kumasi,8
573,2025-04-02 06:08:00,Electronics,view,0.0,61,O,Tamale,1
193,2025-04-25 05:17:00,Clothing,view,0.0,50,M,Kumasi,6
481,2025-03-06 12:36:00,Beauty,view,0.0,36,O,Cape Coast,4
707,2025-03-23 08:13:00,Home,view,0.0,23,O,Accra,2
878,2025-04-03 03:36:00,Clothing,view,0.0,19,O,Kumasi,2
598,2025-01-25 01:54:00,Books,view,0.0,28,M,Accra,6
6,2025-04-26 20:12:00,Books,view,0.0,25,M,Kumasi,5
666,2025-02-24 06:19:00,Electronics,view,0.0,48,O,Takoradi,1
228,2025-03-22 20:45:00,Beauty,view,0.0,66,M,Cape Coast,2
520,2025-03-29 02:24:00,Home,purchase,372.39,63,F,Cape Coast,3
636,2025-03-15 17:21:00,Electronics,view,0.0,36,M,Takoradi,6
289,2025-01-05 12:26:00,Electronics,view,0.0,24,O,Cape Coast,8
152,2025-03-08 14:50:00,Electronics,add_to_cart,0.0,32,M,Takoradi,9
560,2025-03-04 13:11:00,Beauty,add_to_cart,0.0,52,M,Takoradi,0
939,2025-01-17 07:48:00,Books,view,0.0,68,F,Tamale,8
852,2025-03-05 10:56:00,Electronics,view,0.0,66,M,Accra,3
330,2025-04-17 05:35:00,Beauty,view,0.0,19,M,Accra,2
23,2025-01-27 12:36:00,Electronics,view,0.0,55,F,Takoradi,7
22,2025-04-15 23:24:00,Books,view,0.0,47,M,Takoradi,4
968,2025-02-20 23:47:00,Books,view,0.0,65,F,Cape Coast,8
739,2025-04-16 00:59:00,Beauty,view,0.0,62,F,Tamale,0
934,2025-01-11 11:41:00,Clothing,view,0.0,20,M,Tamale,7
651,2025-02-05 19:30:00,Electronics,purchase,474.45,33,O,Tamale,5
184,2025-01-24 08:30:00,Books,view,0.0,45,O,Cape Coast,8
700,2025-01-02 05:14:00,Home,view,0.0,69,F,Accra,4
198,2025-03-08 23:10:00,Books,add_to_cart,0.0,58,O,Cape Coast,4
138,2025-02-07 14:56:00,Clothing,view,0.0,52,O,Tamale,6
911,2025-01-18 17:51:00,Electronics,view,0.0,22,M,Takoradi,5
872,2025-03-25 01:42:00,Clothing,view,0.0,64,M,Cape Coast,0
606,2025-02-11 04:10:00,Electronics,view,0.0,26,F,Kumasi,4
769,2025-03-24 01:20:00,Beauty,add_to_cart,0.0,41,O,Kumasi,9
149,2025-03-29 03:11:00,Beauty,view,0.0,56,F,Cape Coast,8
286,2025-04-07 23:13:00,Beauty,view,0.0,47,F,Tamale,2
24,2025-03-01 22:12:00,Books,view,0.0,19,O,Tamale,6
538,2025-03-07 15:37:00,Electronics,view,0.0,51,M,Tamale,5
947,2025-02-04 10:28:00,Books,view,0.0,38,O,Kumasi,2
566,2025-02-08 09:27:00,Books,view,0.0,29,M,Takoradi,7
138,2025-02-28 09:13:00,Beauty,view,0.0,52,O,Tamale,6
862,2025-02-01 09:31:00,Clothing,view,0.0,20,F,Accra,4
56,2025-04-16 01:16:00,Beauty,view,0.0,37,O,Tamale,5
534,2025-02-03 13:48:00,Electronics,purchase,277.09,40,M,Cape Coast,4
356,2025-02-09 12:03:00,Electronics,view,0.0,62,F,Accra,8
150,2025-01-18 11:41:00,Home,view,0.0,44,F,Accra,7
646,2025-03-24 15:46:00,Books,view,0.0,31,O,Takoradi,8
371,2025-02-06 06:18:00,Books,view,0.0,21,O,Cape Coast,1
192,2025-03-31 21:07:00,Books,view,0.0,56,F,Kumasi,7
578,2025-01-30 14:19:00,Beauty,view,0.0,63,F,Cape Coast,3
505,2025-03-15 23:55:00,Beauty,view,0.0,46,O,Kumasi,6
589,2025-03-30 12:17:00,Books,view,0.0,27,M,Kumasi,6
706,2025-02-17 00:57:00,Home,add_to_cart,0.0,53,M,Kumasi,8
547,2025-04-13 09:00:00,Clothing,view,0.0,21,O,Kumasi,2
700,2025-04-21 14:34:00,Electronics,add_to_cart,0.0,69,F,Accra,4
506,2025-01-22 08:22:00,Beauty,view,0.0,20,F,Accra,9
617,2025-01-06 22:33:00,Electronics,view,0.0,41,O,Kumasi,8
817,2025-04-07 18:59:00,Books,view,0.0,44,F,Takoradi,7
169,2025-03-03 13:35:00,Beauty,view,0.0,32,M,Tamale,3
520,2025-01-26 03:47:00,Books,add_to_cart,0.0,63,F,Cape Coast,3
446,2025-03-21 21:11:00,Home,view,0.0,49,M,Cape Coast,4
426,2025-04-11 17:09:00,Clothing,view,0.0,67,M,Tamale,4
769,2025-02-08 20:00:00,Beauty,view,0.0,41,O,Kumasi,9
916,2025-01-10 22:40:00,Clothing,add_to_cart,0.0,60,M,Cape Coast,3
944,2025-02-02 01:38:00,Books,view,0.0,45,F,Cape Coast,3
852,2025-03-06 12:00:00,Books,view,0.0,66,M,Accra,3
753,2025-01-28 22:47:00,Books,view,0.0,66,M,Kumasi,7
369,2025-04-08 12:13:00,Home,view,0.0,65,M,Cape Coast,5
992,2025-04-09 16:46:00,Electronics,view,0.0,20,F,Cape Coast,4
917,2025-03-18 17:04:00,Electronics,view,0.0,60,O,Takoradi,4
560,2025-03-14 01:36:00,Electronics,view,0.0,52,M,Takoradi,0
54,2025-01-25 02:08:00,Beauty,view,0.0,43,F,Accra,1
43,2025-03-15 21:05:00,Clothing,add_to_cart,0.0,68,M,Tamale,4
706,2025-02-01 09:15:00,Beauty,purchase,152.06,53,M,Kumasi,8
306,2025-01-13 14:52:00,Beauty,purchase,453.02,65,M,Tamale,6
114,2025-01-19 14:37:00,Home,view,0.0,25,M,Accra,0
299,2025-01-20 19:20:00,Clothing,view,0.0,22,O,Cape Coast,9
842,2025-04-08 08:45:00,Home,add_to_cart,0.0,38,O,Accra,5
759,2025-03-09 05:13:00,Beauty,view,0.0,33,M,Takoradi,2
880,2025-04-13 16:18:00,Books,view,0.0,68,O,Takoradi,9
838,2025-03-04 10:15:00,Electronics,purchase,320.61,27,F,Tamale,3
666,2025-02-25 21:24:00,Home,add_to_cart,0.0,48,O,Takoradi,1
426,2025-02-10 03:22:00,Books,view,0.0,67,M,Tamale,4
706,2025-01-16 08:27:00,Books,view,0.0,53,M,Kumasi,8
973,2025-01-31 20:31:00,Clothing,add_to_cart,0.0,25,F,Kumasi,5
297,2025-04-22 01:37:00,Clothing,view,0.0,65,O,Takoradi,4
105,2025-03-06 08:09:00,Beauty,view,0.0,26,M,Cape Coast,1
138,2025-02-16 10:13:00,Beauty,view,0.0,52,O,Tamale,6
464,2025-02-04 01:10:00,Books,view,0.0,22,F,Kumasi,3
285,2025-01-18 19:46:00,Clothing,view,0.0,48,M,Takoradi,4
31,2025-02-27 07:41:00,Clothing,view,0.0,66,F,Accra,1
414,2025-01-25 18:07:00,Beauty,view,0.0,43,F,Tamale,2
3,2025-03-08 11:21:00,Electronics,view,0.0,46,O,Kumasi,9
654,2025-04-25 08:29:00,Books,view,0.0,29,M,Tamale,6
992,2025-01-11 19:34:00,Books,view,0.0,20,F,Cape Coast,4
715,2025-02-21 07:03:00,Home,view,0.0,36,F,Cape Coast,3
870,2025-02-16 11:47:00,Home,view,0.0,34,O,Kumasi,5
852,2025-03-09 10:12:00,Books,view,0.0,66,M,Accra,3
76,2025-03-14 12:47:00,Clothing,view,0.0,43,F,Kumasi,8
845,2025-02-08 18:23:00,Home,view,0.0,63,F,Takoradi,8
77,2025-02-27 20:01:00,Clothing,add_to_cart,0.0,61,O,Accra,1
717,2025-02-27 08:32:00,Books,view,0.0,20,F,Kumasi,8
143,2025-04-06 00:16:00,Books,add_to_cart,0.0,31,O,Takoradi,4
303,2025-04-22 15:01:00,Electronics,view,0.0,58,O,Takoradi,7
264,2025-04-26 02:11:00,Beauty,view,0.0,53,F,Tamale,5
464,2025-02-28 20:48:00,Home,view,0.0,22,F,Kumasi,3
246,2025-02-02 11:14:00,Clothing,view,0.0,34,O,Accra,5
510,2025-01-23 13:29:00,Electronics,add_to_cart,0.0,68,O,Accra,7
463,2025-03-12 14:51:00,Clothing,view,0.0,61,O,Cape Coast,1
230,2025-02-15 23:56:00,Beauty,view,0.0,19,F,Cape Coast,6
735,2025-03-03 19:53:00,Electronics,view,0.0,23,F,Cape Coast,4
662,2025-01-20 00:07:00,Electronics,add_to_cart,0.0,62,M,Tamale,8
866,2025-02-26 22:04:00,Books,view,0.0,61,F,Cape Coast,5
272,2025-04-28 15:44:00,Beauty,add_to_cart,0.0,69,M,Takoradi,4
705,2025-01-22 02:37:00,Beauty,view,0.0,21,O,Takoradi,6
361,2025-03-23 02:09:00,Electronics,add_to_cart,0.0,51,O,Accra,4
321,2025-04-01 10:48:00,Books,add_to_cart,0.0,52,M,Kumasi,0
57,2025-04-30 14:34:00,Books,view,0.0,45,M,Takoradi,9
158,2025-01-20 04:02:00,Electronics,add_to_cart,0.0,49,F,Kumasi,2
167,2025-01-26 01:22:00,Home,add_to_cart,0.0,56,M,Cape Coast,8
9,2025-01-13 18:51:00,Electronics,view,0.0,36,M,Kumasi,6
705,2025-01-18 18:08:00,Books,view,0.0,21,O,Takoradi,6
621,2025-03-20 10:43:00,Beauty,view,0.0,29,O,Accra,6
420,2025-04-25 08:09:00,Beauty,view,0.0,65,O,Kumasi,1
365,2025-04-18 10:11:00,Clothing,purchase,85.31,45,F,Tamale,2
575,2025-03-25 11:20:00,Electronics,view,0.0,30,F,Takoradi,6
713,2025-02-19 02:51:00,Electronics,add_to_cart,0.0,27,F,Tamale,1
209,2025-01-25 07:04:00,Books,view,0.0,61,F,Accra,0
147,2025-01-23 08:53:00,Clothing,add_to_cart,0.0,43,O,Cape Coast,3
386,2025-01-14 13:00:00,Clothing,purchase,472.22,66,M,Kumasi,4
858,2025-02-16 11:15:00,Books,view,0.0,25,M,Cape Coast,1
183,2025-01-15 18:07:00,Clothing,view,0.0,45,F,Kumasi,8
74,2025-04-09 22:48:00,Beauty,view,0.0,46,F,Takoradi,5
910,2025-03-04 20:41:00,Books,view,0.0,41,O,Tamale,1
384,2025-03-04 00:48:00,Clothing,add_to_cart,0.0,41,M,Kumasi,1
215,2025-03-05 19:14:00,Books,view,0.0,58,M,Accra,7
380,2025-01-19 23:44:00,Home,view,0.0,23,O,Accra,3
15,2025-01-10 08:26:00,Beauty,view,0.0,57,M,Tamale,7
640,2025-01-28 00:16:00,Beauty,view,0.0,58,O,Accra,1
229,2025-04-03 17:46:00,Electronics,purchase,167.56,19,O,Accra,3
974,2025-02-13 22:09:00,Beauty,view,0.0,66,O,Tamale,1
135,2025-02-27 08:09:00,Clothing,add_to_cart,0.0,57,M,Accra,2
295,2025-01-28 04:54:00,Home,view,0.0,19,O,Tamale,7
463,2025-03-26 19:36:00,Beauty,add_to_cart,0.0,61,O,Cape Coast,1
393,2025-04-13 09:27:00,Books,view,0.0,49,F,Takoradi,3
812,2025-03-27 23:50:00,Clothing,view,0.0,28,F,Takoradi,1
673,2025-01-16 21:48:00,Electronics,view,0.0,35,M,Takoradi,5
875,2025-03-23 06:49:00,Clothing,view,0.0,54,O,Takoradi,5
30,2025-04-13 22:31:00,Clothing,purchase,106.75,42,O,Tamale,5
799,2025-03-12 08:12:00,Clothing,purchase,74.96,42,M,Cape Coast,8
832,2025-04-05 19:33:00,Electronics,add_to_cart,0.0,22,F,Kumasi,8
888,2025-04-06 05:44:00,Books,view,0.0,47,M,Accra,5
436,2025-03-24 00:27:00,Books,add_to_cart,0.0,63,F,Kumasi,3
192,2025-03-20 13:18:00,Home,view,0.0,56,F,Kumasi,7
390,2025-04-26 08:36:00,Beauty,add_to_cart,0.0,50,O,Tamale,7
538,2025-03-23 22:50:00,Electronics,view,0.0,51,M,Tamale,5
309,2025-02-25 05:13:00,Beauty,view,0.0,37,M,Tamale,1
253,2025-01-13 10:11:00,Home,view,0.0,39,F,Tamale,2
731,2025-03-24 23:25:00,Books,purchase,387.51,66,F,Cape Coast,3
492,2025-04-10 09:28:00,Electronics,purchase,76.03,18,M,Takoradi,4
123,2025-04-03 03:09:00,Electronics,purchase,300.36,24,O,Accra,4
89,2025-02-18 05:25:00,Home,view,0.0,38,O,Tamale,4
146,2025-02-23 00:47:00,Home,view,0.0,22,M,Cape Coast,2
809,2025-02-06 18:14:00,Clothing,add_to_cart,0.0,49,M,Tamale,2
943,2025-03-31 06:09:00,Electronics,purchase,99.95,35,M,Accra,3
887,2025-04-05 06:18:00,Beauty,add_to_cart,0.0,35,F,Takoradi,6
472,2025-04-08 22:47:00,Books,view,0.0,64,M,Tamale,7
550,2025-02-10 03:26:00,Home,view,0.0,33,F,Tamale,2
785,2025-04-26 06:26:00,Electronics,purchase,224.96,50,O,Tamale,6
380,2025-04-19 21:27:00,Books,add_to_cart,0.0,23,O,Accra,3
772,2025-04-23 13:55:00,Clothing,view,0.0,45,M,Accra,0
929,2025-04-03 06:59:00,Clothing,view,0.0,57,O,Cape Coast,2
543,2025-01-28 02:53:00,Clothing,add_to_cart,0.0,49,M,Kumasi,4
2,2025-01-24 13:47:00,Beauty,view,0.0,69,O,Takoradi,0
667,2025-02-06 05:29:00,Home,view,0.0,22,O,Tamale,3
207,2025-01-26 00:55:00,Beauty,add_to_cart,0.0,68,M,Accra,3
769,2025-04-17 17:45:00,Home,view,0.0,41,O,Kumasi,9
574,2025-03-22 03:55:00,Clothing,add_to_cart,0.0,46,M,Tamale,7
141,2025-01-09 10:10:00,Electronics,view,0.0,54,F,Accra,5
205,2025-03-27 23:30:00,Books,view,0.0,54,O,Kumasi,8
882,2025-04-26 13:46:00,Clothing,view,0.0,55,F,Takoradi,4
804,2025-02-01 01:06:00,Clothing,view,0.0,62,F,Cape Coast,7
498,2025-03-22 20:59:00,Books,add_to_cart,0.0,57,F,Kumasi,5
239,2025-02-02 05:24:00,Clothing,view,0.0,61,F,Kumasi,6
988,2025-02-02 04:40:00,Electronics,view,0.0,43,F,Cape Coast,6
328,2025-02-18 14:55:00,Electronics,view,0.0,63,M,Takoradi,9
728,2025-01-06 00:24:00,Electronics,view,0.0,20,M,Accra,7
746,2025-01-03 16:18:00,Beauty,view,0.0,53,O,Tamale,5
434,2025-01-02 08:55:00,Electronics,view,0.0,18,F,Cape Coast,8
420,2025-03-02 16:48:00,Beauty,view,0.0,65,O,Kumasi,1
434,2025-01-03 10:56:00,Clothing,add_to_cart,0.0,18,F,Cape Coast,8
178,2025-02-06 13:41:00,Electronics,view,0.0,45,F,Kumasi,7
247,2025-01-20 05:23:00,Books,purchase,307.35,55,M,Accra,8
738,2025-03-06 23:23:00,Electronics,view,0.0,49,F,Kumasi,5
913,2025-03-30 14:29:00,Home,view,0.0,23,F,Kumasi,8
74,2025-03-02 11:45:00,Electronics,view,0.0,46,F,Takoradi,5
739,2025-02-22 13:20:00,Clothing,add_to_cart,0.0,62,F,Tamale,0
772,2025-04-01 19:54:00,Electronics,view,0.0,45,M,Accra,0
112,2025-03-25 03:53:00,Electronics,view,0.0,68,O,Takoradi,8
926,2025-04-09 08:37:00,Books,add_to_cart,0.0,33,M,Kumasi,5
115,2025-01-27 04:45:00,Electronics,view,0.0,52,M,Tamale,7
336,2025-03-21 20:25:00,Electronics,add_to_cart,0.0,21,O,Cape Coast,8
122,2025-03-22 12:25:00,Clothing,view,0.0,45,F,Cape Coast,5
668,2025-03-06 11:35:00,Home,add_to_cart,0.0,52,M,Tamale,3
913,2025-02-09 05:20:00,Books,add_to_cart,0.0,23,F,Kumasi,8
459,2025-03-02 15:15:00,Home,view,0.0,54,M,Cape Coast,2
364,2025-03-13 10:41:00,Books,view,0.0,50,F,Accra,3
999,2025-03-29 02:29:00,Beauty,view,0.0,35,F,Accra,7
7,2025-01-09 18:44:00,Clothing,add_to_cart,0.0,38,F,Kumasi,6
770,2025-02-19 17:10:00,Electronics,add_to_cart,0.0,45,F,Accra,9
523,2025-02-02 06:30:00,Books,view,0.0,29,F,Accra,8
494,2025-02-16 13:27:00,Books,view,0.0,51,F,Cape Coast,7
787,2025-03-22 05:42:00,Electronics,view,0.0,30,O,Tamale,8
849,2025-04-05 11:22:00,Books,view,0.0,30,O,Accra,0
59,2025-02-05 02:57:00,Electronics,view,0.0,24,O,Tamale,4
90,2025-03-09 22:44:00,Beauty,view,0.0,33,M,Tamale,2
979,2025-01-21 19:17:00,Home,view,0.0,39,M,Kumasi,7
625,2025-02-13 09:39:00,Books,view,0.0,42,O,Accra,7
28,2025-02-22 19:50:00,Books,view,0.0,39,O,Kumasi,9
785,2025-04-18 02:09:00,Clothing,view,0.0,50,O,Tamale,6
786,2025-01-01 02:52:00,Clothing,view,0.0,37,F,Tamale,4
492,2025-01-01 02:02:00,Books,add_to_cart,0.0,18,M,Takoradi,4
601,2025-02-02 03:28:00,Clothing,add_to_cart,0.0,42,O,Takoradi,6
241,2025-01-14 17:26:00,Electronics,view,0.0,49,F,Cape Coast,0
387,2025-03-28 20:40:00,Beauty,view,0.0,63,O,Cape Coast,6
171,2025-04-05 20:25:00,Electronics,view,0.0,46,O,Accra,5
294,2025-03-29 10:40:00,Books,purchase,307.8,66,F,Takoradi,2
449,2025-04-26 21:18:00,Electronics,add_to_cart,0.0,68,M,Accra,2
881,2025-02-26 13:43:00,Electronics,view,0.0,56,O,Kumasi,8
497,2025-01-12 22:50:00,Electronics,view,0.0,42,F,Tamale,9
325,2025-03-11 15:30:00,Electronics,view,0.0,42,F,Cape Coast,6
865,2025-03-18 19:09:00,Clothing,view,0.0,18,F,Tamale,5
589,2025-01-03 17:51:00,Clothing,add_to_cart,0.0,27,M,Kumasi,6
467,2025-03-28 12:31:00,Books,view,0.0,23,F,Kumasi,2
993,2025-04-30 04:55:00,Home,add_to_cart,0.0,64,M,Accra,3
327,2025-01-24 21:44:00,Books,view,0.0,35,M,Takoradi,8
956,2025-01-18 23:52:00,Electronics,add_to_cart,0.0,66,M,Kumasi,1
988,2025-03-13 14:51:00,Beauty,add_to_cart,0.0,43,F,Cape Coast,6
929,2025-03-10 05:33:00,Clothing,purchase,213.35,57,O,Cape Coast,2
566,2025-03-31 00:32:00,Beauty,view,0.0,29,M,Takoradi,7
685,2025-04-29 23:25:00,Clothing,add_to_cart,0.0,59,M,Accra,9
500,2025-02-11 11:00:00,Clothing,add_to_cart,0.0,18,F,Kumasi,2
115,2025-03-31 08:41:00,Home,purchase,466.23,52,M,Tamale,7
893,2025-01-03 01:32:00,Clothing,view,0.0,69,O,Takoradi,3
653,2025-01-02 06:47:00,Books,view,0.0,52,F,Cape Coast,0
815,2025-01-22 10:32:00,Books,add_to_cart,0.0,42,O,Kumasi,3
468,2025-03-13 09:36:00,Electronics,view,0.0,62,M,Tamale,1
993,2025-01-02 18:45:00,Beauty,purchase,91.75,64,M,Accra,3
326,2025-01-17 05:03:00,Beauty,add_to_cart,0.0,46,O,Kumasi,1
307,2025-03-23 23:35:00,Electronics,view,0.0,33,O,Cape Coast,0
493,2025-04-07 12:03:00,Clothing,add_to_cart,0.0,64,M,Accra,0
110,2025-04-09 04:31:00,Electronics,view,0.0,41,F,Cape Coast,6
381,2025-01-12 10:23:00,Electronics,add_to_cart,0.0,52,O,Kumasi,0
342,2025-04-08 18:51:00,Beauty,view,0.0,25,M,Kumasi,1
545,2025-01-10 15:03:00,Home,purchase,249.17,22,F,Kumasi,8
59,2025-02-21 00:47:00,Home,view,0.0,24,O,Tamale,4
265,2025-01-09 08:26:00,Electronics,view,0.0,36,M,Kumasi,0
813,2025-01-08 15:17:00,Books,view,0.0,38,M,Takoradi,6
513,2025-03-17 05:40:00,Books,add_to_cart,0.0,46,O,Tamale,2
786,2025-02-18 17:00:00,Home,add_to_cart,0.0,37,F,Tamale,4
136,2025-01-03 04:54:00,Home,view,0.0,39,F,Cape Coast,0
885,2025-04-05 00:46:00,Clothing,add_to_cart,0.0,67,F,Accra,2
231,2025-01-16 15:46:00,Electronics,view,0.0,45,F,Cape Coast,6
747,2025-02-22 15:24:00,Home,view,0.0,52,M,Tamale,9
541,2025-01-16 11:16:00,Books,purchase,224.64,27,M,Tamale,9
840,2025-02-25 04:11:00,Electronics,add_to_cart,0.0,36,O,Takoradi,0
33,2025-03-27 17:55:00,Beauty,view,0.0,59,M,Kumasi,2
722,2025-02-19 06:26:00,Beauty,view,0.0,37,F,Cape Coast,5
56,2025-04-08 13:02:00,Books,view,0.0,37,O,Tamale,5
23,2025-04-13 17:44:00,Books,view,0.0,55,F,Takoradi,7
566,2025-01-10 12:15:00,Electronics,view,0.0,29,M,Takoradi,7
640,2025-04-11 21:16:00,Beauty,view,0.0,58,O,Accra,1
948,2025-01-02 23:49:00,Books,add_to_cart,0.0,23,M,Cape Coast,0
171,2025-03-18 07:58:00,Electronics,add_to_cart,0.0,46,O,Accra,5
260,2025-04-27 12:30:00,Books,view,0.0,33,F,Tamale,2
254,2025-01-07 22:23:00,Books,view,0.0,28,M,Takoradi,9
542,2025-03-14 05:24:00,Home,view,0.0,36,M,Kumasi,9
834,2025-01-10 15:36:00,Books,add_to_cart,0.0,20,M,Accra,2
47,2025-04-20 07:42:00,Clothing,view,0.0,56,F,Cape Coast,2
154,2025-01-10 00:28:00,Books,view,0.0,43,F,Takoradi,6
983,2025-04-14 02:02:00,Beauty,view,0.0,40,M,Cape Coast,9
232,2025-03-08 06:17:00,Home,view,0.0,40,F,Accra,3
828,2025-04-12 07:00:00,Books,view,0.0,45,M,Cape Coast,6
889,2025-04-05 18:02:00,Beauty,view,0.0,32,M,Takoradi,5
993,2025-02-10 10:50:00,Books,view,0.0,64,M,Accra,3
164,2025-04-07 19:12:00,Electronics,view,0.0,47,O,Cape Coast,6
590,2025-04-01 22:13:00,Beauty,add_to_cart,0.0,43,O,Kumasi,1
339,2025-02-16 21:03:00,Home,view,0.0,38,M,Kumasi,3
9,2025-02-22 12:13:00,Beauty,view,0.0,36,M,Kumasi,6
842,2025-04-22 04:22:00,Home,view,0.0,38,O,Accra,5
962,2025-04-19 12:50:00,Clothing,view,0.0,43,F,Accra,9
257,2025-02-09 21:47:00,Books,purchase,36.85,50,M,Accra,0
695,2025-03-16 16:54:00,Home,view,0.0,25,F,Cape Coast,8
776,2025-03-27 03:10:00,Electronics,add_to_cart,0.0,67,M,Kumasi,7
336,2025-04-05 05:52:00,Books,view,0.0,21,O,Cape Coast,8
403,2025-01-28 07:13:00,Beauty,view,0.0,63,O,Accra,1
986,2025-04-05 23:50:00,Clothing,view,0.0,19,F,Takoradi,6
793,2025-04-26 11:01:00,Clothing,view,0.0,52,F,Takoradi,8
249,2025-03-17 08:35:00,Electronics,add_to_cart,0.0,22,O,Accra,0
806,2025-02-02 09:45:00,Electronics,add_to_cart,0.0,50,O,Accra,5
70,2025-03-23 19:15:00,Books,view,0.0,19,M,Cape Coast,8
188,2025-02-26 06:16:00,Clothing,view,0.0,47,F,Takoradi,1
567,2025-04-25 12:46:00,Books,add_to_cart,0.0,20,O,Takoradi,7
797,2025-02-17 04:57:00,Home,view,0.0,22,O,Cape Coast,3
467,2025-04-11 06:45:00,Home,view,0.0,23,F,Kumasi,2
138,2025-03-07 05:07:00,Beauty,add_to_cart,0.0,52,O,Tamale,6
828,2025-02-16 07:06:00,Home,add_to_cart,0.0,45,M,Cape Coast,6
397,2025-01-21 00:58:00,Home,view,0.0,35,F,Takoradi,2
33,2025-01-04 09:02:00,Home,add_to_cart,0.0,59,M,Kumasi,2
739,2025-01-28 05:05:00,Electronics,view,0.0,62,F,Tamale,0
766,2025-04-07 15:23:00,Books,purchase,164.46,25,O,Cape Coast,7
844,2025-03-10 04:30:00,Beauty,view,0.0,26,O,Takoradi,5
18,2025-02-13 02:25:00,Electronics,view,0.0,39,M,Accra,7
883,2025-03-01 17:32:00,Electronics,view,0.0,51,O,Kumasi,8
869,2025-02-28 01:32:00,Books,view,0.0,47,M,Tamale,2
191,2025-04-06 17:16:00,Clothing,view,0.0,42,M,Takoradi,8
874,2025-02-23 20:34:00,Beauty,purchase,174.61,32,M,Cape Coast,1
121,2025-03-09 15:31:00,Beauty,view,0.0,58,O,Cape Coast,8
900,2025-04-28 05:52:00,Electronics,view,0.0,68,O,Tamale,6
86,2025-03-03 16:13:00,Electronics,view,0.0,31,O,Kumasi,7
250,2025-01-13 02:42:00,Clothing,view,0.0,69,F,Takoradi,5
717,2025-02-20 21:15:00,Clothing,view,0.0,20,F,Kumasi,8
676,2025-02-10 09:40:00,Beauty,view,0.0,26,F,Accra,4
235,2025-02-06 01:41:00,Books,view,0.0,50,O,Kumasi,5
491,2025-04-17 22:57:00,Clothing,view,0.0,18,F,Tamale,6
428,2025-02-26 05:27:00,Beauty,view,0.0,41,F,Takoradi,4
146,2025-03-09 08:06:00,Clothing,add_to_cart,0.0,22,M,Cape Coast,2
491,2025-01-07 08:39:00,Home,view,0.0,18,F,Tamale,6
975,2025-04-20 17:47:00,Beauty,view,0.0,52,M,Cape Coast,7
244,2025-01-06 05:25:00,Home,view,0.0,21,M,Cape Coast,5
728,2025-04-02 02:30:00,Books,add_to_cart,0.0,20,M,Accra,7
400,2025-03-20 10:17:00,Books,view,0.0,48,O,Takoradi,5
880,2025-04-23 08:26:00,Home,view,0.0,68,O,Takoradi,9
502,2025-02-04 06:37:00,Electronics,view,0.0,56,M,Kumasi,9
533,2025-02-21 02:41:00,Electronics,view,0.0,54,F,Takoradi,2
55,2025-03-28 12:43:00,Electronics,purchase,73.87,19,O,Tamale,3
409,2025-04-29 22:27:00,Home,view,0.0,40,O,Takoradi,0
139,2025-03-08 14:00:00,Electronics,view,0.0,18,M,Takoradi,1
713,2025-01-29 22:44:00,Home,view,0.0,27,F,Tamale,1
870,2025-04-07 06:11:00,Beauty,view,0.0,34,O,Kumasi,5
81,2025-02-05 02:00:00,Clothing,add_to_cart,0.0,31,M,Kumasi,1
623,2025-02-09 00:19:00,Beauty,add_to_cart,0.0,30,O,Accra,9
621,2025-04-30 14:05:00,Electronics,view,0.0,29,O,Accra,6
127,2025-03-18 05:14:00,Clothing,view,0.0,51,F,Tamale,4
937,2025-02-18 16:48:00,Beauty,purchase,496.03,49,O,Accra,2
970,2025-02-24 18:28:00,Clothing,purchase,41.0,43,F,Accra,9
463,2025-04-21 23:37:00,Home,add_to_cart,0.0,61,O,Cape Coast,1
208,2025-03-07 06:29:00,Home,view,0.0,59,F,Kumasi,2
711,2025-04-10 23:51:00,Beauty,add_to_cart,0.0,56,M,Cape Coast,6
812,2025-01-05 22:28:00,Books,view,0.0,28,F,Takoradi,1
666,2025-02-06 18:52:00,Home,purchase,262.96,48,O,Takoradi,1
381,2025-02-18 08:52:00,Electronics,add_to_cart,0.0,52,O,Kumasi,0
463,2025-02-23 04:28:00,Home,view,0.0,61,O,Cape Coast,1
8,2025-02-01 19:09:00,Books,add_to_cart,0.0,56,O,Kumasi,3
675,2025-03-02 21:07:00,Books,view,0.0,29,F,Accra,2
926,2025-03-27 20:11:00,Home,view,0.0,33,M,Kumasi,5
937,2025-03-07 01:02:00,Home,view,0.0,49,O,Accra,2
249,2025-04-24 19:24:00,Clothing,view,0.0,22,O,Accra,0
221,2025-01-17 23:56:00,Beauty,add_to_cart,0.0,56,O,Takoradi,5
514,2025-03-29 01:56:00,Beauty,add_to_cart,0.0,31,O,Tamale,1
740,2025-02-04 11:53:00,Clothing,add_to_cart,0.0,64,M,Takoradi,3
502,2025-01-10 11:20:00,Clothing,view,0.0,56,M,Kumasi,9
643,2025-02-01 19:09:00,Books,view,0.0,26,F,Cape Coast,1
883,2025-02-15 01:36:00,Beauty,view,0.0,51,O,Kumasi,8
456,2025-03-12 05:10:00,Beauty,view,0.0,23,F,Takoradi,4
490,2025-04-03 20:45:00,Home,view,0.0,29,O,Kumasi,5
879,2025-04-12 09:26:00,Beauty,view,0.0,28,O,Cape Coast,7
449,2025-03-05 17:25:00,Home,view,0.0,68,M,Accra,2
62,2025-04-11 14:30:00,Home,view,0.0,64,M,Cape Coast,0
588,2025-04-28 18:24:00,Electronics,purchase,349.65,43,O,Cape Coast,0
845,2025-04-02 00:50:00,Beauty,view,0.0,63,F,Takoradi,8
86,2025-04-02 06:22:00,Beauty,view,0.0,31,O,Kumasi,7
638,2025-02-16 20:36:00,Electronics,view,0.0,53,F,Kumasi,1
775,2025-02-18 15:16:00,Beauty,view,0.0,25,F,Kumasi,0
354,2025-03-16 01:32:00,Clothing,view,0.0,55,F,Takoradi,4
319,2025-03-28 08:21:00,Clothing,view,0.0,57,M,Tamale,3
847,2025-01-10 14:41:00,Books,purchase,187.12,68,F,Takoradi,1
956,2025-01-09 17:35:00,Electronics,view,0.0,66,M,Kumasi,1
560,2025-02-20 00:54:00,Clothing,view,0.0,52,M,Takoradi,0
758,2025-01-22 12:15:00,Beauty,view,0.0,20,O,Accra,9
262,2025-01-26 10:23:00,Books,purchase,210.52,20,O,Kumasi,7
700,2025-03-04 00:51:00,Home,add_to_cart,0.0,69,F,Accra,4
332,2025-01-14 07:42:00,Beauty,purchase,481.53,33,F,Cape Coast,1
313,2025-04-10 01:25:00,Books,view,0.0,69,O,Kumasi,0
528,2025-02-23 10:41:00,Electronics,view,0.0,38,M,Takoradi,0
836,2025-01-19 01:38:00,Electronics,view,0.0,54,M,Takoradi,7
912,2025-02-23 15:17:00,Books,view,0.0,51,O,Kumasi,5
39,2025-04-15 03:24:00,Books,view,0.0,61,M,Accra,0
889,2025-03-02 03:50:00,Clothing,add_to_cart,0.0,32,M,Takoradi,5
258,2025-04-12 04:04:00,Beauty,view,0.0,26,F,Accra,2
133,2025-02-28 03:08:00,Books,view,0.0,52,O,Takoradi,2
138,2025-03-21 09:41:00,Books,view,0.0,52,O,Tamale,6
646,2025-03-03 16:04:00,Clothing,view,0.0,31,O,Takoradi,8
891,2025-02-25 14:24:00,Home,view,0.0,68,M,Takoradi,9
132,2025-04-14 15:31:00,Home,view,0.0,54,F,Kumasi,8
842,2025-02-03 03:05:00,Home,view,0.0,38,O,Accra,5
59,2025-02-22 18:33:00,Electronics,view,0.0,24,O,Tamale,4
297,2025-03-22 14:29:00,Home,view,0.0,65,O,Takoradi,4
349,2025-02-28 00:03:00,Beauty,add_to_cart,0.0,68,O,Cape Coast,2
360,2025-01-19 22:54:00,Beauty,purchase,491.37,44,M,Kumasi,5
993,2025-02-20 10:20:00,Electronics,add_to_cart,0.0,64,M,Accra,3
704,2025-04-17 18:28:00,Books,view,0.0,62,O,Tamale,5
268,2025-02-02 23:06:00,Electronics,purchase,264.88,36,F,Tamale,3
10,2025-01-31 05:16:00,Clothing,view,0.0,40,M,Takoradi,8
958,2025-03-31 16:53:00,Books,view,0.0,43,F,Kumasi,0
216,2025-03-21 10:31:00,Home,view,0.0,69,M,Tamale,5
18,2025-02-06 12:09:00,Books,add_to_cart,0.0,39,M,Accra,7
977,2025-03-05 00:24:00,Clothing,add_to_cart,0.0,32,M,Takoradi,3
640,2025-03-25 06:55:00,Books,add_to_cart,0.0,58,O,Accra,1
12,2025-01-17 15:19:00,Clothing,view,0.0,28,F,Tamale,2
378,2025-04-21 11:20:00,Clothing,purchase,404.11,46,O,Cape Coast,8
546,2025-01-07 12:34:00,Electronics,view,0.0,62,M,Tamale,7
537,2025-04-16 14:21:00,Home,view,0.0,53,M,Takoradi,5
719,2025-03-29 20:06:00,Electronics,view,0.0,30,M,Takoradi,5
256,2025-04-06 20:58:00,Books,view,0.0,33,O,Accra,8
86,2025-01-18 02:16:00,Clothing,view,0.0,31,O,Kumasi,7
792,2025-03-07 12:53:00,Books,view,0.0,63,M,Takoradi,3
293,2025-04-11 02:34:00,Beauty,add_to_cart,0.0,69,F,Accra,7
412,2025-04-04 17:57:00,Beauty,view,0.0,59,M,Cape Coast,7
960,2025-01-26 15:39:00,Electronics,purchase,310.72,44,M,Accra,0
128,2025-04-27 23:30:00,Home,add_to_cart,0.0,50,F,Kumasi,3
176,2025-01-31 11:18:00,Clothing,view,0.0,68,O,Takoradi,8
916,2025-04-11 15:40:00,Beauty,view,0.0,60,M,Cape Coast,3
334,2025-03-16 06:28:00,Clothing,add_to_cart,0.0,53,O,Tamale,5
868,2025-02-17 09:18:00,Electronics,view,0.0,47,O,Kumasi,9
353,2025-02-03 12:23:00,Electronics,view,0.0,47,M,Takoradi,4
19,2025-04-13 05:49:00,Home,add_to_cart,0.0,19,F,Kumasi,8
716,2025-03-02 09:12:00,Beauty,view,0.0,56,M,Tamale,1
458,2025-01-20 17:35:00,Beauty,view,0.0,60,M,Kumasi,3
37,2025-01-12 02:39:00,Clothing,view,0.0,64,O,Takoradi,5
813,2025-04-13 09:08:00,Books,view,0.0,38,M,Takoradi,6
812,2025-01-22 05:50:00,Home,add_to_cart,0.0,28,F,Takoradi,1
627,2025-03-08 22:41:00,Home,view,0.0,58,O,Kumasi,3
653,2025-02-27 17:02:00,Clothing,purchase,196.89,52,F,Cape Coast,0
601,2025-04-01 11:26:00,Beauty,view,0.0,42,O,Takoradi,6
382,2025-01-24 07:08:00,Books,view,0.0,58,M,Tamale,7
339,2025-02-22 15:23:00,Beauty,view,0.0,38,M,Kumasi,3
40,2025-04-13 14:05:00,Books,add_to_cart,0.0,69,F,Cape Coast,6
877,2025-02-11 17:03:00,Home,view,0.0,31,F,Cape Coast,3
341,2025-02-26 10:47:00,Beauty,view,0.0,37,M,Kumasi,4
464,2025-04-29 20:32:00,Beauty,add_to_cart,0.0,22,F,Kumasi,3
418,2025-04-18 20:13:00,Home,add_to_cart,0.0,26,O,Takoradi,9
586,2025-03-22 11:05:00,Home,view,0.0,25,O,Accra,1
181,2025-01-29 05:58:00,Electronics,purchase,423.22,62,O,Kumasi,4
400,2025-02-21 15:05:00,Books,view,0.0,48,O,Takoradi,5
482,2025-04-02 05:40:00,Beauty,add_to_cart,0.0,34,M,Takoradi,3
583,2025-03-27 18:00:00,Books,view,0.0,40,M,Kumasi,1
798,2025-02-26 14:17:00,Home,view,0.0,64,M,Cape Coast,2
610,2025-02-11 10:26:00,Home,view,0.0,52,O,Takoradi,8
243,2025-01-18 12:44:00,Home,view,0.0,49,M,Tamale,6
689,2025-04-04 21:43:00,Beauty,view,0.0,19,O,Cape Coast,4
281,2025-04-18 18:45:00,Books,view,0.0,45,M,Takoradi,0
19,2025-03-24 03:50:00,Electronics,view,0.0,19,F,Kumasi,8
676,2025-04-12 07:58:00,Books,add_to_cart,0.0,26,F,Accra,4
703,2025-03-10 20:53:00,Clothing,add_to_cart,0.0,42,M,Accra,4
381,2025-03-31 13:38:00,Books,view,0.0,52,O,Kumasi,0
391,2025-02-06 20:17:00,Beauty,view,0.0,69,F,Takoradi,0
385,2025-03-09 18:43:00,Home,view,0.0,46,O,Tamale,7
828,2025-03-31 19:59:00,Home,add_to_cart,0.0,45,M,Cape Coast,6
131,2025-04-06 04:19:00,Beauty,view,0.0,41,M,Cape Coast,6
623,2025-03-11 03:39:00,Home,view,0.0,30,O,Accra,9
589,2025-02-01 15:00:00,Books,view,0.0,27,M,Kumasi,6
11,2025-02-22 07:24:00,Beauty,view,0.0,28,O,Accra,1
387,2025-04-10 19:46:00,Home,view,0.0,63,O,Cape Coast,6
617,2025-04-02 09:43:00,Electronics,view,0.0,41,O,Kumasi,8
648,2025-02-17 13:00:00,Clothing,view,0.0,69,M,Cape Coast,9
856,2025-02-18 18:54:00,Books,purchase,79.39,45,M,Kumasi,5
697,2025-02-27 02:23:00,Electronics,view,0.0,62,O,Kumasi,3
477,2025-03-28 12:30:00,Electronics,view,0.0,30,M,Kumasi,4
782,2025-02-28 20:29:00,Books,view,0.0,44,M,Cape Coast,1
155,2025-02-16 15:50:00,Electronics,view,0.0,59,M,Tamale,5
784,2025-01-12 19:44:00,Home,add_to_cart,0.0,26,M,Takoradi,5
730,2025-01-22 00:57:00,Books,view,0.0,45,O,Cape Coast,6
541,2025-03-27 12:12:00,Beauty,purchase,466.75,27,M,Tamale,9
525,2025-04-01 11:36:00,Books,view,0.0,43,O,Cape Coast,3
378,2025-03-17 03:51:00,Books,view,0.0,46,O,Cape Coast,8
424,2025-04-27 00:51:00,Clothing,purchase,282.25,43,O,Kumasi,4
391,2025-03-06 08:02:00,Beauty,view,0.0,69,F,Takoradi,0
95,2025-02-23 15:09:00,Books,view,0.0,43,F,Cape Coast,1
774,2025-01-29 16:52:00,Beauty,purchase,151.09,43,F,Takoradi,6
341,2025-02-20 17:10:00,Clothing,view,0.0,37,M,Kumasi,4
236,2025-02-17 20:17:00,Home,view,0.0,18,F,Cape Coast,1
325,2025-03-18 18:11:00,Books,view,0.0,42,F,Cape Coast,6
455,2025-01-26 09:47:00,Electronics,view,0.0,59,F,Cape Coast,4
533,2025-01-31 20:39:00,Electronics,purchase,18.84,54,F,Takoradi,2
945,2025-02-12 08:36:00,Electronics,view,0.0,59,O,Accra,4
604,2025-03-02 13:03:00,Books,view,0.0,27,O,Takoradi,5
76,2025-04-07 23:19:00,Books,view,0.0,43,F,Kumasi,8
88,2025-04-17 07:06:00,Beauty,view,0.0,57,M,Kumasi,0
52,2025-01-15 13:22:00,Beauty,view,0.0,67,F,Tamale,4
752,2025-01-15 12:42:00,Electronics,view,0.0,58,O,Kumasi,5
14,2025-02-11 11:15:00,Clothing,view,0.0,53,F,Tamale,2
27,2025-03-28 08:52:00,Beauty,add_to_cart,0.0,29,F,Takoradi,1
181,2025-02-26 23:51:00,Home,view,0.0,62,O,Kumasi,4
885,2025-02-11 03:04:00,Books,view,0.0,67,F,Accra,2
732,2025-03-21 08:53:00,Beauty,view,0.0,42,M,Kumasi,1
707,2025-04-24 20:05:00,Home,view,0.0,23,O,Accra,2
620,2025-03-10 08:19:00,Beauty,view,0.0,54,F,Cape Coast,6
595,2025-01-03 08:35:00,Electronics,add_to_cart,0.0,21,O,Cape Coast,9
311,2025-01-23 01:40:00,Electronics,view,0.0,50,M,Takoradi,1
687,2025-01-03 18:27:00,Home,add_to_cart,0.0,67,M,Kumasi,4
856,2025-01-31 12:58:00,Books,view,0.0,45,M,Kumasi,5
165,2025-03-06 08:16:00,Electronics,view,0.0,54,O,Accra,8
794,2025-02-22 22:29:00,Clothing,add_to_cart,0.0,23,O,Kumasi,4
217,2025-03-05 21:14:00,Home,view,0.0,66,M,Cape Coast,8
330,2025-01-20 08:46:00,Books,view,0.0,19,M,Accra,2
770,2025-02-27 18:13:00,Beauty,add_to_cart,0.0,45,F,Accra,9
29,2025-01-15 13:52:00,Books,purchase,98.2,61,M,Kumasi,3
441,2025-01-03 18:17:00,Beauty,add_to_cart,0.0,40,M,Takoradi,4
96,2025-04-03 06:07:00,Home,view,0.0,42,O,Kumasi,9
234,2025-01-22 00:37:00,Books,view,0.0,49,O,Takoradi,2
619,2025-03-08 18:09:00,Home,view,0.0,49,M,Kumasi,0
111,2025-03-31 23:12:00,Books,view,0.0,28,M,Accra,5
457,2025-02-26 16:33:00,Books,purchase,298.41,32,F,Takoradi,6
250,2025-01-12 20:10:00,Beauty,view,0.0,69,F,Takoradi,5
620,2025-02-13 13:33:00,Clothing,view,0.0,54,F,Cape Coast,6
132,2025-03-05 19:54:00,Clothing,view,0.0,54,F,Kumasi,8
109,2025-03-07 02:18:00,Home,view,0.0,25,M,Takoradi,7
243,2025-01-08 13:09:00,Home,add_to_cart,0.0,49,M,Tamale,6
783,2025-03-28 22:17:00,Home,purchase,76.61,34,F,Accra,4
516,2025-02-24 01:02:00,Clothing,view,0.0,22,F,Accra,2
849,2025-01-28 18:36:00,Beauty,purchase,493.74,30,O,Accra,0
944,2025-01-15 16:53:00,Clothing,view,0.0,45,F,Cape Coast,3
260,2025-01-22 21:54:00,Books,view,0.0,33,F,Tamale,2
353,2025-02-13 09:39:00,Electronics,view,0.0,47,M,Takoradi,4
156,2025-03-15 21:16:00,Clothing,purchase,298.84,30,F,Cape Coast,8
980,2025-03-17 02:16:00,Beauty,view,0.0,31,O,Tamale,2
598,2025-04-12 00:21:00,Beauty,view,0.0,28,M,Accra,6
603,2025-03-05 14:21:00,Home,add_to_cart,0.0,53,O,Cape Coast,6
738,2025-04-18 01:57:00,Books,add_to_cart,0.0,49,F,Kumasi,5
915,2025-03-13 06:32:00,Beauty,view,0.0,30,M,Accra,9
165,2025-04-22 03:16:00,Books,add_to_cart,0.0,54,O,Accra,8
876,2025-04-07 11:43:00,Beauty,view,0.0,38,M,Accra,8
945,2025-04-26 23:23:00,Clothing,view,0.0,59,O,Accra,4
13,2025-04-01 07:09:00,Beauty,view,0.0,41,F,Cape Coast,4
71,2025-03-19 01:56:00,Home,view,0.0,23,F,Takoradi,3
725,2025-04-21 02:22:00,Clothing,add_to_cart,0.0,58,F,Takoradi,6
460,2025-03-05 19:35:00,Home,view,0.0,50,F,Takoradi,0
761,2025-02-16 18:01:00,Beauty,view,0.0,28,F,Kumasi,2
502,2025-03-22 13:27:00,Home,view,0.0,56,M,Kumasi,9
579,2025-02-05 05:55:00,Electronics,view,0.0,19,M,Kumasi,5
935,2025-02-16 20:29:00,Beauty,view,0.0,44,M,Kumasi,6
884,2025-01-26 10:21:00,Books,add_to_cart,0.0,55,F,Tamale,1
589,2025-03-26 13:08:00,Electronics,purchase,424.75,27,M,Kumasi,6
571,2025-02-23 21:11:00,Books,view,0.0,27,M,Takoradi,3
261,2025-03-14 13:39:00,Beauty,view,0.0,46,O,Takoradi,3
222,2025-02-21 19:25:00,Books,view,0.0,19,O,Kumasi,7
19,2025-02-16 07:22:00,Books,view,0.0,19,F,Kumasi,8
991,2025-02-22 02:31:00,Clothing,add_to_cart,0.0,24,F,Tamale,4
273,2025-02-01 05:57:00,Beauty,view,0.0,58,O,Cape Coast,4
632,2025-03-07 19:46:00,Clothing,view,0.0,65,M,Kumasi,4
93,2025-04-03 18:43:00,Beauty,view,0.0,64,F,Takoradi,8
374,2025-04-20 07:23:00,Beauty,view,0.0,34,M,Tamale,8
133,2025-02-10 07:33:00,Beauty,view,0.0,52,O,Takoradi,2
199,2025-03-21 06:26:00,Beauty,view,0.0,20,M,Cape Coast,4
812,2025-01-20 20:46:00,Beauty,view,0.0,28,F,Takoradi,1
240,2025-03-08 06:28:00,Clothing,view,0.0,43,M,Kumasi,8
288,2025-02-14 05:23:00,Electronics,view,0.0,52,O,Cape Coast,6
435,2025-03-17 23:26:00,Clothing,purchase,30.52,25,M,Accra,0
503,2025-03-18 20:39:00,Books,view,0.0,22,O,Kumasi,3
628,2025-01-13 01:35:00,Books,add_to_cart,0.0,47,O,Takoradi,3
896,2025-04-10 17:04:00,Home,view,0.0,41,M,Cape Coast,0
254,2025-02-01 20:09:00,Books,view,0.0,28,M,Takoradi,9
13,2025-02-24 16:08:00,Beauty,view,0.0,41,F,Cape Coast,4
392,2025-04-29 04:18:00,Beauty,view,0.0,38,O,Tamale,0
606,2025-03-12 07:45:00,Beauty,view,0.0,26,F,Kumasi,4
526,2025-03-26 07:02:00,Beauty,view,0.0,43,O,Takoradi,0
855,2025-01-18 02:12:00,Beauty,view,0.0,51,O,Kumasi,7
389,2025-04-13 10:57:00,Home,view,0.0,52,M,Accra,4
239,2025-04-16 14:30:00,Books,add_to_cart,0.0,61,F,Kumasi,6
621,2025-04-16 00:32:00,Beauty,view,0.0,29,O,Accra,6
742,2025-01-06 11:24:00,Beauty,view,0.0,33,O,Tamale,2
196,2025-04-04 01:26:00,Beauty,view,0.0,69,M,Cape Coast,1
521,2025-03-04 08:07:00,Electronics,view,0.0,69,M,Kumasi,6
311,2025-03-17 01:12:00,Home,view,0.0,50,M,Takoradi,1
434,2025-04-25 15:58:00,Books,view,0.0,18,F,Cape Coast,8
553,2025-04-12 17:01:00,Clothing,view,0.0,45,F,Cape Coast,7
766,2025-04-05 16:24:00,Books,add_to_cart,0.0,25,O,Cape Coast,7
241,2025-01-13 18:43:00,Electronics,view,0.0,49,F,Cape Coast,0
293,2025-01-25 15:56:00,Home,view,0.0,69,F,Accra,7
87,2025-01-14 05:24:00,Beauty,view,0.0,40,M,Takoradi,9
141,2025-04-10 06:33:00,Clothing,view,0.0,54,F,Accra,5
40,2025-01-08 07:39:00,Electronics,view,0.0,69,F,Cape Coast,6
463,2025-04-10 02:45:00,Books,add_to_cart,0.0,61,O,Cape Coast,1
598,2025-01-05 12:27:00,Clothing,view,0.0,28,M,Accra,6
464,2025-03-03 22:23:00,Clothing,view,0.0,22,F,Kumasi,3
293,2025-03-09 01:41:00,Books,view,0.0,69,F,Accra,7
855,2025-04-28 14:30:00,Home,view,0.0,51,O,Kumasi,7
250,2025-02-22 16:20:00,Electronics,add_to_cart,0.0,69,F,Takoradi,5
678,2025-01-22 10:22:00,Electronics,view,0.0,61,F,Kumasi,9
783,2025-03-06 21:29:00,Books,view,0.0,34,F,Accra,4
489,2025-04-18 03:59:00,Books,view,0.0,26,M,Tamale,4
412,2025-02-14 10:08:00,Electronics,add_to_cart,0.0,59,M,Cape Coast,7
586,2025-01-11 11:59:00,Home,purchase,410.81,25,O,Accra,1
273,2025-02-04 00:28:00,Home,view,0.0,58,O,Cape Coast,4
132,2025-03-28 15:11:00,Books,view,0.0,54,F,Kumasi,8
785,2025-02-09 12:51:00,Clothing,view,0.0,50,O,Tamale,6
591,2025-03-17 16:56:00,Clothing,view,0.0,51,F,Cape Coast,9
496,2025-04-23 19:08:00,Home,view,0.0,65,F,Kumasi,8
161,2025-04-12 23:13:00,Electronics,view,0.0,69,F,Cape Coast,2
993,2025-01-01 12:45:00,Home,add_to_cart,0.0,64,M,Accra,3
518,2025-04-07 13:34:00,Clothing,view,0.0,66,O,Cape Coast,1
563,2025-04-02 22:03:00,Beauty,view,0.0,68,F,Takoradi,4
731,2025-02-26 01:03:00,Books,view,0.0,66,F,Cape Coast,3
948,2025-01-26 21:18:00,Electronics,view,0.0,23,M,Cape Coast,0
106,2025-04-19 17:15:00,Electronics,add_to_cart,0.0,41,O,Cape Coast,1
396,2025-01-10 00:31:00,Books,purchase,135.85,20,M,Cape Coast,1
172,2025-01-09 02:53:00,Clothing,view,0.0,53,F,Accra,4
476,2025-04-10 01:07:00,Clothing,view,0.0,33,O,Takoradi,6
875,2025-04-24 21:13:00,Electronics,view,0.0,54,O,Takoradi,5
864,2025-04-12 22:45:00,Home,purchase,427.81,29,O,Cape Coast,5
704,2025-03-04 15:15:00,Clothing,view,0.0,62,O,Tamale,5
620,2025-02-16 08:33:00,Electronics,add_to_cart,0.0,54,F,Cape Coast,6
677,2025-02-12 21:50:00,Clothing,add_to_cart,0.0,27,F,Kumasi,0
151,2025-03-20 00:56:00,Books,view,0.0,26,F,Accra,7
608,2025-02-14 17:34:00,Electronics,view,0.0,52,F,Kumasi,0
389,2025-03-18 21:04:00,Beauty,view,0.0,52,M,Accra,4
533,2025-01-24 17:20:00,Clothing,add_to_cart,0.0,54,F,Takoradi,2
623,2025-03-26 19:59:00,Electronics,view,0.0,30,O,Accra,9
919,2025-01-22 03:33:00,Beauty,view,0.0,28,M,Accra,4
167,2025-02-11 22:05:00,Clothing,purchase,401.84,56,M,Cape Coast,8
326,2025-03-10 12:59:00,Clothing,view,0.0,46,O,Kumasi,1
615,2025-02-16 02:47:00,Electronics,view,0.0,56,M,Takoradi,2
856,2025-03-03 11:18:00,Home,purchase,432.45,45,M,Kumasi,5
770,2025-04-04 16:38:00,Books,purchase,447.57,45,F,Accra,9
267,2025-01-10 15:58:00,Clothing,add_to_cart,0.0,20,F,Accra,7
916,2025-03-22 16:03:00,Books,view,0.0,60,M,Cape Coast,3
430,2025-02-21 09:45:00,Beauty,view,0.0,24,F,Kumasi,6
154,2025-02-24 17:47:00,Books,view,0.0,43,F,Takoradi,6
360,2025-03-01 09:57:00,Clothing,purchase,260.62,44,M,Kumasi,5
152,2025-04-12 02:39:00,Electronics,view,0.0,32,M,Takoradi,9
770,2025-03-07 06:48:00,Clothing,view,0.0,45,F,Accra,9
554,2025-01-20 00:03:00,Books,view,0.0,49,F,Accra,9
637,2025-02-11 14:04:00,Electronics,view,0.0,66,F,Tamale,7
805,2025-02-03 08:05:00,Clothing,purchase,173.42,22,O,Takoradi,7
273,2025-03-01 02:28:00,Clothing,add_to_cart,0.0,58,O,Cape Coast,4
107,2025-03-13 00:44:00,Books,view,0.0,18,F,Cape Coast,2
901,2025-01-24 10:16:00,Books,view,0.0,34,F,Takoradi,7
421,2025-03-31 14:50:00,Books,view,0.0,56,F,Tamale,5
193,2025-03-14 08:53:00,Clothing,view,0.0,50,M,Kumasi,6
34,2025-01-09 23:50:00,Books,view,0.0,45,F,Tamale,2
845,2025-01-01 14:03:00,Beauty,view,0.0,63,F,Takoradi,8
522,2025-01-28 05:26:00,Beauty,view,0.0,22,M,Takoradi,2
176,2025-03-08 13:32:00,Clothing,purchase,227.04,68,O,Takoradi,8
398,2025-04-30 15:13:00,Home,view,0.0,42,M,Cape Coast,0
622,2025-04-24 02:21:00,Home,view,0.0,66,M,Accra,9
950,2025-03-10 09:40:00,Electronics,view,0.0,22,F,Kumasi,9
355,2025-02-20 10:47:00,Home,purchase,424.81,55,F,Kumasi,0
621,2025-02-13 09:34:00,Beauty,view,0.0,29,O,Accra,6
824,2025-02-05 21:42:00,Home,view,0.0,18,F,Kumasi,5
11,2025-03-11 11:26:00,Electronics,view,0.0,28,O,Accra,1
259,2025-01-03 19:27:00,Home,add_to_cart,0.0,23,M,Accra,7
619,2025-02-09 05:19:00,Home,view,0.0,49,M,Kumasi,0
667,2025-01-21 11:47:00,Clothing,view,0.0,22,O,Tamale,3
35,2025-02-16 21:27:00,Books,view,0.0,33,F,Kumasi,1
159,2025-03-01 13:36:00,Books,view,0.0,56,O,Kumasi,2
347,2025-04-14 22:30:00,Beauty,view,0.0,65,F,Kumasi,0
542,2025-04-25 19:37:00,Home,purchase,138.66,36,M,Kumasi,9
372,2025-03-28 14:58:00,Home,view,0.0,52,F,Tamale,2
120,2025-03-21 16:18:00,Home,view,0.0,56,O,Tamale,9
325,2025-03-05 13:49:00,Clothing,view,0.0,42,F,Cape Coast,6
391,2025-01-16 22:13:00,Books,add_to_cart,0.0,69,F,Takoradi,0
132,2025-04-10 15:55:00,Electronics,view,0.0,54,F,Kumasi,8
838,2025-03-21 03:37:00,Books,add_to_cart,0.0,27,F,Tamale,3
633,2025-02-17 09:40:00,Beauty,view,0.0,42,M,Kumasi,7
4,2025-02-13 23:41:00,Beauty,add_to_cart,0.0,32,M,Kumasi,3
397,2025-02-15 17:32:00,Books,view,0.0,35,F,Takoradi,2
502,2025-02-26 04:05:00,Home,purchase,58.26,56,M,Kumasi,9
548,2025-02-02 20:26:00,Home,view,0.0,33,O,Cape Coast,7
101,2025-03-03 01:11:00,Electronics,view,0.0,62,M,Takoradi,4
580,2025-02-06 05:31:00,Home,view,0.0,68,O,Tamale,2
810,2025-02-21 23:52:00,Home,add_to_cart,0.0,64,O,Cape Coast,8
337,2025-01-08 12:26:00,Beauty,view,0.0,50,F,Takoradi,6
854,2025-01-16 01:04:00,Clothing,view,0.0,49,F,Cape Coast,8
118,2025-03-22 15:05:00,Home,view,0.0,22,O,Takoradi,2
654,2025-02-07 07:14:00,Electronics,view,0.0,29,M,Tamale,6
285,2025-02-26 04:04:00,Books,view,0.0,48,M,Takoradi,4
117,2025-03-11 01:05:00,Home,view,0.0,50,O,Accra,6
989,2025-02-28 08:55:00,Home,view,0.0,31,F,Takoradi,9
171,2025-04-01 03:31:00,Electronics,view,0.0,46,O,Accra,5
246,2025-01-16 18:47:00,Home,view,0.0,34,O,Accra,5
895,2025-02-24 00:25:00,Beauty,add_to_cart,0.0,50,O,Takoradi,1
841,2025-03-01 11:21:00,Clothing,view,0.0,34,F,Cape Coast,3
923,2025-02-08 18:24:00,Books,view,0.0,33,F,Takoradi,1
764,2025-03-01 18:49:00,Clothing,add_to_cart,0.0,49,M,Accra,5
928,2025-04-16 15:38:00,Clothing,view,0.0,21,F,Accra,8
845,2025-03-17 07:14:00,Clothing,view,0.0,63,F,Takoradi,8
947,2025-04-20 17:44:00,Beauty,view,0.0,38,O,Kumasi,2
115,2025-01-27 08:54:00,Electronics,view,0.0,52,M,Tamale,7
71,2025-04-26 06:07:00,Home,view,0.0,23,F,Takoradi,3
754,2025-03-12 20:52:00,Books,add_to_cart,0.0,31,O,Accra,1
697,2025-04-01 23:21:00,Electronics,add_to_cart,0.0,62,O,Kumasi,3
950,2025-04-23 03:23:00,Home,view,0.0,22,F,Kumasi,9
603,2025-01-03 16:30:00,Clothing,view,0.0,53,O,Cape Coast,6
350,2025-04-23 20:35:00,Books,view,0.0,39,F,Takoradi,0
460,2025-03-30 21:56:00,Beauty,add_to_cart,0.0,50,F,Takoradi,0
647,2025-01-29 15:28:00,Books,view,0.0,48,M,Accra,0
16,2025-04-04 05:05:00,Books,view,0.0,41,M,Accra,9
312,2025-03-12 01:31:00,Electronics,purchase,24.87,41,M,Kumasi,3
316,2025-02-28 20:27:00,Clothing,view,0.0,25,F,Takoradi,4
389,2025-03-23 06:42:00,Electronics,view,0.0,52,M,Accra,4
566,2025-03-22 15:44:00,Books,view,0.0,29,M,Takoradi,7
764,2025-04-28 21:47:00,Clothing,add_to_cart,0.0,49,M,Accra,5
944,2025-01-23 19:12:00,Beauty,purchase,360.87,45,F,Cape Coast,3
181,2025-01-14 19:56:00,Beauty,add_to_cart,0.0,62,O,Kumasi,4
214,2025-01-22 15:26:00,Beauty,view,0.0,41,O,Accra,6
266,2025-01-25 20:26:00,Electronics,purchase,47.17,43,M,Kumasi,0
474,2025-01-21 03:00:00,Beauty,view,0.0,57,F,Takoradi,2
132,2025-04-23 08:29:00,Home,add_to_cart,0.0,54,F,Kumasi,8
325,2025-04-19 22:15:00,Books,view,0.0,42,F,Cape Coast,6
446,2025-04-07 22:59:00,Home,add_to_cart,0.0,49,M,Cape Coast,4
720,2025-01-07 18:00:00,Electronics,view,0.0,67,F,Accra,5
378,2025-02-16 02:23:00,Beauty,view,0.0,46,O,Cape Coast,8
973,2025-02-17 02:53:00,Electronics,view,0.0,25,F,Kumasi,5
500,2025-01-16 20:39:00,Beauty,view,0.0,18,F,Kumasi,2
984,2025-04-21 04:44:00,Beauty,view,0.0,31,M,Takoradi,2
453,2025-02-18 06:37:00,Clothing,view,0.0,66,F,Kumasi,9
118,2025-01-21 07:36:00,Home,add_to_cart,0.0,22,O,Takoradi,2
752,2025-04-20 11:16:00,Books,purchase,97.93,58,O,Kumasi,5
78,2025-02-19 00:37:00,Home,view,0.0,51,O,Tamale,8
799,2025-02-12 12:47:00,Clothing,view,0.0,42,M,Cape Coast,8
209,2025-03-02 10:19:00,Clothing,view,0.0,61,F,Accra,0
994,2025-03-22 21:51:00,Clothing,view,0.0,40,F,Kumasi,6
559,2025-04-13 21:52:00,Clothing,view,0.0,67,O,Takoradi,2
204,2025-02-13 01:36:00,Electronics,purchase,48.35,26,M,Kumasi,4
254,2025-02-21 12:28:00,Home,view,0.0,28,M,Takoradi,9
289,2025-04-25 10:08:00,Electronics,view,0.0,24,O,Cape Coast,8
579,2025-04-03 18:35:00,Beauty,view,0.0,19,M,Kumasi,5
722,2025-03-01 04:22:00,Clothing,view,0.0,37,F,Cape Coast,5
808,2025-01-19 14:00:00,Home,view,0.0,35,O,Cape Coast,7
946,2025-01-30 01:04:00,Books,view,0.0,39,F,Accra,2
468,2025-04-04 09:04:00,Clothing,view,0.0,62,M,Tamale,1
591,2025-03-25 07:48:00,Beauty,view,0.0,51,F,Cape Coast,9
958,2025-04-01 11:25:00,Electronics,view,0.0,43,F,Kumasi,0
356,2025-02-09 00:58:00,Clothing,add_to_cart,0.0,62,F,Accra,8
55,2025-01-02 00:30:00,Beauty,view,0.0,19,O,Tamale,3
662,2025-04-16 17:46:00,Electronics,view,0.0,62,M,Tamale,8
739,2025-02-27 20:15:00,Home,view,0.0,62,F,Tamale,0
213,2025-03-18 17:57:00,Beauty,view,0.0,49,M,Takoradi,7
68,2025-01-22 23:39:00,Books,view,0.0,57,F,Cape Coast,4
680,2025-01-06 15:17:00,Electronics,add_to_cart,0.0,55,M,Accra,9
727,2025-04-20 20:09:00,Home,view,0.0,18,O,Tamale,8
9,2025-03-09 06:23:00,Books,view,0.0,36,M,Kumasi,6
999,2025-03-02 08:04:00,Clothing,view,0.0,35,F,Accra,7
564,2025-02-08 07:48:00,Books,view,0.0,60,M,Takoradi,0
796,2025-04-29 10:26:00,Electronics,add_to_cart,0.0,68,O,Kumasi,6
357,2025-03-03 05:25:00,Electronics,purchase,217.31,68,O,Kumasi,6
606,2025-02-16 18:47:00,Electronics,add_to_cart,0.0,26,F,Kumasi,4
899,2025-02-01 02:18:00,Electronics,view,0.0,59,F,Takoradi,1
173,2025-04-14 18:36:00,Clothing,view,0.0,30,F,Tamale,3
843,2025-02-14 22:09:00,Home,add_to_cart,0.0,31,F,Accra,7
934,2025-03-18 09:18:00,Clothing,add_to_cart,0.0,20,M,Tamale,7
344,2025-01-17 07:09:00,Clothing,view,0.0,20,O,Cape Coast,2
774,2025-03-07 20:54:00,Home,view,0.0,43,F,Takoradi,6
775,2025-04-03 20:36:00,Electronics,view,0.0,25,F,Kumasi,0
494,2025-02-17 09:14:00,Books,purchase,192.96,51,F,Cape Coast,7
949,2025-02-08 02:01:00,Books,view,0.0,18,F,Takoradi,6
36,2025-01-03 08:23:00,Electronics,add_to_cart,0.0,32,F,Takoradi,7
941,2025-02-13 00:59:00,Books,view,0.0,38,O,Cape Coast,0
454,2025-04-19 18:12:00,Home,view,0.0,69,O,Accra,0
21,2025-04-10 23:01:00,Beauty,view,0.0,61,M,Kumasi,4
71,2025-01-20 17:30:00,Books,view,0.0,23,F,Takoradi,3
505,2025-01-14 19:59:00,Books,purchase,236.55,46,O,Kumasi,6
224,2025-03-19 14:02:00,Electronics,add_to_cart,0.0,66,O,Accra,2
241,2025-02-04 13:02:00,Books,view,0.0,49,F,Cape Coast,0
334,2025-03-26 02:50:00,Beauty,add_to_cart,0.0,53,O,Tamale,5
747,2025-01-01 07:46:00,Electronics,view,0.0,52,M,Tamale,9
628,2025-02-21 23:10:00,Home,view,0.0,47,O,Takoradi,3
86,2025-03-21 13:11:00,Electronics,add_to_cart,0.0,31,O,Kumasi,7
664,2025-03-02 13:17:00,Electronics,view,0.0,56,F,Tamale,2
640,2025-04-14 12:49:00,Books,view,0.0,58,O,Accra,1
307,2025-02-05 06:35:00,Electronics,add_to_cart,0.0,33,O,Cape Coast,0
526,2025-04-19 09:49:00,Books,view,0.0,43,O,Takoradi,0
709,2025-03-29 07:56:00,Clothing,view,0.0,36,M,Takoradi,2
60,2025-04-10 11:10:00,Home,add_to_cart,0.0,61,O,Tamale,8
448,2025-03-03 04:05:00,Home,view,0.0,39,M,Takoradi,2
215,2025-02-12 04:08:00,Home,view,0.0,58,M,Accra,7
584,2025-02-07 03:11:00,Beauty,view,0.0,34,M,Kumasi,2
245,2025-03-21 09:53:00,Books,purchase,422.29,28,O,Tamale,5
242,2025-01-04 01:34:00,Clothing,add_to_cart,0.0,23,F,Accra,7
196,2025-04-12 11:18:00,Clothing,view,0.0,69,M,Cape Coast,1
529,2025-01-16 08:56:00,Books,purchase,81.98,56,F,Cape Coast,0
652,2025-04-29 08:14:00,Clothing,view,0.0,22,O,Accra,5
520,2025-02-24 05:52:00,Beauty,view,0.0,63,F,Cape Coast,3
584,2025-04-24 16:42:00,Clothing,view,0.0,34,M,Kumasi,2
632,2025-01-19 06:30:00,Clothing,view,0.0,65,M,Kumasi,4
103,2025-04-27 03:16:00,Books,view,0.0,42,F,Takoradi,0
826,2025-01-20 12:56:00,Beauty,view,0.0,65,F,Takoradi,0
105,2025-02-05 20:26:00,Electronics,view,0.0,26,M,Cape Coast,1
649,2025-03-25 12:31:00,Clothing,view,0.0,36,F,Cape Coast,9
265,2025-01-30 19:37:00,Beauty,purchase,326.22,36,M,Kumasi,0
63,2025-04-09 03:00:00,Electronics,view,0.0,52,O,Accra,3
644,2025-04-24 13:24:00,Beauty,view,0.0,24,F,Tamale,8
995,2025-04-29 06:41:00,Books,purchase,271.46,63,M,Takoradi,9
932,2025-04-30 13:17:00,Home,view,0.0,20,M,Kumasi,8
165,2025-03-28 06:11:00,Electronics,view,0.0,54,O,Accra,8
772,2025-04-16 03:14:00,Books,add_to_cart,0.0,45,M,Accra,0
894,2025-04-28 15:46:00,Home,purchase,442.26,55,O,Accra,2
442,2025-02-13 15:00:00,Clothing,view,0.0,32,F,Tamale,8
103,2025-01-28 00:04:00,Clothing,purchase,34.51,42,F,Takoradi,0
269,2025-03-06 15:54:00,Electronics,add_to_cart,0.0,37,F,Cape Coast,0
32,2025-03-21 18:14:00,Clothing,view,0.0,44,M,Takoradi,6
618,2025-04-27 11:59:00,Electronics,add_to_cart,0.0,40,O,Cape Coast,5
873,2025-02-24 18:56:00,Clothing,view,0.0,40,O,Cape Coast,0
969,2025-03-27 20:11:00,Books,view,0.0,34,F,Kumasi,4
456,2025-04-19 22:05:00,Books,add_to_cart,0.0,23,F,Takoradi,4
929,2025-04-15 05:51:00,Clothing,view,0.0,57,O,Cape Coast,2
489,2025-02-06 13:36:00,Books,view,0.0,26,M,Tamale,4
107,2025-04-02 17:56:00,Home,view,0.0,18,F,Cape Coast,2
982,2025-03-07 12:22:00,Electronics,view,0.0,45,O,Accra,2
459,2025-02-02 23:01:00,Electronics,add_to_cart,0.0,54,M,Cape Coast,2
102,2025-03-27 04:47:00,Home,view,0.0,18,F,Kumasi,2
474,2025-01-31 19:38:00,Books,view,0.0,57,F,Takoradi,2
952,2025-01-18 17:15:00,Beauty,view,0.0,29,M,Accra,1
954,2025-04-03 08:25:00,Beauty,add_to_cart,0.0,63,M,Cape Coast,3
509,2025-02-05 08:46:00,Home,view,0.0,33,O,Takoradi,0
122,2025-02-26 05:02:00,Clothing,purchase,318.96,45,F,Cape Coast,5
830,2025-03-25 23:22:00,Electronics,view,0.0,22,F,Accra,8
456,2025-03-24 01:13:00,Beauty,view,0.0,23,F,Takoradi,4
15,2025-04-24 15:31:00,Books,add_to_cart,0.0,57,M,Tamale,7
680,2025-04-07 02:15:00,Beauty,view,0.0,55,M,Accra,9
1,2025-02-10 15:30:00,Beauty,add_to_cart,0.0,56,O,Cape Coast,7
161,2025-04-13 17:22:00,Beauty,view,0.0,69,F,Cape Coast,2
463,2025-03-31 12:15:00,Books,view,0.0,61,O,Cape Coast,1
908,2025-04-03 23:23:00,Beauty,view,0.0,34,M,Cape Coast,3
916,2025-03-20 23:52:00,Beauty,view,0.0,60,M,Cape Coast,3
796,2025-02-19 01:56:00,Clothing,view,0.0,68,O,Kumasi,6
794,2025-03-25 09:27:00,Beauty,view,0.0,23,O,Kumasi,4
202,2025-03-02 22:36:00,Electronics,view,0.0,25,F,Kumasi,2
493,2025-03-23 16:26:00,Clothing,view,0.0,64,M,Accra,0
422,2025-01-28 20:44:00,Clothing,view,0.0,46,O,Kumasi,4
317,2025-02-15 04:49:00,Home,view,0.0,53,F,Kumasi,2
59,2025-01-02 14:38:00,Electronics,view,0.0,24,O,Tamale,4
916,2025-04-08 02:33:00,Books,view,0.0,60,M,Cape Coast,3
895,2025-03-28 18:03:00,Beauty,view,0.0,50,O,Takoradi,1
694,2025-02-08 16:18:00,Home,view,0.0,36,O,Cape Coast,8
494,2025-02-16 13:38:00,Electronics,view,0.0,51,F,Cape Coast,7
657,2025-02-11 14:28:00,Beauty,add_to_cart,0.0,38,M,Cape Coast,7
14,2025-01-24 17:56:00,Books,view,0.0,53,F,Tamale,2
295,2025-02-24 03:49:00,Books,purchase,378.06,19,O,Tamale,7
595,2025-01-31 13:08:00,Electronics,view,0.0,21,O,Cape Coast,9
580,2025-02-17 10:21:00,Beauty,view,0.0,68,O,Tamale,2
302,2025-02-28 01:10:00,Home,view,0.0,26,O,Cape Coast,4
568,2025-02-07 20:20:00,Clothing,view,0.0,18,F,Takoradi,4
648,2025-04-13 07:59:00,Clothing,view,0.0,69,M,Cape Coast,9
912,2025-04-15 12:22:00,Beauty,view,0.0,51,O,Kumasi,5
406,2025-04-06 16:26:00,Clothing,add_to_cart,0.0,49,M,Takoradi,5
993,2025-01-26 18:42:00,Books,view,0.0,64,M,Accra,3
286,2025-04-19 07:37:00,Books,purchase,15.67,47,F,Tamale,2
686,2025-03-31 07:42:00,Home,view,0.0,26,O,Kumasi,6
893,2025-02-04 06:27:00,Home,purchase,406.86,69,O,Takoradi,3
468,2025-02-20 04:54:00,Books,view,0.0,62,M,Tamale,1
164,2025-02-03 12:47:00,Clothing,purchase,273.09,47,O,Cape Coast,6
658,2025-02-24 20:49:00,Home,view,0.0,53,F,Takoradi,8
653,2025-01-16 21:19:00,Books,add_to_cart,0.0,52,F,Cape Coast,0
995,2025-02-16 22:18:00,Books,add_to_cart,0.0,63,M,Takoradi,9
310,2025-01-06 13:03:00,Home,view,0.0,41,M,Kumasi,1
740,2025-02-03 06:02:00,Electronics,purchase,20.37,64,M,Takoradi,3
828,2025-03-20 23:14:00,Electronics,view,0.0,45,M,Cape Coast,6
883,2025-03-03 16:15:00,Beauty,view,0.0,51,O,Kumasi,8
876,2025-03-14 13:51:00,Electronics,view,0.0,38,M,Accra,8
447,2025-01-17 16:48:00,Beauty,view,0.0,40,F,Takoradi,6
116,2025-01-23 01:07:00,Books,view,0.0,52,M,Accra,6
702,2025-02-23 19:21:00,Beauty,view,0.0,24,F,Accra,0
675,2025-03-08 01:32:00,Electronics,view,0.0,29,F,Accra,2
222,2025-03-28 14:58:00,Electronics,view,0.0,19,O,Kumasi,7
807,2025-04-23 17:05:00,Home,view,0.0,18,F,Takoradi,3
424,2025-04-02 01:32:00,Home,view,0.0,43,O,Kumasi,4
525,2025-02-25 01:13:00,Electronics,view,0.0,43,O,Cape Coast,3
583,2025-03-23 23:40:00,Beauty,view,0.0,40,M,Kumasi,1
260,2025-02-26 23:19:00,Clothing,view,0.0,33,F,Tamale,2
136,2025-02-24 04:43:00,Books,view,0.0,39,F,Cape Coast,0
590,2025-02-01 17:26:00,Electronics,add_to_cart,0.0,43,O,Kumasi,1
277,2025-01-18 06:14:00,Books,view,0.0,35,O,Takoradi,8
52,2025-03-29 07:27:00,Books,view,0.0,67,F,Tamale,4
886,2025-01-16 02:16:00,Electronics,add_to_cart,0.0,51,F,Accra,6
820,2025-04-03 06:17:00,Beauty,view,0.0,50,M,Accra,4
790,2025-04-30 16:51:00,Electronics,view,0.0,46,M,Takoradi,9
8,2025-03-27 01:50:00,Electronics,view,0.0,56,O,Kumasi,3
198,2025-04-04 14:50:00,Books,view,0.0,58,O,Cape Coast,4
967,2025-03-16 07:37:00,Clothing,view,0.0,60,F,Cape Coast,8
39,2025-03-15 11:16:00,Beauty,view,0.0,61,M,Accra,0
47,2025-02-05 08:12:00,Clothing,view,0.0,56,F,Cape Coast,2
65,2025-04-10 17:07:00,Beauty,view,0.0,34,F,Accra,3
555,2025-04-26 20:52:00,Books,view,0.0,44,F,Takoradi,0
535,2025-04-25 17:50:00,Home,view,0.0,27,F,Tamale,6
372,2025-02-20 09:47:00,Books,purchase,364.22,52,F,Tamale,2
848,2025-04-13 14:23:00,Books,view,0.0,62,O,Tamale,9
919,2025-02-18 05:46:00,Clothing,add_to_cart,0.0,28,M,Accra,4
62,2025-03-28 05:36:00,Beauty,view,0.0,64,M,Cape Coast,0
626,2025-03-20 22:41:00,Home,view,0.0,52,O,Accra,5
989,2025-02-14 07:21:00,Books,view,0.0,31,F,Takoradi,9
233,2025-04-23 17:44:00,Electronics,view,0.0,54,F,Tamale,5
180,2025-03-26 04:07:00,Home,view,0.0,59,O,Tamale,8
227,2025-01-06 12:43:00,Home,view,0.0,34,O,Accra,8
632,2025-03-06 06:43:00,Clothing,view,0.0,65,M,Kumasi,4
812,2025-04-17 03:18:00,Electronics,purchase,88.44,28,F,Takoradi,1
933,2025-01-27 12:40:00,Clothing,view,0.0,49,M,Cape Coast,5
993,2025-01-24 20:43:00,Clothing,purchase,336.47,64,M,Accra,3
759,2025-02-25 21:45:00,Home,view,0.0,33,M,Takoradi,2
593,2025-04-10 12:06:00,Electronics,add_to_cart,0.0,58,F,Cape Coast,1
651,2025-03-11 19:34:00,Beauty,view,0.0,33,O,Tamale,5
105,2025-03-31 11:29:00,Beauty,view,0.0,26,M,Cape Coast,1
851,2025-03-10 04:40:00,Home,view,0.0,18,M,Cape Coast,4
475,2025-04-26 16:41:00,Books,view,0.0,69,F,Kumasi,4
348,2025-04-22 14:54:00,Electronics,add_to_cart,0.0,29,O,Tamale,8
409,2025-03-18 00:24:00,Books,view,0.0,40,O,Takoradi,0
756,2025-01-30 13:53:00,Home,view,0.0,48,M,Cape Coast,0
267,2025-03-18 11:53:00,Clothing,add_to_cart,0.0,20,F,Accra,7
247,2025-02-05 16:27:00,Beauty,view,0.0,55,M,Accra,8
775,2025-01-15 10:23:00,Home,view,0.0,25,F,Kumasi,0
762,2025-03-07 13:40:00,Clothing,view,0.0,29,M,Kumasi,5
351,2025-01-13 11:11:00,Clothing,view,0.0,39,F,Kumasi,6
725,2025-02-17 16:52:00,Home,view,0.0,58,F,Takoradi,6
968,2025-04-18 20:32:00,Books,view,0.0,65,F,Cape Coast,8
49,2025-03-19 13:15:00,Electronics,add_to_cart,0.0,21,O,Takoradi,6
444,2025-04-13 00:31:00,Electronics,view,0.0,51,M,Takoradi,1
661,2025-01-18 12:23:00,Clothing,view,0.0,56,O,Takoradi,8
620,2025-04-21 17:13:00,Beauty,view,0.0,54,F,Cape Coast,6
670,2025-01-30 05:57:00,Electronics,view,0.0,46,F,Cape Coast,2
164,2025-03-05 16:33:00,Clothing,view,0.0,47,O,Cape Coast,6
287,2025-03-07 15:03:00,Electronics,view,0.0,59,M,Tamale,6
379,2025-03-19 07:24:00,Beauty,view,0.0,63,O,Accra,5
837,2025-04-12 21:25:00,Beauty,add_to_cart,0.0,54,O,Tamale,7
926,2025-04-30 18:38:00,Home,add_to_cart,0.0,33,M,Kumasi,5
673,2025-03-19 05:09:00,Electronics,view,0.0,35,M,Takoradi,5
612,2025-02-07 15:59:00,Books,view,0.0,53,O,Tamale,4
609,2025-01-06 08:14:00,Beauty,purchase,251.82,66,O,Takoradi,0
526,2025-03-07 03:25:00,Home,add_to_cart,0.0,43,O,Takoradi,0
657,2025-02-04 09:47:00,Electronics,view,0.0,38,M,Cape Coast,7
15,2025-02-04 15:20:00,Books,view,0.0,57,M,Tamale,7
684,2025-04-06 22:04:00,Electronics,add_to_cart,0.0,57,O,Accra,6
149,2025-03-13 11:51:00,Clothing,add_to_cart,0.0,56,F,Cape Coast,8
169,2025-01-24 07:23:00,Electronics,purchase,308.26,32,M,Tamale,3
955,2025-04-23 01:10:00,Clothing,view,0.0,51,F,Cape Coast,4
598,2025-02-12 17:39:00,Electronics,add_to_cart,0.0,28,M,Accra,6
532,2025-03-18 12:00:00,Beauty,view,0.0,47,O,Cape Coast,5
740,2025-02-05 12:01:00,Beauty,view,0.0,64,M,Takoradi,3
719,2025-02-05 05:34:00,Home,view,0.0,30,M,Takoradi,5
350,2025-02-22 08:37:00,Books,view,0.0,39,F,Takoradi,0
43,2025-04-13 17:03:00,Books,view,0.0,68,M,Tamale,4
123,2025-02-14 15:24:00,Home,purchase,333.38,24,O,Accra,4
376,2025-01-24 06:25:00,Home,view,0.0,45,M,Accra,7
701,2025-01-16 05:58:00,Clothing,view,0.0,34,M,Kumasi,9
862,2025-01-27 06:26:00,Electronics,view,0.0,20,F,Accra,4
937,2025-03-20 21:17:00,Beauty,purchase,419.14,49,O,Accra,2
345,2025-01-10 09:33:00,Books,view,0.0,34,F,Kumasi,7
614,2025-02-10 12:08:00,Books,view,0.0,66,O,Cape Coast,4
869,2025-03-14 07:38:00,Home,view,0.0,47,M,Tamale,2
111,2025-04-14 00:31:00,Home,view,0.0,28,M,Accra,5
562,2025-02-16 13:55:00,Electronics,view,0.0,50,M,Cape Coast,8
819,2025-02-23 16:53:00,Beauty,view,0.0,30,O,Tamale,6
432,2025-04-26 18:32:00,Home,view,0.0,62,O,Cape Coast,3
683,2025-03-10 16:42:00,Clothing,add_to_cart,0.0,30,F,Accra,7
204,2025-02-11 12:25:00,Clothing,view,0.0,26,M,Kumasi,4
500,2025-04-23 19:15:00,Books,add_to_cart,0.0,18,F,Kumasi,2
475,2025-03-20 01:44:00,Home,add_to_cart,0.0,69,F,Kumasi,4
836,2025-04-25 21:56:00,Electronics,view,0.0,54,M,Takoradi,7
60,2025-03-14 23:20:00,Electronics,add_to_cart,0.0,61,O,Tamale,8
885,2025-03-21 23:54:00,Electronics,view,0.0,67,F,Accra,2
575,2025-02-14 08:14:00,Electronics,view,0.0,30,F,Takoradi,6
952,2025-01-09 11:05:00,Beauty,view,0.0,29,M,Accra,1
28,2025-02-09 14:05:00,Home,add_to_cart,0.0,39,O,Kumasi,9
203,2025-03-26 17:34:00,Home,view,0.0,44,F,Tamale,0
603,2025-04-27 20:37:00,Books,view,0.0,53,O,Cape Coast,6
360,2025-01-15 17:51:00,Books,view,0.0,44,M,Kumasi,5
444,2025-01-21 16:40:00,Home,purchase,300.14,51,M,Takoradi,1
316,2025-02-07 11:10:00,Beauty,view,0.0,25,F,Takoradi,4
713,2025-01-01 02:20:00,Electronics,view,0.0,27,F,Tamale,1
493,2025-02-24 13:51:00,Home,view,0.0,64,M,Accra,0
219,2025-04-01 06:35:00,Beauty,view,0.0,69,M,Accra,9
942,2025-02-03 00:27:00,Clothing,view,0.0,22,M,Takoradi,2
739,2025-04-05 05:21:00,Books,purchase,267.16,62,F,Tamale,0
703,2025-03-20 12:21:00,Clothing,view,0.0,42,M,Accra,4
251,2025-02-07 01:07:00,Beauty,purchase,451.47,51,M,Kumasi,9
632,2025-04-02 13:43:00,Beauty,view,0.0,65,M,Kumasi,4
428,2025-03-12 07:08:00,Clothing,view,0.0,41,F,Takoradi,4
45,2025-02-06 09:43:00,Electronics,view,0.0,38,F,Cape Coast,5
867,2025-04-21 06:29:00,Beauty,view,0.0,22,F,Tamale,1
419,2025-02-27 08:05:00,Books,add_to_cart,0.0,60,F,Cape Coast,2
732,2025-01-30 19:35:00,Clothing,view,0.0,42,M,Kumasi,1
840,2025-02-14 09:49:00,Electronics,view,0.0,36,O,Takoradi,0
333,2025-02-19 14:31:00,Clothing,view,0.0,58,O,Kumasi,2
351,2025-03-19 21:46:00,Books,add_to_cart,0.0,39,F,Kumasi,6
19,2025-04-01 08:36:00,Books,view,0.0,19,F,Kumasi,8
820,2025-02-26 23:27:00,Beauty,purchase,467.24,50,M,Accra,4
419,2025-03-09 13:38:00,Clothing,view,0.0,60,F,Cape Coast,2
208,2025-03-25 14:06:00,Clothing,view,0.0,59,F,Kumasi,2
854,2025-03-27 21:11:00,Clothing,view,0.0,49,F,Cape Coast,8
431,2025-03-20 04:15:00,Books,view,0.0,53,M,Takoradi,5
244,2025-04-02 08:53:00,Home,add_to_cart,0.0,21,M,Cape Coast,5
420,2025-02-16 10:00:00,Clothing,add_to_cart,0.0,65,O,Kumasi,1
712,2025-02-26 15:57:00,Beauty,view,0.0,44,F,Takoradi,8
790,2025-02-10 11:18:00,Electronics,purchase,342.9,46,M,Takoradi,9
930,2025-02-08 09:46:00,Electronics,view,0.0,21,O,Kumasi,9
357,2025-04-21 19:59:00,Beauty,view,0.0,68,O,Kumasi,6
24,2025-01-26 13:25:00,Clothing,view,0.0,19,O,Tamale,6
245,2025-03-19 01:47:00,Books,view,0.0,28,O,Tamale,5
583,2025-02-17 09:55:00,Electronics,view,0.0,40,M,Kumasi,1
967,2025-04-22 08:26:00,Books,view,0.0,60,F,Cape Coast,8
199,2025-02-12 07:06:00,Beauty,add_to_cart,0.0,20,M,Cape Coast,4
84,2025-02-13 06:39:00,Electronics,view,0.0,32,F,Takoradi,9
909,2025-04-13 07:21:00,Electronics,view,0.0,37,M,Takoradi,7
342,2025-04-08 07:48:00,Books,add_to_cart,0.0,25,M,Kumasi,1
256,2025-03-01 21:59:00,Clothing,view,0.0,33,O,Accra,8
347,2025-01-14 15:38:00,Books,add_to_cart,0.0,65,F,Kumasi,0
780,2025-04-06 22:27:00,Electronics,view,0.0,58,M,Accra,9
36,2025-02-19 02:00:00,Electronics,purchase,57.16,32,F,Takoradi,7
69,2025-01-19 06:45:00,Clothing,add_to_cart,0.0,21,F,Takoradi,2
976,2025-04-14 17:46:00,Home,add_to_cart,0.0,69,M,Takoradi,8
370,2025-02-19 23:13:00,Electronics,view,0.0,36,O,Accra,9
751,2025-03-20 17:13:00,Clothing,view,0.0,64,F,Cape Coast,4
189,2025-01-20 09:09:00,Home,add_to_cart,0.0,28,O,Takoradi,8
445,2025-04-02 07:00:00,Electronics,view,0.0,19,F,Tamale,5
649,2025-01-16 04:33:00,Beauty,view,0.0,36,F,Cape Coast,9
370,2025-03-30 18:12:00,Home,view,0.0,36,O,Accra,9
529,2025-02-06 12:26:00,Beauty,view,0.0,56,F,Cape Coast,0
864,2025-01-08 23:28:00,Home,view,0.0,29,O,Cape Coast,5
444,2025-04-13 15:40:00,Books,view,0.0,51,M,Takoradi,1
982,2025-02-11 09:09:00,Beauty,view,0.0,45,O,Accra,2
449,2025-01-17 20:45:00,Home,view,0.0,68,M,Accra,2
273,2025-02-15 07:20:00,Books,purchase,372.48,58,O,Cape Coast,4
689,2025-01-19 06:16:00,Electronics,view,0.0,19,O,Cape Coast,4
838,2025-01-26 01:58:00,Electronics,view,0.0,27,F,Tamale,3
901,2025-02-06 11:34:00,Books,add_to_cart,0.0,34,F,Takoradi,7
845,2025-02-13 09:45:00,Clothing,view,0.0,63,F,Takoradi,8
643,2025-01-09 10:10:00,Electronics,view,0.0,26,F,Cape Coast,1
506,2025-02-15 08:19:00,Home,add_to_cart,0.0,20,F,Accra,9
918,2025-01-29 08:04:00,Home,view,0.0,65,O,Kumasi,9
106,2025-03-06 21:38:00,Beauty,add_to_cart,0.0,41,O,Cape Coast,1
625,2025-01-22 20:05:00,Home,purchase,493.3,42,O,Accra,7
866,2025-01-31 11:50:00,Beauty,view,0.0,61,F,Cape Coast,5
835,2025-03-07 19:04:00,Home,add_to_cart,0.0,40,M,Tamale,4
803,2025-02-04 21:36:00,Home,view,0.0,67,M,Accra,8
223,2025-04-19 20:07:00,Beauty,view,0.0,20,O,Kumasi,4
516,2025-01-18 18:03:00,Beauty,view,0.0,22,F,Accra,2
592,2025-01-26 05:24:00,Beauty,view,0.0,68,M,Cape Coast,5
301,2025-02-10 05:52:00,Home,view,0.0,49,O,Kumasi,9
405,2025-01-15 02:36:00,Books,view,0.0,67,O,Accra,7
528,2025-01-14 08:46:00,Books,add_to_cart,0.0,38,M,Takoradi,0
840,2025-02-03 07:00:00,Clothing,view,0.0,36,O,Takoradi,0
709,2025-04-04 21:19:00,Clothing,view,0.0,36,M,Takoradi,2
303,2025-01-14 17:40:00,Books,view,0.0,58,O,Takoradi,7
261,2025-03-05 10:04:00,Electronics,add_to_cart,0.0,46,O,Takoradi,3
36,2025-03-20 18:21:00,Clothing,view,0.0,32,F,Takoradi,7
204,2025-03-30 23:16:00,Clothing,view,0.0,26,M,Kumasi,4
210,2025-04-25 17:44:00,Clothing,view,0.0,41,M,Takoradi,1
208,2025-03-22 06:11:00,Clothing,purchase,159.01,59,F,Kumasi,2
83,2025-04-19 11:34:00,Beauty,view,0.0,65,F,Kumasi,2
18,2025-04-03 02:51:00,Beauty,view,0.0,39,M,Accra,7
172,2025-02-20 18:55:00,Beauty,view,0.0,53,F,Accra,4
141,2025-03-03 12:29:00,Clothing,add_to_cart,0.0,54,F,Accra,5
246,2025-03-29 15:43:00,Electronics,view,0.0,34,O,Accra,5
330,2025-03-23 18:06:00,Electronics,add_to_cart,0.0,19,M,Accra,2
79,2025-02-10 09:22:00,Beauty,view,0.0,27,F,Accra,4
486,2025-01-04 04:40:00,Beauty,view,0.0,54,F,Kumasi,1
117,2025-04-11 10:54:00,Home,view,0.0,50,O,Accra,6
188,2025-03-13 17:50:00,Beauty,view,0.0,47,F,Takoradi,1
522,2025-03-12 17:43:00,Clothing,view,0.0,22,M,Takoradi,2
82,2025-01-31 11:47:00,Books,view,0.0,48,M,Cape Coast,5
370,2025-02-04 22:41:00,Electronics,view,0.0,36,O,Accra,9
371,2025-04-10 19:54:00,Home,view,0.0,21,O,Cape Coast,1
315,2025-02-01 06:01:00,Books,view,0.0,66,F,Cape Coast,1
752,2025-04-16 03:31:00,Books,view,0.0,58,O,Kumasi,5
366,2025-01-09 10:22:00,Clothing,purchase,475.09,64,O,Takoradi,6
11,2025-02-19 02:57:00,Home,purchase,94.05,28,O,Accra,1
412,2025-04-06 19:27:00,Electronics,add_to_cart,0.0,59,M,Cape Coast,7
860,2025-01-01 04:09:00,Clothing,view,0.0,43,F,Accra,1
228,2025-03-07 17:12:00,Home,add_to_cart,0.0,66,M,Cape Coast,2
450,2025-03-16 17:37:00,Beauty,view,0.0,42,O,Accra,9
759,2025-03-22 21:42:00,Home,view,0.0,33,M,Takoradi,2
420,2025-04-06 23:57:00,Home,add_to_cart,0.0,65,O,Kumasi,1
924,2025-03-19 03:05:00,Electronics,view,0.0,48,M,Cape Coast,6
844,2025-03-02 07:55:00,Beauty,view,0.0,26,O,Takoradi,5
186,2025-01-25 04:05:00,Books,view,0.0,61,M,Tamale,3
8,2025-01-09 14:35:00,Electronics,add_to_cart,0.0,56,O,Kumasi,3
736,2025-03-13 14:50:00,Books,view,0.0,61,O,Takoradi,7
646,2025-03-24 16:41:00,Home,view,0.0,31,O,Takoradi,8
671,2025-03-16 14:09:00,Home,add_to_cart,0.0,60,M,Cape Coast,2
62,2025-01-03 17:24:00,Home,view,0.0,64,M,Cape Coast,0
349,2025-03-27 17:56:00,Clothing,add_to_cart,0.0,68,O,Cape Coast,2
254,2025-04-26 09:12:00,Clothing,view,0.0,28,M,Takoradi,9
644,2025-04-26 16:59:00,Home,view,0.0,24,F,Tamale,8
130,2025-03-09 00:14:00,Electronics,view,0.0,40,O,Kumasi,0
647,2025-01-19 11:00:00,Home,view,0.0,48,M,Accra,0
684,2025-01-12 21:12:00,Beauty,view,0.0,57,O,Accra,6
798,2025-02-13 19:43:00,Home,purchase,444.71,64,M,Cape Coast,2
512,2025-03-04 23:40:00,Clothing,view,0.0,39,O,Takoradi,8
889,2025-04-18 04:00:00,Electronics,view,0.0,32,M,Takoradi,5
477,2025-04-06 00:04:00,Clothing,view,0.0,30,M,Kumasi,4
842,2025-02-05 00:22:00,Books,view,0.0,38,O,Accra,5
145,2025-04-05 06:16:00,Beauty,add_to_cart,0.0,18,M,Tamale,2
790,2025-01-15 04:14:00,Clothing,view,0.0,46,M,Takoradi,9
53,2025-01-21 22:37:00,Clothing,view,0.0,26,F,Cape Coast,4
800,2025-01-21 03:43:00,Home,purchase,227.42,19,O,Kumasi,7
527,2025-01-20 01:35:00,Home,view,0.0,65,O,Takoradi,0
670,2025-03-18 11:34:00,Books,view,0.0,46,F,Cape Coast,2
696,2025-01-09 12:22:00,Beauty,view,0.0,65,O,Takoradi,4
259,2025-04-08 18:27:00,Electronics,purchase,399.33,23,M,Accra,7
253,2025-01-14 13:14:00,Home,view,0.0,39,F,Tamale,2
984,2025-04-26 13:07:00,Books,add_to_cart,0.0,31,M,Takoradi,2
575,2025-03-09 13:15:00,Beauty,view,0.0,30,F,Takoradi,6
119,2025-02-26 05:34:00,Books,add_to_cart,0.0,59,F,Kumasi,3
387,2025-01-28 09:49:00,Electronics,view,0.0,63,O,Cape Coast,6
891,2025-01-10 00:35:00,Home,view,0.0,68,M,Takoradi,9
953,2025-02-13 12:23:00,Beauty,view,0.0,43,F,Accra,3
400,2025-04-06 12:36:00,Beauty,purchase,190.45,48,O,Takoradi,5
533,2025-03-01 18:20:00,Home,add_to_cart,0.0,54,F,Takoradi,2
902,2025-03-14 00:11:00,Clothing,view,0.0,22,F,Kumasi,9
577,2025-03-27 01:55:00,Home,view,0.0,48,M,Cape Coast,1
702,2025-01-06 05:19:00,Books,view,0.0,24,F,Accra,0
479,2025-03-31 23:31:00,Clothing,add_to_cart,0.0,59,F,Tamale,4
838,2025-01-23 16:29:00,Books,view,0.0,27,F,Tamale,3
305,2025-02-03 08:43:00,Home,add_to_cart,0.0,36,F,Takoradi,6
391,2025-04-15 20:15:00,Beauty,add_to_cart,0.0,69,F,Takoradi,0
47,2025-04-24 18:47:00,Books,purchase,98.02,56,F,Cape Coast,2
301,2025-03-09 16:35:00,Beauty,view,0.0,49,O,Kumasi,9
202,2025-02-09 05:21:00,Electronics,view,0.0,25,F,Kumasi,2
112,2025-03-20 14:00:00,Beauty,view,0.0,68,O,Takoradi,8
234,2025-02-11 19:30:00,Home,purchase,324.64,49,O,Takoradi,2
239,2025-03-19 18:30:00,Electronics,view,0.0,61,F,Kumasi,6
999,2025-04-28 07:23:00,Home,view,0.0,35,F,Accra,7
670,2025-02-27 21:54:00,Electronics,add_to_cart,0.0,46,F,Cape Coast,2
446,2025-04-18 15:03:00,Books,view,0.0,49,M,Cape Coast,4
988,2025-03-11 14:35:00,Books,view,0.0,43,F,Cape Coast,6
690,2025-01-24 14:17:00,Beauty,view,0.0,22,F,Takoradi,0
261,2025-01-30 00:21:00,Clothing,purchase,458.58,46,O,Takoradi,3
603,2025-02-25 15:53:00,Books,view,0.0,53,O,Cape Coast,6
338,2025-02-03 22:52:00,Books,view,0.0,31,F,Accra,2
785,2025-02-17 20:49:00,Home,view,0.0,50,O,Tamale,6
306,2025-03-31 22:05:00,Beauty,view,0.0,65,M,Tamale,6
766,2025-02-27 12:07:00,Home,view,0.0,25,O,Cape Coast,7
663,2025-04-21 09:26:00,Electronics,view,0.0,59,F,Takoradi,0
541,2025-02-28 12:02:00,Home,view,0.0,27,M,Tamale,9
991,2025-01-11 21:17:00,Home,view,0.0,24,F,Tamale,4
574,2025-01-05 08:27:00,Home,view,0.0,46,M,Tamale,7
717,2025-02-07 10:52:00,Books,view,0.0,20,F,Kumasi,8
46,2025-03-11 05:48:00,Home,add_to_cart,0.0,26,M,Cape Coast,5
245,2025-03-22 23:38:00,Books,view,0.0,28,O,Tamale,5
928,2025-01-08 04:29:00,Home,add_to_cart,0.0,21,F,Accra,8
275,2025-04-18 22:29:00,Beauty,add_to_cart,0.0,57,O,Kumasi,9
155,2025-03-18 13:36:00,Books,view,0.0,59,M,Tamale,5
684,2025-03-12 15:54:00,Home,view,0.0,57,O,Accra,6
375,2025-02-04 14:27:00,Home,add_to_cart,0.0,61,M,Kumasi,6
242,2025-04-20 17:50:00,Beauty,add_to_cart,0.0,23,F,Accra,7
701,2025-04-14 06:19:00,Clothing,view,0.0,34,M,Kumasi,9
564,2025-03-27 18:21:00,Books,view,0.0,60,M,Takoradi,0
232,2025-04-27 10:17:00,Books,view,0.0,40,F,Accra,3
137,2025-04-23 06:40:00,Electronics,view,0.0,44,M,Takoradi,5
334,2025-02-01 03:01:00,Clothing,view,0.0,53,O,Tamale,5
142,2025-01-20 09:48:00,Beauty,add_to_cart,0.0,64,F,Takoradi,3
149,2025-03-28 07:30:00,Books,view,0.0,56,F,Cape Coast,8
106,2025-01-27 07:40:00,Clothing,add_to_cart,0.0,41,O,Cape Coast,1
308,2025-01-15 20:26:00,Electronics,add_to_cart,0.0,20,F,Takoradi,3
369,2025-04-24 04:40:00,Electronics,add_to_cart,0.0,65,M,Cape Coast,5
243,2025-02-24 02:16:00,Home,view,0.0,49,M,Tamale,6
112,2025-01-29 03:32:00,Electronics,view,0.0,68,O,Takoradi,8
858,2025-01-08 01:58:00,Clothing,add_to_cart,0.0,25,M,Cape Coast,1
155,2025-01-16 09:39:00,Beauty,view,0.0,59,M,Tamale,5
12,2025-03-16 19:50:00,Electronics,view,0.0,28,F,Tamale,2
780,2025-01-30 08:52:00,Books,add_to_cart,0.0,58,M,Accra,9
705,2025-02-11 16:03:00,Home,view,0.0,21,O,Takoradi,6
444,2025-03-28 14:26:00,Clothing,add_to_cart,0.0,51,M,Takoradi,1
594,2025-01-04 14:42:00,Home,view,0.0,24,F,Kumasi,1
943,2025-02-07 00:13:00,Electronics,view,0.0,35,M,Accra,3
26,2025-01-08 17:15:00,Clothing,add_to_cart,0.0,50,F,Takoradi,7
154,2025-04-02 11:19:00,Electronics,view,0.0,43,F,Takoradi,6
675,2025-01-29 11:51:00,Clothing,view,0.0,29,F,Accra,2
770,2025-02-28 16:09:00,Clothing,view,0.0,45,F,Accra,9
58,2025-02-22 00:23:00,Books,view,0.0,64,O,Kumasi,6
484,2025-01-31 01:18:00,Books,view,0.0,45,F,Takoradi,2
95,2025-04-19 21:22:00,Beauty,view,0.0,43,F,Cape Coast,1
410,2025-01-03 22:19:00,Books,view,0.0,19,M,Kumasi,1
121,2025-02-08 23:07:00,Clothing,add_to_cart,0.0,58,O,Cape Coast,8
923,2025-04-10 14:36:00,Clothing,view,0.0,33,F,Takoradi,1
254,2025-03-14 06:40:00,Beauty,view,0.0,28,M,Takoradi,9
922,2025-03-09 05:23:00,Electronics,view,0.0,40,O,Tamale,7
109,2025-01-24 06:08:00,Home,view,0.0,25,M,Takoradi,7
780,2025-03-26 02:14:00,Books,view,0.0,58,M,Accra,9
814,2025-02-28 19:05:00,Clothing,view,0.0,43,O,Kumasi,9
680,2025-04-07 03:58:00,Beauty,view,0.0,55,M,Accra,9
702,2025-03-01 19:40:00,Books,view,0.0,24,F,Accra,0
217,2025-03-06 21:14:00,Clothing,view,0.0,66,M,Cape Coast,8
886,2025-02-06 21:50:00,Books,view,0.0,51,F,Accra,6
579,2025-03-22 23:23:00,Home,add_to_cart,0.0,19,M,Kumasi,5
601,2025-04-30 02:14:00,Books,add_to_cart,0.0,42,O,Takoradi,6
842,2025-02-01 22:38:00,Electronics,view,0.0,38,O,Accra,5
232,2025-01-14 03:19:00,Beauty,view,0.0,40,F,Accra,3
738,2025-03-18 00:51:00,Beauty,view,0.0,49,F,Kumasi,5
544,2025-01-09 16:52:00,Books,view,0.0,18,O,Accra,1
80,2025-01-06 15:10:00,Clothing,add_to_cart,0.0,53,O,Takoradi,7
220,2025-02-10 14:59:00,Books,view,0.0,29,F,Kumasi,3
760,2025-04-19 16:06:00,Beauty,view,0.0,40,F,Tamale,8
508,2025-03-22 14:35:00,Beauty,view,0.0,43,M,Accra,5
117,2025-03-16 23:30:00,Beauty,view,0.0,50,O,Accra,6
308,2025-04-01 09:29:00,Books,purchase,364.23,20,F,Takoradi,3
157,2025-01-23 17:20:00,Home,view,0.0,68,O,Takoradi,2
332,2025-01-30 18:32:00,Clothing,view,0.0,33,F,Cape Coast,1
320,2025-01-21 00:48:00,Home,view,0.0,37,O,Takoradi,0
655,2025-02-05 14:53:00,Clothing,add_to_cart,0.0,42,F,Tamale,7
673,2025-04-15 06:22:00,Home,view,0.0,35,M,Takoradi,5
194,2025-02-07 22:50:00,Books,add_to_cart,0.0,18,M,Takoradi,0
380,2025-03-08 06:06:00,Beauty,add_to_cart,0.0,23,O,Accra,3
421,2025-04-23 03:22:00,Books,view,0.0,56,F,Tamale,5
31,2025-02-03 17:00:00,Clothing,add_to_cart,0.0,66,F,Accra,1
744,2025-02-12 23:55:00,Electronics,view,0.0,28,M,Cape Coast,0
778,2025-01-20 05:07:00,Books,view,0.0,45,M,Takoradi,5
736,2025-02-20 21:41:00,Beauty,view,0.0,61,O,Takoradi,7
423,2025-03-25 23:23:00,Clothing,view,0.0,59,O,Takoradi,9
327,2025-03-15 14:11:00,Electronics,view,0.0,35,M,Takoradi,8
921,2025-03-21 04:18:00,Beauty,view,0.0,64,F,Kumasi,9
369,2025-04-13 23:54:00,Electronics,add_to_cart,0.0,65,M,Cape Coast,5
782,2025-04-22 22:08:00,Books,add_to_cart,0.0,44,M,Cape Coast,1
629,2025-03-25 07:31:00,Books,view,0.0,34,M,Cape Coast,1
659,2025-04-03 21:05:00,Beauty,view,0.0,40,M,Cape Coast,5
42,2025-01-03 00:43:00,Books,add_to_cart,0.0,54,M,Kumasi,4
991,2025-03-12 16:55:00,Home,view,0.0,24,F,Tamale,4
643,2025-01-30 02:57:00,Electronics,purchase,290.22,26,F,Cape Coast,1
374,2025-01-14 02:27:00,Clothing,view,0.0,34,M,Tamale,8
903,2025-02-08 04:34:00,Clothing,view,0.0,46,O,Kumasi,7
52,2025-01-14 03:26:00,Books,purchase,167.23,67,F,Tamale,4
271,2025-04-23 04:51:00,Beauty,view,0.0,24,M,Kumasi,6
810,2025-04-23 14:05:00,Books,view,0.0,64,O,Cape Coast,8
872,2025-03-14 10:58:00,Clothing,add_to_cart,0.0,64,M,Cape Coast,0
484,2025-01-27 08:04:00,Home,view,0.0,45,F,Takoradi,2
259,2025-01-30 20:34:00,Beauty,view,0.0,23,M,Accra,7
997,2025-03-03 02:21:00,Clothing,view,0.0,64,M,Accra,1
599,2025-02-09 00:24:00,Beauty,add_to_cart,0.0,46,O,Tamale,2
442,2025-02-08 13:12:00,Clothing,add_to_cart,0.0,32,F,Tamale,8
288,2025-04-07 03:27:00,Clothing,view,0.0,52,O,Cape Coast,6
464,2025-04-29 23:10:00,Electronics,view,0.0,22,F,Kumasi,3
509,2025-03-17 05:27:00,Books,add_to_cart,0.0,33,O,Takoradi,0
897,2025-02-01 07:53:00,Home,add_to_cart,0.0,32,M,Takoradi,4
74,2025-04-21 06:38:00,Clothing,view,0.0,46,F,Takoradi,5
764,2025-04-24 09:18:00,Books,view,0.0,49,M,Accra,5
898,2025-04-03 03:52:00,Clothing,view,0.0,47,O,Kumasi,1
593,2025-01-10 20:40:00,Beauty,add_to_cart,0.0,58,F,Cape Coast,1
917,2025-03-01 08:45:00,Books,view,0.0,60,O,Takoradi,4
614,2025-02-20 03:51:00,Electronics,view,0.0,66,O,Cape Coast,4
509,2025-01-14 16:12:00,Electronics,add_to_cart,0.0,33,O,Takoradi,0
185,2025-01-17 15:49:00,Clothing,view,0.0,61,O,Accra,3
187,2025-03-22 02:33:00,Electronics,view,0.0,37,M,Kumasi,7
418,2025-03-31 08:29:00,Beauty,view,0.0,26,O,Takoradi,9
793,2025-04-12 11:24:00,Electronics,view,0.0,52,F,Takoradi,8
236,2025-01-26 04:15:00,Books,add_to_cart,0.0,18,F,Cape Coast,1
794,2025-01-20 08:22:00,Books,view,0.0,23,O,Kumasi,4
148,2025-03-28 10:26:00,Books,view,0.0,31,O,Takoradi,0
113,2025-03-12 21:09:00,Clothing,view,0.0,34,M,Kumasi,3
644,2025-03-23 23:22:00,Electronics,view,0.0,24,F,Tamale,8
868,2025-04-09 16:27:00,Clothing,view,0.0,47,O,Kumasi,9
697,2025-03-18 00:56:00,Clothing,view,0.0,62,O,Kumasi,3
605,2025-02-06 03:11:00,Clothing,add_to_cart,0.0,54,M,Cape Coast,6
476,2025-03-08 19:09:00,Beauty,view,0.0,33,O,Takoradi,6
959,2025-02-22 20:26:00,Home,view,0.0,62,F,Tamale,1
262,2025-01-11 01:38:00,Beauty,view,0.0,20,O,Kumasi,7
725,2025-03-26 17:20:00,Home,add_to_cart,0.0,58,F,Takoradi,6
466,2025-04-26 23:12:00,Home,add_to_cart,0.0,21,M,Cape Coast,0
817,2025-03-06 05:18:00,Beauty,add_to_cart,0.0,44,F,Takoradi,7
849,2025-01-21 21:14:00,Clothing,view,0.0,30,O,Accra,0
487,2025-02-01 16:03:00,Beauty,add_to_cart,0.0,43,M,Kumasi,5
388,2025-04-27 00:32:00,Electronics,view,0.0,48,O,Accra,3
658,2025-02-23 14:05:00,Clothing,view,0.0,53,F,Takoradi,8
365,2025-01-23 21:42:00,Books,add_to_cart,0.0,45,F,Tamale,2
328,2025-04-13 15:34:00,Electronics,add_to_cart,0.0,63,M,Takoradi,9
155,2025-01-15 16:42:00,Books,add_to_cart,0.0,59,M,Tamale,5
298,2025-04-20 01:47:00,Home,purchase,159.94,29,F,Cape Coast,0
517,2025-04-26 15:52:00,Clothing,view,0.0,64,O,Cape Coast,4
23,2025-03-03 12:08:00,Electronics,add_to_cart,0.0,55,F,Takoradi,7
604,2025-04-18 04:23:00,Beauty,add_to_cart,0.0,27,O,Takoradi,5
956,2025-02-17 11:08:00,Books,add_to_cart,0.0,66,M,Kumasi,1
356,2025-01-14 18:06:00,Home,view,0.0,62,F,Accra,8
812,2025-02-01 14:10:00,Clothing,view,0.0,28,F,Takoradi,1
893,2025-03-09 16:16:00,Beauty,view,0.0,69,O,Takoradi,3
471,2025-02-15 23:28:00,Beauty,view,0.0,47,M,Accra,8
541,2025-01-19 23:35:00,Home,view,0.0,27,M,Tamale,9
379,2025-01-23 06:45:00,Beauty,view,0.0,63,O,Accra,5
264,2025-02-24 01:12:00,Electronics,view,0.0,53,F,Tamale,5
944,2025-04-10 15:51:00,Home,view,0.0,45,F,Cape Coast,3
87,2025-02-24 20:12:00,Books,view,0.0,40,M,Takoradi,9
1000,2025-03-12 13:38:00,Clothing,add_to_cart,0.0,55,M,Tamale,8
618,2025-01-18 13:09:00,Clothing,add_to_cart,0.0,40,O,Cape Coast,5
197,2025-03-06 13:17:00,Books,view,0.0,30,O,Accra,4
776,2025-03-15 16:37:00,Electronics,purchase,40.89,67,M,Kumasi,7
84,2025-01-15 02:05:00,Electronics,purchase,151.09,32,F,Takoradi,9
368,2025-04-21 12:57:00,Beauty,view,0.0,22,F,Accra,4
13,2025-01-24 07:13:00,Beauty,add_to_cart,0.0,41,F,Cape Coast,4
318,2025-04-30 00:24:00,Clothing,add_to_cart,0.0,55,M,Accra,7
141,2025-02-02 23:23:00,Home,view,0.0,54,F,Accra,5
279,2025-01-29 01:20:00,Clothing,purchase,205.04,18,O,Kumasi,7
869,2025-02-27 07:43:00,Electronics,view,0.0,47,M,Tamale,2
443,2025-01-01 00:14:00,Electronics,view,0.0,45,O,Cape Coast,0
948,2025-02-27 08:43:00,Beauty,view,0.0,23,M,Cape Coast,0
647,2025-02-15 08:22:00,Electronics,view,0.0,48,M,Accra,0
900,2025-03-06 21:41:00,Clothing,view,0.0,68,O,Tamale,6
600,2025-03-20 02:24:00,Electronics,view,0.0,53,M,Accra,7
188,2025-01-13 02:03:00,Beauty,view,0.0,47,F,Takoradi,1
263,2025-01-26 10:23:00,Home,purchase,343.77,37,M,Tamale,0
684,2025-04-16 06:18:00,Home,purchase,367.94,57,O,Accra,6
943,2025-04-11 23:29:00,Beauty,add_to_cart,0.0,35,M,Accra,3
75,2025-04-11 15:57:00,Clothing,purchase,438.29,35,M,Takoradi,2
48,2025-03-04 11:22:00,Clothing,add_to_cart,0.0,35,F,Tamale,8
870,2025-03-28 20:24:00,Beauty,view,0.0,34,O,Kumasi,5
397,2025-02-11 16:13:00,Clothing,view,0.0,35,F,Takoradi,2
721,2025-02-01 23:23:00,Books,view,0.0,45,O,Kumasi,7
880,2025-03-10 03:25:00,Clothing,add_to_cart,0.0,68,O,Takoradi,9
202,2025-04-20 21:11:00,Home,view,0.0,25,F,Kumasi,2
501,2025-02-21 19:38:00,Electronics,view,0.0,33,O,Takoradi,2
205,2025-01-14 11:39:00,Books,view,0.0,54,O,Kumasi,8
304,2025-04-03 10:15:00,Home,add_to_cart,0.0,52,O,Cape Coast,8
515,2025-03-09 21:04:00,Clothing,purchase,260.39,45,F,Accra,0
66,2025-03-17 04:36:00,Home,view,0.0,53,O,Cape Coast,1
68,2025-02-28 20:23:00,Beauty,add_to_cart,0.0,57,F,Cape Coast,4
240,2025-03-29 16:52:00,Clothing,view,0.0,43,M,Kumasi,8
626,2025-03-07 03:50:00,Home,view,0.0,52,O,Accra,5
962,2025-03-11 08:04:00,Beauty,view,0.0,43,F,Accra,9
457,2025-04-02 22:07:00,Beauty,view,0.0,32,F,Takoradi,6
246,2025-03-26 22:05:00,Home,view,0.0,34,O,Accra,5
7,2025-03-01 03:38:00,Books,view,0.0,38,F,Kumasi,6
15,2025-03-05 01:12:00,Clothing,purchase,165.3,57,M,Tamale,7
630,2025-03-25 06:02:00,Books,add_to_cart,0.0,66,M,Accra,1
346,2025-03-08 07:56:00,Electronics,view,0.0,50,M,Accra,1
482,2025-04-26 04:30:00,Home,view,0.0,34,M,Takoradi,3
513,2025-01-22 14:25:00,Clothing,add_to_cart,0.0,46,O,Tamale,2
1,2025-04-17 08:22:00,Home,purchase,458.64,56,O,Cape Coast,7
294,2025-02-09 17:15:00,Books,purchase,225.35,66,F,Takoradi,2
771,2025-01-14 01:31:00,Home,view,0.0,25,O,Cape Coast,5
626,2025-01-31 00:23:00,Electronics,purchase,116.21,52,O,Accra,5
486,2025-02-17 11:11:00,Home,add_to_cart,0.0,54,F,Kumasi,1
215,2025-03-07 06:33:00,Books,view,0.0,58,M,Accra,7
939,2025-02-12 13:02:00,Home,view,0.0,68,F,Tamale,8
496,2025-01-03 09:52:00,Clothing,view,0.0,65,F,Kumasi,8
702,2025-01-10 19:08:00,Home,view,0.0,24,F,Accra,0
996,2025-01-26 05:21:00,Clothing,view,0.0,60,M,Kumasi,3
419,2025-03-07 02:08:00,Home,purchase,219.89,60,F,Cape Coast,2
780,2025-01-03 17:55:00,Electronics,purchase,43.45,58,M,Accra,9
854,2025-04-25 06:50:00,Electronics,view,0.0,49,F,Cape Coast,8
268,2025-04-26 23:49:00,Electronics,view,0.0,36,F,Tamale,3
182,2025-04-16 16:06:00,Electronics,view,0.0,23,O,Accra,2
946,2025-01-24 01:34:00,Books,view,0.0,39,F,Accra,2
161,2025-01-21 20:09:00,Books,view,0.0,69,F,Cape Coast,2
777,2025-04-12 05:50:00,Books,view,0.0,45,M,Kumasi,9
547,2025-03-23 20:18:00,Books,view,0.0,21,O,Kumasi,2
714,2025-01-17 03:25:00,Books,view,0.0,43,O,Accra,4
402,2025-01-01 13:07:00,Clothing,view,0.0,57,F,Accra,7
444,2025-02-03 03:00:00,Home,view,0.0,51,M,Takoradi,1
257,2025-04-06 19:53:00,Beauty,view,0.0,50,M,Accra,0
263,2025-01-22 17:44:00,Clothing,view,0.0,37,M,Tamale,0
219,2025-01-10 13:45:00,Home,add_to_cart,0.0,69,M,Accra,9
587,2025-01-06 20:32:00,Home,view,0.0,46,F,Cape Coast,7
466,2025-04-09 19:42:00,Books,view,0.0,21,M,Cape Coast,0
664,2025-02-25 01:21:00,Beauty,view,0.0,56,F,Tamale,2
578,2025-01-08 00:58:00,Home,view,0.0,63,F,Cape Coast,3
156,2025-01-10 12:00:00,Clothing,add_to_cart,0.0,30,F,Cape Coast,8
645,2025-04-16 09:11:00,Clothing,add_to_cart,0.0,45,O,Cape Coast,0
405,2025-03-06 02:04:00,Electronics,view,0.0,67,O,Accra,7
177,2025-03-13 16:08:00,Electronics,view,0.0,39,O,Cape Coast,0
135,2025-01-07 14:38:00,Home,view,0.0,57,M,Accra,2
796,2025-03-20 01:06:00,Clothing,add_to_cart,0.0,68,O,Kumasi,6
522,2025-04-28 17:32:00,Home,view,0.0,22,M,Takoradi,2
814,2025-03-02 03:12:00,Books,view,0.0,43,O,Kumasi,9
806,2025-04-12 17:37:00,Electronics,view,0.0,50,O,Accra,5
589,2025-02-13 18:25:00,Electronics,view,0.0,27,M,Kumasi,6
388,2025-03-26 21:50:00,Books,view,0.0,48,O,Accra,3
49,2025-03-08 18:00:00,Books,view,0.0,21,O,Takoradi,6
119,2025-02-21 08:22:00,Books,view,0.0,59,F,Kumasi,3
506,2025-01-06 16:21:00,Electronics,purchase,427.49,20,F,Accra,9
840,2025-03-05 04:30:00,Books,view,0.0,36,O,Takoradi,0
218,2025-04-17 07:39:00,Electronics,view,0.0,66,O,Cape Coast,2
5,2025-01-28 20:39:00,Electronics,view,0.0,60,O,Kumasi,2
493,2025-01-09 01:31:00,Home,view,0.0,64,M,Accra,0
543,2025-01-07 02:50:00,Home,add_to_cart,0.0,49,M,Kumasi,4
10,2025-03-02 13:49:00,Clothing,view,0.0,40,M,Takoradi,8
513,2025-04-04 05:14:00,Electronics,view,0.0,46,O,Tamale,2
961,2025-03-03 23:02:00,Electronics,view,0.0,26,M,Accra,9
904,2025-03-01 16:39:00,Electronics,add_to_cart,0.0,21,O,Accra,3
553,2025-01-12 18:35:00,Books,view,0.0,45,F,Cape Coast,7
349,2025-01-11 03:13:00,Books,view,0.0,68,O,Cape Coast,2
968,2025-02-05 09:06:00,Beauty,view,0.0,65,F,Cape Coast,8
336,2025-01-25 08:03:00,Books,view,0.0,21,O,Cape Coast,8
518,2025-01-01 06:00:00,Home,purchase,337.25,66,O,Cape Coast,1
65,2025-03-06 06:20:00,Books,view,0.0,34,F,Accra,3
801,2025-02-17 21:29:00,Beauty,view,0.0,27,M,Takoradi,0
428,2025-03-30 11:16:00,Books,view,0.0,41,F,Takoradi,4
227,2025-04-29 19:51:00,Books,view,0.0,34,O,Accra,8
321,2025-01-10 17:46:00,Clothing,view,0.0,52,M,Kumasi,0
278,2025-03-27 08:20:00,Beauty,view,0.0,57,M,Cape Coast,8
390,2025-04-30 13:32:00,Electronics,view,0.0,50,O,Tamale,7
727,2025-04-22 18:01:00,Home,view,0.0,18,O,Tamale,8
886,2025-04-02 06:43:00,Beauty,view,0.0,51,F,Accra,6
774,2025-02-26 21:45:00,Home,add_to_cart,0.0,43,F,Takoradi,6
202,2025-04-27 09:41:00,Home,purchase,353.96,25,F,Kumasi,2
219,2025-01-18 18:18:00,Beauty,view,0.0,69,M,Accra,9
152,2025-04-01 15:29:00,Home,view,0.0,32,M,Takoradi,9
428,2025-04-08 19:40:00,Beauty,view,0.0,41,F,Takoradi,4
378,2025-01-08 21:41:00,Books,view,0.0,46,O,Cape Coast,8
389,2025-03-08 22:09:00,Books,purchase,448.05,52,M,Accra,4
776,2025-04-05 20:01:00,Beauty,view,0.0,67,M,Kumasi,7
19,2025-03-28 17:52:00,Books,view,0.0,19,F,Kumasi,8
52,2025-02-16 17:53:00,Beauty,view,0.0,67,F,Tamale,4
115,2025-04-02 00:55:00,Clothing,add_to_cart,0.0,52,M,Tamale,7
31,2025-03-18 23:04:00,Home,purchase,433.71,66,F,Accra,1
114,2025-04-30 00:31:00,Home,add_to_cart,0.0,25,M,Accra,0
169,2025-01-12 08:49:00,Home,add_to_cart,0.0,32,M,Tamale,3
182,2025-02-26 09:33:00,Beauty,view,0.0,23,O,Accra,2
934,2025-02-01 09:40:00,Clothing,add_to_cart,0.0,20,M,Tamale,7
617,2025-01-20 19:08:00,Beauty,view,0.0,41,O,Kumasi,8
984,2025-04-07 08:40:00,Books,add_to_cart,0.0,31,M,Takoradi,2
219,2025-01-21 04:34:00,Books,view,0.0,69,M,Accra,9
944,2025-03-21 19:34:00,Electronics,view,0.0,45,F,Cape Coast,3
495,2025-02-08 01:41:00,Electronics,view,0.0,49,M,Tamale,3
262,2025-03-07 23:55:00,Electronics,view,0.0,20,O,Kumasi,7
833,2025-01-28 03:19:00,Electronics,view,0.0,55,O,Takoradi,9
427,2025-02-18 09:11:00,Electronics,add_to_cart,0.0,42,F,Kumasi,9
189,2025-01-12 14:39:00,Electronics,view,0.0,28,O,Takoradi,8
782,2025-02-03 15:16:00,Home,view,0.0,44,M,Cape Coast,1
315,2025-04-24 17:35:00,Beauty,view,0.0,66,F,Cape Coast,1
554,2025-03-10 18:42:00,Books,view,0.0,49,F,Accra,9
339,2025-02-16 11:35:00,Beauty,view,0.0,38,M,Kumasi,3
819,2025-04-22 10:33:00,Electronics,add_to_cart,0.0,30,O,Tamale,6
637,2025-03-02 12:04:00,Electronics,view,0.0,66,F,Tamale,7
960,2025-02-28 05:32:00,Clothing,view,0.0,44,M,Accra,0
481,2025-03-28 10:23:00,Clothing,view,0.0,36,O,Cape Coast,4
757,2025-01-10 14:35:00,Beauty,view,0.0,18,M,Tamale,3
242,2025-03-03 05:36:00,Clothing,view,0.0,23,F,Accra,7
388,2025-01-23 12:16:00,Electronics,view,0.0,48,O,Accra,3
769,2025-04-21 11:36:00,Clothing,view,0.0,41,O,Kumasi,9
36,2025-03-20 05:21:00,Beauty,add_to_cart,0.0,32,F,Takoradi,7
608,2025-02-28 19:35:00,Electronics,view,0.0,52,F,Kumasi,0
242,2025-04-20 02:28:00,Home,add_to_cart,0.0,23,F,Accra,7
440,2025-01-31 21:34:00,Clothing,view,0.0,68,O,Takoradi,4
723,2025-01-07 03:11:00,Beauty,view,0.0,45,M,Cape Coast,0
862,2025-02-28 17:40:00,Home,view,0.0,20,F,Accra,4
961,2025-02-10 14:53:00,Clothing,view,0.0,26,M,Accra,9
402,2025-03-21 01:35:00,Beauty,add_to_cart,0.0,57,F,Accra,7
376,2025-01-30 22:01:00,Home,add_to_cart,0.0,45,M,Accra,7
765,2025-03-10 01:50:00,Beauty,view,0.0,33,M,Kumasi,3
738,2025-04-28 23:54:00,Beauty,purchase,331.24,49,F,Kumasi,5
565,2025-01-14 14:43:00,Home,add_to_cart,0.0,54,O,Cape Coast,4
487,2025-03-17 15:04:00,Clothing,view,0.0,43,M,Kumasi,5
951,2025-04-04 14:42:00,Books,view,0.0,58,O,Accra,0
894,2025-02-20 09:23:00,Home,purchase,87.27,55,O,Accra,2
181,2025-03-04 06:10:00,Books,view,0.0,62,O,Kumasi,4
85,2025-02-24 22:03:00,Electronics,view,0.0,25,F,Kumasi,4
111,2025-03-19 18:58:00,Books,view,0.0,28,M,Accra,5
914,2025-02-13 22:29:00,Books,view,0.0,19,O,Tamale,4
55,2025-04-15 03:04:00,Electronics,view,0.0,19,O,Tamale,3
219,2025-03-21 12:35:00,Books,view,0.0,69,M,Accra,9
872,2025-02-14 14:19:00,Beauty,add_to_cart,0.0,64,M,Cape Coast,0
955,2025-01-05 21:53:00,Beauty,view,0.0,51,F,Cape Coast,4
350,2025-01-26 04:12:00,Books,view,0.0,39,F,Takoradi,0
653,2025-03-29 19:54:00,Beauty,view,0.0,52,F,Cape Coast,0
115,2025-03-02 19:14:00,Clothing,view,0.0,52,M,Tamale,7
395,2025-02-06 08:10:00,Home,view,0.0,50,O,Kumasi,9
802,2025-02-07 22:52:00,Electronics,purchase,199.01,47,M,Takoradi,6
820,2025-01-30 21:04:00,Electronics,view,0.0,50,M,Accra,4
718,2025-01-14 16:07:00,Home,view,0.0,62,M,Accra,8
669,2025-02-10 10:44:00,Books,view,0.0,40,M,Kumasi,1
275,2025-01-26 20:50:00,Books,view,0.0,57,O,Kumasi,9
767,2025-04-02 19:53:00,Home,view,0.0,55,O,Tamale,8
197,2025-01-08 13:55:00,Home,purchase,361.25,30,O,Accra,4
584,2025-02-20 09:30:00,Books,view,0.0,34,M,Kumasi,2
914,2025-03-23 06:47:00,Beauty,view,0.0,19,O,Tamale,4
627,2025-01-03 05:03:00,Beauty,view,0.0,58,O,Kumasi,3
9,2025-04-14 18:16:00,Electronics,add_to_cart,0.0,36,M,Kumasi,6
142,2025-01-22 19:26:00,Home,view,0.0,64,F,Takoradi,3
606,2025-01-08 21:24:00,Beauty,purchase,328.13,26,F,Kumasi,4
246,2025-03-06 19:20:00,Electronics,add_to_cart,0.0,34,O,Accra,5
922,2025-01-09 19:55:00,Home,view,0.0,40,O,Tamale,7
548,2025-04-28 08:21:00,Electronics,view,0.0,33,O,Cape Coast,7
805,2025-04-12 18:07:00,Clothing,view,0.0,22,O,Takoradi,7
397,2025-03-25 03:42:00,Beauty,view,0.0,35,F,Takoradi,2
970,2025-04-05 23:38:00,Books,add_to_cart,0.0,43,F,Accra,9
426,2025-02-11 01:03:00,Books,view,0.0,67,M,Tamale,4
77,2025-01-21 23:49:00,Clothing,view,0.0,61,O,Accra,1
320,2025-04-14 11:56:00,Books,view,0.0,37,O,Takoradi,0
863,2025-01-18 02:11:00,Home,purchase,257.58,67,F,Tamale,4
751,2025-02-21 01:50:00,Home,view,0.0,64,F,Cape Coast,4
392,2025-04-06 10:28:00,Beauty,view,0.0,38,O,Tamale,0
43,2025-02-18 09:55:00,Electronics,view,0.0,68,M,Tamale,4
674,2025-02-07 04:03:00,Clothing,add_to_cart,0.0,64,F,Accra,7
710,2025-04-30 13:07:00,Books,view,0.0,61,O,Takoradi,8
878,2025-03-02 02:47:00,Books,view,0.0,19,O,Kumasi,2
465,2025-03-09 21:31:00,Home,view,0.0,56,F,Accra,2
110,2025-01-15 11:50:00,Beauty,purchase,284.34,41,F,Cape Coast,6
521,2025-02-03 03:08:00,Books,add_to_cart,0.0,69,M,Kumasi,6
570,2025-04-02 18:18:00,Electronics,view,0.0,57,O,Cape Coast,0
618,2025-01-08 00:09:00,Clothing,add_to_cart,0.0,40,O,Cape Coast,5
43,2025-02-19 02:39:00,Home,view,0.0,68,M,Tamale,4
814,2025-03-05 05:46:00,Clothing,view,0.0,43,O,Kumasi,9
221,2025-04-16 21:16:00,Home,view,0.0,56,O,Takoradi,5
369,2025-04-18 14:25:00,Beauty,view,0.0,65,M,Cape Coast,5
553,2025-03-10 03:43:00,Electronics,view,0.0,45,F,Cape Coast,7
899,2025-04-27 02:25:00,Clothing,view,0.0,59,F,Takoradi,1
714,2025-03-07 23:10:00,Home,view,0.0,43,O,Accra,4
983,2025-04-08 08:18:00,Clothing,view,0.0,40,M,Cape Coast,9
962,2025-01-15 23:20:00,Home,view,0.0,43,F,Accra,9
923,2025-03-29 06:05:00,Books,add_to_cart,0.0,33,F,Takoradi,1
945,2025-01-17 13:41:00,Beauty,view,0.0,59,O,Accra,4
607,2025-03-30 14:32:00,Beauty,add_to_cart,0.0,41,O,Takoradi,6
325,2025-01-05 03:16:00,Books,view,0.0,42,F,Cape Coast,6
634,2025-01-29 07:33:00,Electronics,view,0.0,39,F,Takoradi,5
947,2025-02-06 04:52:00,Beauty,view,0.0,38,O,Kumasi,2
851,2025-01-12 19:00:00,Electronics,view,0.0,18,M,Cape Coast,4
939,2025-03-12 16:58:00,Home,view,0.0,68,F,Tamale,8
166,2025-02-23 10:28:00,Clothing,view,0.0,40,M,Tamale,6
234,2025-03-10 22:54:00,Books,view,0.0,49,O,Takoradi,2
246,2025-02-16 20:19:00,Beauty,view,0.0,34,O,Accra,5
257,2025-01-15 16:50:00,Home,view,0.0,50,M,Accra,0
636,2025-02-03 05:44:00,Electronics,view,0.0,36,M,Takoradi,6
118,2025-03-10 06:32:00,Books,purchase,413.66,22,O,Takoradi,2
683,2025-01-27 06:51:00,Home,view,0.0,30,F,Accra,7
97,2025-04-14 16:44:00,Books,add_to_cart,0.0,62,O,Cape Coast,8
950,2025-03-28 23:28:00,Home,view,0.0,22,F,Kumasi,9
614,2025-04-27 07:44:00,Clothing,view,0.0,66,O,Cape Coast,4
676,2025-03-22 04:02:00,Beauty,view,0.0,26,F,Accra,4
942,2025-03-20 19:48:00,Home,view,0.0,22,M,Takoradi,2
224,2025-01-23 15:16:00,Beauty,add_to_cart,0.0,66,O,Accra,2
399,2025-02-13 13:57:00,Clothing,add_to_cart,0.0,59,F,Accra,0
708,2025-03-04 22:43:00,Books,view,0.0,48,F,Kumasi,1
877,2025-04-05 11:51:00,Home,view,0.0,31,F,Cape Coast,3
206,2025-01-18 18:59:00,Clothing,view,0.0,50,F,Kumasi,8
467,2025-03-14 03:14:00,Home,view,0.0,23,F,Kumasi,2
113,2025-04-27 00:06:00,Books,view,0.0,34,M,Kumasi,3
780,2025-02-17 00:58:00,Beauty,view,0.0,58,M,Accra,9
107,2025-03-04 05:30:00,Home,view,0.0,18,F,Cape Coast,2
849,2025-04-29 17:21:00,Books,purchase,264.84,30,O,Accra,0
627,2025-04-01 07:23:00,Beauty,view,0.0,58,O,Kumasi,3
989,2025-02-12 20:02:00,Home,add_to_cart,0.0,31,F,Takoradi,9
73,2025-02-26 00:32:00,Clothing,purchase,268.21,21,O,Takoradi,1
885,2025-03-06 19:11:00,Electronics,view,0.0,67,F,Accra,2
498,2025-03-21 03:07:00,Clothing,add_to_cart,0.0,57,F,Kumasi,5
463,2025-01-28 08:01:00,Electronics,view,0.0,61,O,Cape Coast,1
202,2025-01-09 01:23:00,Home,view,0.0,25,F,Kumasi,2
458,2025-04-24 22:27:00,Beauty,view,0.0,60,M,Kumasi,3
244,2025-02-19 00:59:00,Home,add_to_cart,0.0,21,M,Cape Coast,5
394,2025-01-21 04:14:00,Clothing,add_to_cart,0.0,40,F,Kumasi,2
812,2025-02-08 04:24:00,Clothing,add_to_cart,0.0,28,F,Takoradi,1
320,2025-03-13 21:51:00,Electronics,view,0.0,37,O,Takoradi,0
649,2025-01-10 15:09:00,Electronics,add_to_cart,0.0,36,F,Cape Coast,9
483,2025-04-01 18:42:00,Books,add_to_cart,0.0,36,O,Kumasi,5
502,2025-01-05 13:52:00,Clothing,view,0.0,56,M,Kumasi,9
44,2025-02-21 13:18:00,Beauty,view,0.0,24,M,Takoradi,3
820,2025-01-24 16:24:00,Beauty,view,0.0,50,M,Accra,4
832,2025-01-28 21:55:00,Home,view,0.0,22,F,Kumasi,8
428,2025-02-11 07:37:00,Beauty,add_to_cart,0.0,41,F,Takoradi,4
460,2025-01-25 05:43:00,Beauty,view,0.0,50,F,Takoradi,0
309,2025-02-03 12:12:00,Home,view,0.0,37,M,Tamale,1
70,2025-04-12 20:43:00,Beauty,view,0.0,19,M,Cape Coast,8
135,2025-03-31 14:55:00,Electronics,add_to_cart,0.0,57,M,Accra,2
308,2025-04-12 08:14:00,Books,view,0.0,20,F,Takoradi,3
608,2025-02-06 17:19:00,Clothing,view,0.0,52,F,Kumasi,0
606,2025-03-04 02:45:00,Books,add_to_cart,0.0,26,F,Kumasi,4
177,2025-01-01 08:21:00,Books,add_to_cart,0.0,39,O,Cape Coast,0
220,2025-03-26 12:31:00,Electronics,view,0.0,29,F,Kumasi,3
260,2025-01-03 16:29:00,Clothing,view,0.0,33,F,Tamale,2
215,2025-02-23 07:24:00,Beauty,add_to_cart,0.0,58,M,Accra,7
313,2025-03-20 19:43:00,Home,purchase,264.02,69,O,Kumasi,0
14,2025-04-09 00:51:00,Electronics,purchase,349.53,53,F,Tamale,2
260,2025-02-05 12:57:00,Electronics,purchase,18.41,33,F,Tamale,2
116,2025-01-20 09:55:00,Clothing,view,0.0,52,M,Accra,6
278,2025-04-22 02:10:00,Electronics,view,0.0,57,M,Cape Coast,8
392,2025-03-14 14:31:00,Books,add_to_cart,0.0,38,O,Tamale,0
798,2025-01-13 11:20:00,Electronics,view,0.0,64,M,Cape Coast,2
275,2025-04-13 15:21:00,Beauty,purchase,295.24,57,O,Kumasi,9
330,2025-01-18 10:38:00,Beauty,view,0.0,19,M,Accra,2
598,2025-02-13 17:57:00,Clothing,view,0.0,28,M,Accra,6
567,2025-03-15 20:00:00,Electronics,view,0.0,20,O,Takoradi,7
455,2025-01-17 02:47:00,Books,view,0.0,59,F,Cape Coast,4
959,2025-02-02 03:22:00,Home,view,0.0,62,F,Tamale,1
832,2025-01-30 07:39:00,Books,purchase,95.67,22,F,Kumasi,8
89,2025-03-23 05:41:00,Books,purchase,209.59,38,O,Tamale,4
891,2025-03-08 21:21:00,Clothing,view,0.0,68,M,Takoradi,9
364,2025-04-21 06:58:00,Beauty,view,0.0,50,F,Accra,3
886,2025-02-17 12:35:00,Electronics,view,0.0,51,F,Accra,6
658,2025-01-15 14:05:00,Home,view,0.0,53,F,Takoradi,8
136,2025-01-29 20:16:00,Electronics,add_to_cart,0.0,39,F,Cape Coast,0
954,2025-03-01 17:35:00,Books,view,0.0,63,M,Cape Coast,3
34,2025-01-02 09:02:00,Beauty,view,0.0,45,F,Tamale,2
250,2025-01-19 14:13:00,Books,view,0.0,69,F,Takoradi,5
131,2025-02-19 21:05:00,Electronics,view,0.0,41,M,Cape Coast,6
846,2025-03-19 19:12:00,Home,view,0.0,18,M,Tamale,8
173,2025-03-02 23:01:00,Electronics,view,0.0,30,F,Tamale,3
368,2025-01-24 02:44:00,Beauty,view,0.0,22,F,Accra,4
596,2025-02-23 20:14:00,Electronics,add_to_cart,0.0,67,F,Cape Coast,7
682,2025-01-01 05:34:00,Home,purchase,95.08,63,M,Takoradi,8
833,2025-01-14 02:45:00,Electronics,view,0.0,55,O,Takoradi,9
269,2025-04-10 08:13:00,Beauty,view,0.0,37,F,Cape Coast,0
919,2025-04-09 22:06:00,Clothing,view,0.0,28,M,Accra,4
847,2025-03-14 14:16:00,Beauty,view,0.0,68,F,Takoradi,1
146,2025-01-24 22:11:00,Books,view,0.0,22,M,Cape Coast,2
218,2025-03-13 01:01:00,Books,view,0.0,66,O,Cape Coast,2
758,2025-03-09 05:22:00,Books,add_to_cart,0.0,20,O,Accra,9
107,2025-04-19 07:38:00,Books,view,0.0,18,F,Cape Coast,2
199,2025-04-22 14:51:00,Clothing,purchase,309.27,20,M,Cape Coast,4
599,2025-02-17 16:23:00,Home,view,0.0,46,O,Tamale,2
869,2025-01-17 05:09:00,Clothing,view,0.0,47,M,Tamale,2
390,2025-04-30 05:51:00,Beauty,add_to_cart,0.0,50,O,Tamale,7
696,2025-04-14 06:50:00,Clothing,view,0.0,65,O,Takoradi,4
448,2025-04-19 14:25:00,Clothing,view,0.0,39,M,Takoradi,2
604,2025-04-16 12:17:00,Home,add_to_cart,0.0,27,O,Takoradi,5
509,2025-01-24 23:53:00,Books,view,0.0,33,O,Takoradi,0
695,2025-03-18 04:43:00,Electronics,view,0.0,25,F,Cape Coast,8
154,2025-04-19 04:28:00,Electronics,purchase,477.9,43,F,Takoradi,6
431,2025-01-14 10:10:00,Electronics,view,0.0,53,M,Takoradi,5
495,2025-02-13 05:00:00,Electronics,view,0.0,49,M,Tamale,3
527,2025-04-08 16:02:00,Home,view,0.0,65,O,Takoradi,0
951,2025-04-23 19:37:00,Electronics,view,0.0,58,O,Accra,0
871,2025-01-19 19:53:00,Home,view,0.0,65,O,Tamale,7
781,2025-03-25 08:40:00,Beauty,view,0.0,53,F,Kumasi,8
242,2025-02-03 19:40:00,Home,purchase,383.16,23,F,Accra,7
784,2025-01-28 20:07:00,Clothing,add_to_cart,0.0,26,M,Takoradi,5
906,2025-03-14 23:18:00,Electronics,view,0.0,34,M,Takoradi,6
195,2025-02-11 11:17:00,Beauty,view,0.0,44,M,Kumasi,2
866,2025-02-11 01:29:00,Electronics,view,0.0,61,F,Cape Coast,5
290,2025-02-09 23:48:00,Electronics,view,0.0,33,M,Tamale,6
818,2025-03-17 16:08:00,Books,view,0.0,66,F,Takoradi,8
46,2025-01-17 01:39:00,Books,view,0.0,26,M,Cape Coast,5
950,2025-04-22 15:16:00,Home,view,0.0,22,F,Kumasi,9
392,2025-03-13 22:31:00,Home,view,0.0,38,O,Tamale,0
806,2025-02-23 11:14:00,Beauty,view,0.0,50,O,Accra,5
946,2025-02-25 19:08:00,Home,view,0.0,39,F,Accra,2
226,2025-02-26 03:30:00,Home,view,0.0,66,O,Accra,3
811,2025-01-29 09:11:00,Beauty,view,0.0,66,M,Kumasi,1
544,2025-03-14 14:23:00,Clothing,add_to_cart,0.0,18,O,Accra,1
459,2025-03-15 17:35:00,Beauty,view,0.0,54,M,Cape Coast,2
797,2025-02-07 20:12:00,Electronics,view,0.0,22,O,Cape Coast,3
901,2025-01-20 13:44:00,Books,view,0.0,34,F,Takoradi,7
755,2025-03-06 21:33:00,Clothing,purchase,413.67,32,O,Takoradi,5
375,2025-03-31 13:57:00,Electronics,view,0.0,61,M,Kumasi,6
881,2025-02-24 22:55:00,Clothing,view,0.0,56,O,Kumasi,8
825,2025-01-25 23:37:00,Electronics,add_to_cart,0.0,38,F,Cape Coast,8
175,2025-02-23 13:03:00,Beauty,view,0.0,24,O,Kumasi,0
221,2025-02-12 03:20:00,Books,view,0.0,56,O,Takoradi,5
213,2025-04-22 20:03:00,Electronics,view,0.0,49,M,Takoradi,7
632,2025-04-25 01:08:00,Electronics,add_to_cart,0.0,65,M,Kumasi,4
880,2025-02-17 09:40:00,Home,view,0.0,68,O,Takoradi,9
954,2025-04-10 09:34:00,Home,view,0.0,63,M,Cape Coast,3
99,2025-02-19 07:21:00,Books,view,0.0,46,O,Tamale,5
488,2025-04-16 16:00:00,Books,add_to_cart,0.0,40,M,Cape Coast,5
77,2025-02-25 15:28:00,Electronics,view,0.0,61,O,Accra,1
197,2025-04-08 10:08:00,Electronics,add_to_cart,0.0,30,O,Accra,4
172,2025-02-27 07:02:00,Books,view,0.0,53,F,Accra,4
864,2025-02-18 15:35:00,Clothing,view,0.0,29,O,Cape Coast,5
66,2025-03-18 20:51:00,Electronics,view,0.0,53,O,Cape Coast,1
121,2025-01-20 04:06:00,Clothing,add_to_cart,0.0,58,O,Cape Coast,8
96,2025-04-24 04:44:00,Beauty,add_to_cart,0.0,42,O,Kumasi,9
212,2025-03-09 12:23:00,Books,add_to_cart,0.0,49,O,Accra,0
506,2025-04-14 15:44:00,Books,view,0.0,20,F,Accra,9
514,2025-04-15 17:48:00,Clothing,view,0.0,31,O,Tamale,1
913,2025-01-23 01:05:00,Books,purchase,174.49,23,F,Kumasi,8
290,2025-01-18 09:09:00,Home,view,0.0,33,M,Tamale,6
443,2025-01-13 19:59:00,Clothing,view,0.0,45,O,Cape Coast,0
245,2025-03-07 01:30:00,Electronics,purchase,364.76,28,O,Tamale,5
393,2025-03-15 16:49:00,Electronics,view,0.0,49,F,Takoradi,3
335,2025-04-05 14:27:00,Beauty,view,0.0,50,O,Cape Coast,8
833,2025-04-18 01:46:00,Electronics,add_to_cart,0.0,55,O,Takoradi,9
300,2025-02-20 00:59:00,Books,view,0.0,54,M,Tamale,6
164,2025-03-10 00:00:00,Books,purchase,235.12,47,O,Cape Coast,6
245,2025-03-10 08:50:00,Books,purchase,117.86,28,O,Tamale,5
66,2025-02-28 03:58:00,Home,view,0.0,53,O,Cape Coast,1
266,2025-01-13 11:01:00,Clothing,view,0.0,43,M,Kumasi,0
441,2025-01-10 21:39:00,Electronics,purchase,145.21,40,M,Takoradi,4
469,2025-01-22 13:32:00,Books,view,0.0,49,F,Accra,7
882,2025-01-22 08:44:00,Home,add_to_cart,0.0,55,F,Takoradi,4
645,2025-01-27 05:31:00,Books,add_to_cart,0.0,45,O,Cape Coast,0
143,2025-04-16 20:43:00,Beauty,view,0.0,31,O,Takoradi,4
491,2025-02-01 12:14:00,Clothing,add_to_cart,0.0,18,F,Tamale,6
631,2025-01-11 07:19:00,Electronics,view,0.0,37,F,Kumasi,3
755,2025-02-04 04:34:00,Books,view,0.0,32,O,Takoradi,5
17,2025-01-18 01:11:00,Beauty,view,0.0,20,M,Accra,7
604,2025-02-15 10:12:00,Beauty,view,0.0,27,O,Takoradi,5
714,2025-01-24 00:52:00,Electronics,add_to_cart,0.0,43,O,Accra,4
82,2025-01-06 01:02:00,Home,view,0.0,48,M,Cape Coast,5
590,2025-03-08 15:00:00,Beauty,view,0.0,43,O,Kumasi,1
63,2025-02-15 18:53:00,Home,purchase,227.64,52,O,Accra,3
946,2025-03-04 08:52:00,Electronics,view,0.0,39,F,Accra,2
177,2025-03-17 05:17:00,Books,purchase,354.37,39,O,Cape Coast,0
184,2025-04-29 08:39:00,Home,view,0.0,45,O,Cape Coast,8
706,2025-04-20 01:33:00,Home,view,0.0,53,M,Kumasi,8
423,2025-02-13 05:17:00,Beauty,purchase,376.31,59,O,Takoradi,9
917,2025-01-23 01:07:00,Home,purchase,487.16,60,O,Takoradi,4
324,2025-04-05 15:50:00,Clothing,view,0.0,52,F,Kumasi,8
522,2025-04-19 08:38:00,Beauty,view,0.0,22,M,Takoradi,2
740,2025-01-19 18:11:00,Books,view,0.0,64,M,Takoradi,3
89,2025-04-02 09:52:00,Books,add_to_cart,0.0,38,O,Tamale,4
107,2025-04-21 20:21:00,Clothing,view,0.0,18,F,Cape Coast,2
134,2025-02-19 15:01:00,Home,add_to_cart,0.0,61,O,Accra,1
798,2025-02-27 10:51:00,Books,view,0.0,64,M,Cape Coast,2
897,2025-01-19 13:02:00,Clothing,view,0.0,32,M,Takoradi,4
657,2025-04-02 17:32:00,Electronics,view,0.0,38,M,Cape Coast,7
997,2025-02-01 12:18:00,Beauty,view,0.0,64,M,Accra,1
714,2025-03-25 20:13:00,Books,view,0.0,43,O,Accra,4
843,2025-04-29 06:16:00,Clothing,view,0.0,31,F,Accra,7
960,2025-01-20 05:10:00,Beauty,view,0.0,44,M,Accra,0
691,2025-04-29 18:10:00,Beauty,add_to_cart,0.0,46,M,Takoradi,7
251,2025-02-09 02:01:00,Beauty,view,0.0,51,M,Kumasi,9
692,2025-01-24 14:45:00,Clothing,add_to_cart,0.0,54,M,Tamale,0
78,2025-03-23 01:00:00,Beauty,purchase,93.16,51,O,Tamale,8
971,2025-04-01 22:37:00,Beauty,add_to_cart,0.0,53,O,Kumasi,0
908,2025-01-30 22:00:00,Electronics,view,0.0,34,M,Cape Coast,3
6,2025-03-16 02:03:00,Books,view,0.0,25,M,Kumasi,5
563,2025-04-03 05:00:00,Electronics,purchase,107.49,68,F,Takoradi,4
417,2025-01-15 12:30:00,Books,view,0.0,50,M,Tamale,5
450,2025-02-04 08:58:00,Books,add_to_cart,0.0,42,O,Accra,9
946,2025-03-26 11:27:00,Books,add_to_cart,0.0,39,F,Accra,2
212,2025-04-14 16:20:00,Beauty,view,0.0,49,O,Accra,0
423,2025-04-15 16:58:00,Clothing,add_to_cart,0.0,59,O,Takoradi,9
214,2025-01-26 06:06:00,Clothing,view,0.0,41,O,Accra,6
40,2025-04-22 11:46:00,Electronics,view,0.0,69,F,Cape Coast,6
533,2025-04-05 15:46:00,Beauty,add_to_cart,0.0,54,F,Takoradi,2
447,2025-01-16 09:42:00,Clothing,view,0.0,40,F,Takoradi,6
139,2025-01-29 12:14:00,Home,view,0.0,18,M,Takoradi,1
60,2025-03-03 01:43:00,Home,view,0.0,61,O,Tamale,8
78,2025-03-29 15:31:00,Books,view,0.0,51,O,Tamale,8
877,2025-02-17 08:23:00,Beauty,view,0.0,31,F,Cape Coast,3
956,2025-01-29 15:22:00,Home,add_to_cart,0.0,66,M,Kumasi,1
519,2025-02-18 21:44:00,Beauty,view,0.0,47,F,Kumasi,2
938,2025-03-15 11:33:00,Clothing,view,0.0,67,F,Tamale,0
509,2025-04-11 07:52:00,Electronics,view,0.0,33,O,Takoradi,0
913,2025-04-24 11:21:00,Clothing,view,0.0,23,F,Kumasi,8
493,2025-01-14 08:50:00,Clothing,view,0.0,64,M,Accra,0
81,2025-02-03 18:38:00,Clothing,view,0.0,31,M,Kumasi,1
562,2025-01-23 23:23:00,Books,view,0.0,50,M,Cape Coast,8
584,2025-01-26 14:56:00,Electronics,view,0.0,34,M,Kumasi,2
318,2025-02-16 13:13:00,Clothing,view,0.0,55,M,Accra,7
671,2025-03-11 16:04:00,Books,view,0.0,60,M,Cape Coast,2
820,2025-04-17 04:27:00,Electronics,view,0.0,50,M,Accra,4
454,2025-01-23 07:01:00,Electronics,view,0.0,69,O,Accra,0
158,2025-01-16 13:46:00,Beauty,view,0.0,49,F,Kumasi,2
521,2025-03-06 05:07:00,Home,add_to_cart,0.0,69,M,Kumasi,6
146,2025-04-01 17:31:00,Clothing,view,0.0,22,M,Cape Coast,2
245,2025-02-17 12:53:00,Beauty,purchase,477.54,28,O,Tamale,5
415,2025-02-06 15:45:00,Electronics,view,0.0,34,M,Cape Coast,3
573,2025-02-15 18:34:00,Electronics,add_to_cart,0.0,61,O,Tamale,1
301,2025-04-28 03:10:00,Clothing,view,0.0,49,O,Kumasi,9
791,2025-03-02 04:12:00,Electronics,purchase,322.8,30,M,Cape Coast,6
166,2025-02-21 11:12:00,Beauty,view,0.0,40,M,Tamale,6
978,2025-04-08 15:33:00,Home,add_to_cart,0.0,64,F,Tamale,4
43,2025-04-24 09:30:00,Clothing,view,0.0,68,M,Tamale,4
385,2025-02-20 15:57:00,Books,add_to_cart,0.0,46,O,Tamale,7
821,2025-04-15 01:16:00,Electronics,add_to_cart,0.0,51,F,Tamale,7
518,2025-01-31 04:39:00,Books,add_to_cart,0.0,66,O,Cape Coast,1
525,2025-04-23 03:49:00,Clothing,view,0.0,43,O,Cape Coast,3
65,2025-01-27 10:49:00,Books,view,0.0,34,F,Accra,3
544,2025-03-25 18:16:00,Clothing,purchase,115.69,18,O,Accra,1
408,2025-02-23 17:49:00,Electronics,add_to_cart,0.0,39,M,Accra,3
89,2025-04-11 00:20:00,Home,view,0.0,38,O,Tamale,4
223,2025-04-18 19:56:00,Clothing,view,0.0,20,O,Kumasi,4
527,2025-01-28 12:49:00,Beauty,view,0.0,65,O,Takoradi,0
654,2025-04-24 01:33:00,Home,add_to_cart,0.0,29,M,Tamale,6
368,2025-02-23 14:11:00,Electronics,view,0.0,22,F,Accra,4
334,2025-04-03 20:47:00,Home,view,0.0,53,O,Tamale,5
892,2025-03-13 15:02:00,Clothing,view,0.0,51,M,Accra,5
862,2025-04-15 15:30:00,Clothing,view,0.0,20,F,Accra,4
650,2025-02-20 12:17:00,Beauty,view,0.0,64,O,Accra,1
29,2025-01-16 20:46:00,Clothing,view,0.0,61,M,Kumasi,3
366,2025-04-09 21:27:00,Beauty,view,0.0,64,O,Takoradi,6
673,2025-03-28 08:16:00,Electronics,view,0.0,35,M,Takoradi,5
407,2025-04-22 18:23:00,Electronics,view,0.0,64,O,Cape Coast,0
460,2025-04-09 14:16:00,Clothing,view,0.0,50,F,Takoradi,0
723,2025-03-12 04:57:00,Books,view,0.0,45,M,Cape Coast,0
435,2025-02-26 14:06:00,Books,view,0.0,25,M,Accra,0
330,2025-03-26 22:58:00,Electronics,add_to_cart,0.0,19,M,Accra,2
801,2025-02-09 02:33:00,Beauty,view,0.0,27,M,Takoradi,0
427,2025-03-10 23:09:00,Home,add_to_cart,0.0,42,F,Kumasi,9
909,2025-04-03 04:57:00,Clothing,purchase,31.73,37,M,Takoradi,7
717,2025-03-27 07:14:00,Books,view,0.0,20,F,Kumasi,8
38,2025-04-17 12:52:00,Beauty,view,0.0,68,O,Cape Coast,0
826,2025-04-17 07:21:00,Home,view,0.0,65,F,Takoradi,0
556,2025-01-06 22:07:00,Books,add_to_cart,0.0,37,O,Tamale,7
112,2025-04-18 16:37:00,Electronics,view,0.0,68,O,Takoradi,8
78,2025-01-14 16:26:00,Electronics,purchase,280.94,51,O,Tamale,8
417,2025-01-03 22:10:00,Clothing,purchase,70.21,50,M,Tamale,5
428,2025-04-03 17:04:00,Books,add_to_cart,0.0,41,F,Takoradi,4
602,2025-04-14 02:01:00,Electronics,view,0.0,38,F,Tamale,7
424,2025-01-02 18:00:00,Home,view,0.0,43,O,Kumasi,4
759,2025-04-26 16:34:00,Electronics,add_to_cart,0.0,33,M,Takoradi,2
388,2025-01-17 20:20:00,Books,view,0.0,48,O,Accra,3
752,2025-01-22 10:33:00,Electronics,add_to_cart,0.0,58,O,Kumasi,5
509,2025-01-10 05:31:00,Books,view,0.0,33,O,Takoradi,0
293,2025-04-18 05:13:00,Clothing,view,0.0,69,F,Accra,7
25,2025-02-08 01:37:00,Electronics,view,0.0,38,O,Tamale,8
883,2025-02-09 10:24:00,Beauty,view,0.0,51,O,Kumasi,8
82,2025-03-18 04:26:00,Clothing,view,0.0,48,M,Cape Coast,5
781,2025-01-30 04:17:00,Books,view,0.0,53,F,Kumasi,8
968,2025-02-19 06:51:00,Electronics,add_to_cart,0.0,65,F,Cape Coast,8
287,2025-02-20 00:52:00,Books,view,0.0,59,M,Tamale,6
638,2025-02-10 18:20:00,Electronics,view,0.0,53,F,Kumasi,1
42,2025-04-30 22:10:00,Electronics,add_to_cart,0.0,54,M,Kumasi,4
90,2025-04-14 19:11:00,Electronics,view,0.0,33,M,Tamale,2
399,2025-02-20 05:26:00,Books,view,0.0,59,F,Accra,0
220,2025-02-04 21:33:00,Beauty,add_to_cart,0.0,29,F,Kumasi,3
371,2025-01-26 09:21:00,Electronics,view,0.0,21,O,Cape Coast,1
590,2025-04-05 09:50:00,Books,view,0.0,43,O,Kumasi,1
864,2025-01-31 01:22:00,Electronics,view,0.0,29,O,Cape Coast,5
391,2025-02-16 07:13:00,Electronics,view,0.0,69,F,Takoradi,0
259,2025-02-22 05:50:00,Beauty,view,0.0,23,M,Accra,7
707,2025-03-05 03:04:00,Clothing,view,0.0,23,O,Accra,2
10,2025-01-08 11:53:00,Clothing,view,0.0,40,M,Takoradi,8
987,2025-02-19 22:39:00,Clothing,view,0.0,62,O,Takoradi,6
639,2025-04-28 22:30:00,Books,view,0.0,29,F,Tamale,6
483,2025-01-18 20:44:00,Clothing,view,0.0,36,O,Kumasi,5
678,2025-02-10 09:46:00,Electronics,view,0.0,61,F,Kumasi,9
523,2025-03-12 23:25:00,Clothing,add_to_cart,0.0,29,F,Accra,8
69,2025-01-05 18:50:00,Beauty,view,0.0,21,F,Takoradi,2
874,2025-01-23 13:48:00,Home,view,0.0,32,M,Cape Coast,1
746,2025-01-03 04:56:00,Home,add_to_cart,0.0,53,O,Tamale,5
698,2025-02-26 15:00:00,Electronics,view,0.0,18,F,Tamale,2
827,2025-02-15 09:33:00,Books,view,0.0,23,M,Tamale,9
938,2025-01-29 21:58:00,Electronics,view,0.0,67,F,Tamale,0
911,2025-01-04 12:37:00,Beauty,view,0.0,22,M,Takoradi,5
421,2025-03-03 14:07:00,Electronics,view,0.0,56,F,Tamale,5
301,2025-04-07 00:06:00,Books,view,0.0,49,O,Kumasi,9
789,2025-03-30 16:55:00,Clothing,add_to_cart,0.0,65,O,Kumasi,6
378,2025-02-19 18:51:00,Books,add_to_cart,0.0,46,O,Cape Coast,8
600,2025-03-16 08:54:00,Electronics,view,0.0,53,M,Accra,7
680,2025-02-22 11:01:00,Books,view,0.0,55,M,Accra,9
721,2025-04-21 19:51:00,Electronics,view,0.0,45,O,Kumasi,7
211,2025-01-18 19:29:00,Electronics,add_to_cart,0.0,32,O,Tamale,7
943,2025-03-24 09:43:00,Beauty,add_to_cart,0.0,35,M,Accra,3
589,2025-03-09 12:16:00,Electronics,view,0.0,27,M,Kumasi,6
512,2025-03-29 16:49:00,Beauty,view,0.0,39,O,Takoradi,8
779,2025-01-12 12:07:00,Electronics,view,0.0,54,M,Accra,4
898,2025-03-19 12:47:00,Clothing,view,0.0,47,O,Kumasi,1
944,2025-03-15 02:03:00,Books,view,0.0,45,F,Cape Coast,3
394,2025-02-12 18:13:00,Books,add_to_cart,0.0,40,F,Kumasi,2
28,2025-01-21 03:23:00,Electronics,view,0.0,39,O,Kumasi,9
45,2025-04-28 09:10:00,Books,view,0.0,38,F,Cape Coast,5
33,2025-02-12 15:34:00,Books,view,0.0,59,M,Kumasi,2
100,2025-01-23 03:39:00,Clothing,view,0.0,32,O,Kumasi,0
271,2025-02-06 12:03:00,Electronics,view,0.0,24,M,Kumasi,6
206,2025-03-19 16:07:00,Clothing,add_to_cart,0.0,50,F,Kumasi,8
862,2025-03-27 15:29:00,Beauty,add_to_cart,0.0,20,F,Accra,4
708,2025-03-23 05:25:00,Books,view,0.0,48,F,Kumasi,1
587,2025-02-07 15:18:00,Home,view,0.0,46,F,Cape Coast,7
474,2025-02-25 08:55:00,Home,add_to_cart,0.0,57,F,Takoradi,2
920,2025-02-27 08:22:00,Beauty,view,0.0,68,F,Tamale,7
73,2025-03-24 14:50:00,Clothing,add_to_cart,0.0,21,O,Takoradi,1
19,2025-04-23 19:55:00,Books,add_to_cart,0.0,19,F,Kumasi,8
145,2025-01-18 16:01:00,Home,purchase,16.65,18,M,Tamale,2
293,2025-02-17 23:04:00,Beauty,view,0.0,69,F,Accra,7
567,2025-02-07 18:08:00,Beauty,view,0.0,20,O,Takoradi,7
656,2025-03-18 20:55:00,Electronics,purchase,305.1,69,M,Accra,1
552,2025-04-12 09:29:00,Beauty,view,0.0,66,O,Tamale,1
935,2025-02-05 12:19:00,Electronics,view,0.0,44,M,Kumasi,6
743,2025-02-18 03:42:00,Home,view,0.0,38,F,Cape Coast,8
204,2025-02-02 03:13:00,Electronics,add_to_cart,0.0,26,M,Kumasi,4
301,2025-03-29 14:30:00,Electronics,view,0.0,49,O,Kumasi,9
278,2025-01-23 13:11:00,Clothing,view,0.0,57,M,Cape Coast,8
366,2025-02-20 12:56:00,Clothing,purchase,145.81,64,O,Takoradi,6
940,2025-01-19 13:46:00,Home,view,0.0,36,O,Accra,6
3,2025-03-24 19:24:00,Home,view,0.0,46,O,Kumasi,9
465,2025-03-02 16:54:00,Home,view,0.0,56,F,Accra,2
39,2025-02-26 18:02:00,Clothing,view,0.0,61,M,Accra,0
425,2025-01-22 05:55:00,Home,view,0.0,52,M,Accra,9
287,2025-01-27 04:01:00,Electronics,purchase,470.15,59,M,Tamale,6
266,2025-02-28 07:53:00,Books,view,0.0,43,M,Kumasi,0
260,2025-01-15 11:47:00,Beauty,view,0.0,33,F,Tamale,2
200,2025-03-12 03:57:00,Books,add_to_cart,0.0,56,F,Kumasi,3
327,2025-01-10 11:57:00,Home,add_to_cart,0.0,35,M,Takoradi,8
921,2025-04-03 23:11:00,Home,view,0.0,64,F,Kumasi,9
844,2025-04-26 05:59:00,Clothing,view,0.0,26,O,Takoradi,5
409,2025-03-12 07:22:00,Home,view,0.0,40,O,Takoradi,0
561,2025-02-17 18:22:00,Home,purchase,39.78,50,M,Accra,3
179,2025-01-17 21:12:00,Books,add_to_cart,0.0,19,F,Tamale,3
1,2025-02-02 19:54:00,Home,view,0.0,56,O,Cape Coast,7
299,2025-04-30 08:16:00,Beauty,purchase,23.57,22,O,Cape Coast,9
553,2025-02-14 23:33:00,Clothing,view,0.0,45,F,Cape Coast,7
510,2025-03-20 16:12:00,Electronics,view,0.0,68,O,Accra,7
611,2025-01-23 21:46:00,Clothing,view,0.0,65,F,Kumasi,4
736,2025-04-25 15:09:00,Electronics,view,0.0,61,O,Takoradi,7
433,2025-02-19 20:26:00,Home,view,0.0,37,F,Cape Coast,1
342,2025-01-18 15:01:00,Books,view,0.0,25,M,Kumasi,1
456,2025-02-12 07:53:00,Clothing,add_to_cart,0.0,23,F,Takoradi,4
671,2025-03-17 08:36:00,Electronics,view,0.0,60,M,Cape Coast,2
478,2025-04-06 07:22:00,Home,view,0.0,67,F,Tamale,7
531,2025-04-10 19:25:00,Clothing,view,0.0,50,M,Kumasi,2
637,2025-04-26 13:52:00,Clothing,view,0.0,66,F,Tamale,7
583,2025-04-25 16:47:00,Books,view,0.0,40,M,Kumasi,1
694,2025-04-29 17:20:00,Beauty,view,0.0,36,O,Cape Coast,8
633,2025-01-01 14:02:00,Electronics,view,0.0,42,M,Kumasi,7
8,2025-03-31 14:13:00,Beauty,purchase,405.77,56,O,Kumasi,3
952,2025-04-07 03:23:00,Clothing,view,0.0,29,M,Accra,1
802,2025-02-05 14:35:00,Clothing,view,0.0,47,M,Takoradi,6
854,2025-02-01 10:18:00,Electronics,view,0.0,49,F,Cape Coast,8
306,2025-01-12 11:20:00,Home,add_to_cart,0.0,65,M,Tamale,6
447,2025-03-14 10:48:00,Beauty,purchase,94.83,40,F,Takoradi,6
115,2025-02-01 02:30:00,Beauty,view,0.0,52,M,Tamale,7
672,2025-03-03 04:31:00,Home,add_to_cart,0.0,28,O,Kumasi,0
615,2025-02-07 12:01:00,Home,view,0.0,56,M,Takoradi,2
916,2025-02-06 08:37:00,Electronics,view,0.0,60,M,Cape Coast,3
680,2025-01-07 04:46:00,Clothing,add_to_cart,0.0,55,M,Accra,9
391,2025-01-11 08:48:00,Electronics,add_to_cart,0.0,69,F,Takoradi,0
808,2025-02-20 19:31:00,Beauty,view,0.0,35,O,Cape Coast,7
601,2025-04-19 02:43:00,Books,purchase,128.84,42,O,Takoradi,6
189,2025-03-17 16:00:00,Electronics,view,0.0,28,O,Takoradi,8
634,2025-03-16 20:42:00,Clothing,view,0.0,39,F,Takoradi,5
679,2025-01-28 13:15:00,Beauty,view,0.0,34,M,Tamale,6
541,2025-01-23 20:15:00,Books,view,0.0,27,M,Tamale,9
873,2025-02-14 04:21:00,Home,view,0.0,40,O,Cape Coast,0
457,2025-03-30 13:14:00,Books,view,0.0,32,F,Takoradi,6
602,2025-03-26 22:43:00,Beauty,view,0.0,38,F,Tamale,7
678,2025-01-12 23:12:00,Clothing,add_to_cart,0.0,61,F,Kumasi,9
716,2025-02-08 18:13:00,Electronics,view,0.0,56,M,Tamale,1
688,2025-03-24 10:49:00,Home,view,0.0,44,M,Kumasi,4
498,2025-02-20 12:35:00,Clothing,view,0.0,57,F,Kumasi,5
869,2025-03-08 15:25:00,Home,purchase,444.5,47,M,Tamale,2
917,2025-03-06 05:26:00,Beauty,view,0.0,60,O,Takoradi,4
66,2025-01-05 08:19:00,Clothing,add_to_cart,0.0,53,O,Cape Coast,1
982,2025-03-13 01:08:00,Books,purchase,410.02,45,O,Accra,2
133,2025-04-29 14:36:00,Home,view,0.0,52,O,Takoradi,2
974,2025-02-26 18:34:00,Clothing,view,0.0,66,O,Tamale,1
700,2025-02-27 02:33:00,Books,purchase,486.96,69,F,Accra,4
143,2025-03-01 20:16:00,Clothing,view,0.0,31,O,Takoradi,4
879,2025-02-21 22:34:00,Books,view,0.0,28,O,Cape Coast,7
741,2025-02-26 00:24:00,Books,view,0.0,38,O,Cape Coast,4
814,2025-03-01 15:37:00,Clothing,view,0.0,43,O,Kumasi,9
393,2025-03-10 04:24:00,Clothing,purchase,322.85,49,F,Takoradi,3
624,2025-01-16 06:17:00,Books,view,0.0,40,F,Accra,3
131,2025-04-05 20:07:00,Electronics,add_to_cart,0.0,41,M,Cape Coast,6
519,2025-01-08 18:16:00,Home,view,0.0,47,F,Kumasi,2
689,2025-01-11 05:40:00,Clothing,view,0.0,19,O,Cape Coast,4
196,2025-04-24 00:10:00,Home,purchase,469.79,69,M,Cape Coast,1
981,2025-01-22 21:36:00,Beauty,add_to_cart,0.0,43,F,Tamale,4
470,2025-04-15 20:12:00,Beauty,view,0.0,69,F,Accra,5
525,2025-04-02 21:10:00,Home,add_to_cart,0.0,43,O,Cape Coast,3
341,2025-01-07 16:47:00,Electronics,view,0.0,37,M,Kumasi,4
449,2025-02-03 08:12:00,Books,view,0.0,68,M,Accra,2
429,2025-04-11 14:06:00,Clothing,view,0.0,30,M,Takoradi,2
613,2025-04-10 13:58:00,Home,view,0.0,35,F,Accra,2
1,2025-02-03 12:08:00,Beauty,view,0.0,56,O,Cape Coast,7
434,2025-02-13 21:47:00,Electronics,view,0.0,18,F,Cape Coast,8
234,2025-04-05 14:57:00,Electronics,view,0.0,49,O,Takoradi,2
952,2025-04-08 17:11:00,Home,add_to_cart,0.0,29,M,Accra,1
872,2025-03-30 05:00:00,Beauty,add_to_cart,0.0,64,M,Cape Coast,0
413,2025-02-07 14:27:00,Electronics,view,0.0,19,F,Takoradi,7
402,2025-01-18 12:21:00,Home,view,0.0,57,F,Accra,7
117,2025-03-27 03:16:00,Home,purchase,98.58,50,O,Accra,6
861,2025-01-06 17:56:00,Beauty,view,0.0,51,M,Cape Coast,9
232,2025-03-15 22:27:00,Home,view,0.0,40,F,Accra,3
520,2025-03-25 17:58:00,Books,view,0.0,63,F,Cape Coast,3
408,2025-01-30 07:34:00,Electronics,view,0.0,39,M,Accra,3
720,2025-03-14 16:58:00,Clothing,add_to_cart,0.0,67,F,Accra,5
98,2025-01-12 19:51:00,Books,view,0.0,58,M,Accra,6
140,2025-01-13 07:15:00,Books,add_to_cart,0.0,52,M,Accra,7
60,2025-01-29 12:11:00,Home,view,0.0,61,O,Tamale,8
417,2025-03-13 08:56:00,Home,view,0.0,50,M,Tamale,5
177,2025-04-15 05:27:00,Books,view,0.0,39,O,Cape Coast,0
332,2025-01-13 06:22:00,Clothing,view,0.0,33,F,Cape Coast,1
348,2025-01-14 16:23:00,Books,add_to_cart,0.0,29,O,Tamale,8
290,2025-02-20 15:21:00,Clothing,purchase,361.07,33,M,Tamale,6
7,2025-03-31 12:15:00,Books,view,0.0,38,F,Kumasi,6
713,2025-01-22 22:43:00,Books,add_to_cart,0.0,27,F,Tamale,1
272,2025-02-12 19:43:00,Beauty,add_to_cart,0.0,69,M,Takoradi,4
321,2025-04-09 11:19:00,Books,view,0.0,52,M,Kumasi,0
746,2025-03-15 15:58:00,Electronics,view,0.0,53,O,Tamale,5
774,2025-03-24 01:17:00,Clothing,add_to_cart,0.0,43,F,Takoradi,6
836,2025-03-06 14:41:00,Clothing,view,0.0,54,M,Takoradi,7
314,2025-02-16 01:51:00,Beauty,view,0.0,28,O,Accra,3
215,2025-03-31 10:57:00,Clothing,add_to_cart,0.0,58,M,Accra,7
344,2025-03-15 13:13:00,Home,view,0.0,20,O,Cape Coast,2
228,2025-01-27 23:01:00,Home,view,0.0,66,M,Cape Coast,2
62,2025-03-12 11:02:00,Books,view,0.0,64,M,Cape Coast,0
189,2025-04-10 06:06:00,Clothing,purchase,94.74,28,O,Takoradi,8
588,2025-03-15 13:08:00,Books,view,0.0,43,O,Cape Coast,0
953,2025-03-03 19:48:00,Home,view,0.0,43,F,Accra,3
195,2025-03-11 10:44:00,Home,view,0.0,44,M,Kumasi,2
202,2025-02-03 23:45:00,Books,purchase,448.32,25,F,Kumasi,2
98,2025-03-29 22:04:00,Books,view,0.0,58,M,Accra,6
250,2025-04-08 15:24:00,Books,view,0.0,69,F,Takoradi,5
180,2025-02-15 09:22:00,Clothing,view,0.0,59,O,Tamale,8
370,2025-04-27 01:31:00,Books,view,0.0,36,O,Accra,9
450,2025-02-26 06:06:00,Books,view,0.0,42,O,Accra,9
119,2025-04-28 17:37:00,Clothing,add_to_cart,0.0,59,F,Kumasi,3
749,2025-01-16 20:09:00,Clothing,view,0.0,37,F,Takoradi,4
123,2025-01-08 14:52:00,Home,view,0.0,24,O,Accra,4
808,2025-04-14 18:08:00,Electronics,add_to_cart,0.0,35,O,Cape Coast,7
443,2025-01-15 03:05:00,Books,view,0.0,45,O,Cape Coast,0
377,2025-04-11 22:12:00,Electronics,add_to_cart,0.0,47,O,Cape Coast,9
694,2025-04-01 19:21:00,Books,purchase,258.7,36,O,Cape Coast,8
846,2025-04-22 12:01:00,Beauty,add_to_cart,0.0,18,M,Tamale,8
654,2025-03-14 09:06:00,Beauty,add_to_cart,0.0,29,M,Tamale,6
46,2025-01-28 01:16:00,Home,purchase,480.28,26,M,Cape Coast,5
899,2025-04-25 04:32:00,Electronics,view,0.0,59,F,Takoradi,1
35,2025-01-02 00:11:00,Books,view,0.0,33,F,Kumasi,1
574,2025-02-12 04:56:00,Home,view,0.0,46,M,Tamale,7
188,2025-03-04 19:22:00,Home,view,0.0,47,F,Takoradi,1
533,2025-02-12 08:06:00,Clothing,add_to_cart,0.0,54,F,Takoradi,2
121,2025-03-10 05:50:00,Electronics,add_to_cart,0.0,58,O,Cape Coast,8
924,2025-01-18 23:12:00,Electronics,view,0.0,48,M,Cape Coast,6
293,2025-04-06 12:21:00,Beauty,view,0.0,69,F,Accra,7
395,2025-03-24 22:33:00,Beauty,view,0.0,50,O,Kumasi,9
167,2025-02-13 07:15:00,Clothing,view,0.0,56,M,Cape Coast,8
156,2025-03-09 11:15:00,Books,view,0.0,30,F,Cape Coast,8
164,2025-03-03 19:25:00,Clothing,add_to_cart,0.0,47,O,Cape Coast,6
585,2025-03-10 16:48:00,Clothing,view,0.0,43,F,Cape Coast,5
119,2025-01-07 03:12:00,Beauty,view,0.0,59,F,Kumasi,3
587,2025-04-05 02:58:00,Clothing,view,0.0,46,F,Cape Coast,7
696,2025-03-20 16:47:00,Beauty,view,0.0,65,O,Takoradi,4
133,2025-04-08 00:53:00,Books,view,0.0,52,O,Takoradi,2
741,2025-03-08 14:47:00,Home,add_to_cart,0.0,38,O,Cape Coast,4
832,2025-02-19 20:40:00,Home,add_to_cart,0.0,22,F,Kumasi,8
657,2025-04-11 13:38:00,Electronics,add_to_cart,0.0,38,M,Cape Coast,7
209,2025-02-04 07:21:00,Books,view,0.0,61,F,Accra,0
861,2025-01-10 17:34:00,Beauty,purchase,373.13,51,M,Cape Coast,9
158,2025-01-19 22:59:00,Electronics,view,0.0,49,F,Kumasi,2
761,2025-01-28 06:32:00,Home,add_to_cart,0.0,28,F,Kumasi,2
532,2025-03-15 11:55:00,Electronics,add_to_cart,0.0,47,O,Cape Coast,5
153,2025-04-27 03:03:00,Electronics,purchase,252.05,32,M,Takoradi,5
858,2025-04-02 06:31:00,Beauty,purchase,461.06,25,M,Cape Coast,1
777,2025-03-19 12:55:00,Beauty,view,0.0,45,M,Kumasi,9
352,2025-03-24 15:11:00,Clothing,view,0.0,63,F,Tamale,9
909,2025-04-03 23:37:00,Beauty,view,0.0,37,M,Takoradi,7
477,2025-03-27 03:00:00,Home,view,0.0,30,M,Kumasi,4
192,2025-02-03 01:47:00,Electronics,view,0.0,56,F,Kumasi,7
158,2025-04-27 19:45:00,Beauty,purchase,152.54,49,F,Kumasi,2
114,2025-01-29 22:33:00,Beauty,view,0.0,25,M,Accra,0
309,2025-01-17 19:56:00,Books,view,0.0,37,M,Tamale,1
246,2025-04-21 23:36:00,Beauty,view,0.0,34,O,Accra,5
202,2025-03-27 15:10:00,Books,view,0.0,25,F,Kumasi,2
142,2025-03-19 01:53:00,Books,view,0.0,64,F,Takoradi,3
146,2025-02-23 03:20:00,Books,view,0.0,22,M,Cape Coast,2
668,2025-01-04 18:54:00,Electronics,purchase,365.17,52,M,Tamale,3
20,2025-03-05 00:16:00,Books,view,0.0,41,O,Takoradi,3
698,2025-02-08 12:43:00,Beauty,view,0.0,18,F,Tamale,2
68,2025-03-28 20:20:00,Books,view,0.0,57,F,Cape Coast,4
870,2025-03-17 13:49:00,Beauty,view,0.0,34,O,Kumasi,5
888,2025-01-15 18:27:00,Electronics,view,0.0,47,M,Accra,5
262,2025-03-28 02:36:00,Electronics,view,0.0,20,O,Kumasi,7
149,2025-03-25 00:38:00,Electronics,view,0.0,56,F,Cape Coast,8
64,2025-03-31 01:25:00,Books,add_to_cart,0.0,31,F,Takoradi,8
13,2025-02-07 14:22:00,Books,view,0.0,41,F,Cape Coast,4
158,2025-03-16 03:32:00,Beauty,view,0.0,49,F,Kumasi,2
203,2025-04-11 23:06:00,Electronics,view,0.0,44,F,Tamale,0
643,2025-04-14 10:32:00,Electronics,add_to_cart,0.0,26,F,Cape Coast,1
219,2025-04-12 02:09:00,Beauty,add_to_cart,0.0,69,M,Accra,9
482,2025-01-24 21:44:00,Books,purchase,226.48,34,M,Takoradi,3
599,2025-03-19 02:26:00,Home,view,0.0,46,O,Tamale,2
449,2025-03-10 16:32:00,Home,view,0.0,68,M,Accra,2
499,2025-03-11 14:35:00,Electronics,add_to_cart,0.0,62,F,Tamale,0
945,2025-03-16 16:22:00,Electronics,view,0.0,59,O,Accra,4
751,2025-02-25 00:33:00,Clothing,view,0.0,64,F,Cape Coast,4
436,2025-02-09 00:46:00,Clothing,view,0.0,63,F,Kumasi,3
800,2025-01-10 10:04:00,Electronics,view,0.0,19,O,Kumasi,7
139,2025-04-09 03:09:00,Electronics,add_to_cart,0.0,18,M,Takoradi,1
264,2025-02-18 23:38:00,Electronics,add_to_cart,0.0,53,F,Tamale,5
787,2025-01-02 22:10:00,Home,view,0.0,30,O,Tamale,8
317,2025-01-03 21:34:00,Books,view,0.0,53,F,Kumasi,2
578,2025-01-01 06:19:00,Home,view,0.0,63,F,Cape Coast,3
567,2025-04-10 18:59:00,Books,view,0.0,20,O,Takoradi,7
675,2025-04-10 07:49:00,Beauty,view,0.0,29,F,Accra,2
579,2025-03-12 01:00:00,Clothing,view,0.0,19,M,Kumasi,5
115,2025-01-07 23:04:00,Books,view,0.0,52,M,Tamale,7
856,2025-02-01 12:32:00,Clothing,view,0.0,45,M,Kumasi,5
929,2025-04-07 06:03:00,Beauty,view,0.0,57,O,Cape Coast,2
736,2025-02-13 15:45:00,Clothing,view,0.0,61,O,Takoradi,7
36,2025-02-03 23:17:00,Electronics,view,0.0,32,F,Takoradi,7
767,2025-01-25 07:23:00,Beauty,view,0.0,55,O,Tamale,8
852,2025-01-18 03:47:00,Beauty,view,0.0,66,M,Accra,3
914,2025-04-21 07:17:00,Home,view,0.0,19,O,Tamale,4
794,2025-03-26 23:14:00,Home,view,0.0,23,O,Kumasi,4
133,2025-03-05 06:21:00,Home,purchase,206.19,52,O,Takoradi,2
547,2025-01-26 22:12:00,Clothing,add_to_cart,0.0,21,O,Kumasi,2
450,2025-03-05 22:35:00,Electronics,view,0.0,42,O,Accra,9
422,2025-04-28 01:16:00,Home,view,0.0,46,O,Kumasi,4
994,2025-03-27 21:28:00,Books,add_to_cart,0.0,40,F,Kumasi,6
885,2025-01-09 20:12:00,Clothing,view,0.0,67,F,Accra,2
708,2025-02-27 13:30:00,Electronics,view,0.0,48,F,Kumasi,1
874,2025-02-04 06:38:00,Electronics,view,0.0,32,M,Cape Coast,1
695,2025-04-07 07:45:00,Clothing,view,0.0,25,F,Cape Coast,8
106,2025-03-12 12:53:00,Books,view,0.0,41,O,Cape Coast,1
75,2025-01-14 10:01:00,Clothing,view,0.0,35,M,Takoradi,2
239,2025-01-17 13:24:00,Home,view,0.0,61,F,Kumasi,6
17,2025-03-10 11:37:00,Clothing,view,0.0,20,M,Accra,7
549,2025-03-11 08:14:00,Clothing,purchase,113.37,41,O,Accra,8
460,2025-02-10 14:13:00,Electronics,view,0.0,50,F,Takoradi,0
695,2025-04-03 20:53:00,Books,view,0.0,25,F,Cape Coast,8
136,2025-01-30 12:15:00,Clothing,view,0.0,39,F,Cape Coast,0
867,2025-02-14 18:12:00,Home,view,0.0,22,F,Tamale,1
562,2025-01-25 05:50:00,Electronics,purchase,246.41,50,M,Cape Coast,8
551,2025-03-04 06:57:00,Clothing,view,0.0,19,M,Accra,2
304,2025-01-05 14:22:00,Beauty,view,0.0,52,O,Cape Coast,8
537,2025-02-14 18:06:00,Beauty,view,0.0,53,M,Takoradi,5
977,2025-03-07 15:38:00,Books,add_to_cart,0.0,32,M,Takoradi,3
385,2025-03-04 02:20:00,Beauty,view,0.0,46,O,Tamale,7
790,2025-04-21 02:29:00,Books,view,0.0,46,M,Takoradi,9
118,2025-03-13 21:03:00,Clothing,view,0.0,22,O,Takoradi,2
671,2025-01-29 03:12:00,Electronics,add_to_cart,0.0,60,M,Cape Coast,2
853,2025-04-25 02:24:00,Electronics,view,0.0,57,F,Takoradi,3
651,2025-04-26 10:48:00,Books,view,0.0,33,O,Tamale,5
142,2025-03-05 15:55:00,Clothing,view,0.0,64,F,Takoradi,3
804,2025-01-10 19:43:00,Electronics,purchase,480.0,62,F,Cape Coast,7
536,2025-01-12 19:55:00,Books,view,0.0,22,F,Kumasi,1
375,2025-02-04 10:31:00,Books,view,0.0,61,M,Kumasi,6
232,2025-03-25 07:57:00,Home,view,0.0,40,F,Accra,3
233,2025-03-11 14:15:00,Books,add_to_cart,0.0,54,F,Tamale,5
947,2025-04-08 05:58:00,Electronics,purchase,86.37,38,O,Kumasi,2
63,2025-01-05 19:56:00,Clothing,purchase,187.61,52,O,Accra,3
180,2025-01-16 02:37:00,Books,view,0.0,59,O,Tamale,8
737,2025-04-03 20:45:00,Clothing,view,0.0,62,F,Tamale,5
655,2025-02-28 17:08:00,Clothing,view,0.0,42,F,Tamale,7
559,2025-01-05 19:19:00,Books,view,0.0,67,O,Takoradi,2
63,2025-01-25 11:24:00,Home,view,0.0,52,O,Accra,3
275,2025-04-12 09:19:00,Home,purchase,459.17,57,O,Kumasi,9
98,2025-01-24 05:16:00,Beauty,view,0.0,58,M,Accra,6
228,2025-02-24 08:09:00,Books,purchase,425.53,66,M,Cape Coast,2
107,2025-02-12 10:32:00,Clothing,view,0.0,18,F,Cape Coast,2
446,2025-01-01 20:22:00,Electronics,purchase,180.77,49,M,Cape Coast,4
790,2025-02-23 03:00:00,Home,add_to_cart,0.0,46,M,Takoradi,9
655,2025-04-26 03:28:00,Beauty,view,0.0,42,F,Tamale,7
925,2025-04-21 14:26:00,Electronics,view,0.0,28,O,Kumasi,7
868,2025-03-30 08:00:00,Books,view,0.0,47,O,Kumasi,9
965,2025-02-05 15:33:00,Clothing,add_to_cart,0.0,64,M,Accra,6
386,2025-03-21 00:15:00,Home,view,0.0,66,M,Kumasi,4
875,2025-04-16 16:03:00,Electronics,add_to_cart,0.0,54,O,Takoradi,5
601,2025-02-02 13:23:00,Home,view,0.0,42,O,Takoradi,6
519,2025-04-23 03:09:00,Electronics,view,0.0,47,F,Kumasi,2
723,2025-01-18 16:05:00,Beauty,view,0.0,45,M,Cape Coast,0
652,2025-02-10 17:33:00,Electronics,purchase,297.27,22,O,Accra,5
841,2025-01-06 01:37:00,Electronics,view,0.0,34,F,Cape Coast,3
473,2025-03-29 14:28:00,Beauty,view,0.0,52,M,Tamale,9
794,2025-02-07 02:22:00,Beauty,view,0.0,23,O,Kumasi,4
142,2025-04-27 23:46:00,Clothing,view,0.0,64,F,Takoradi,3
66,2025-02-16 00:41:00,Books,view,0.0,53,O,Cape Coast,1
664,2025-04-06 05:37:00,Electronics,view,0.0,56,F,Tamale,2
151,2025-03-15 13:14:00,Beauty,view,0.0,26,F,Accra,7
804,2025-02-26 00:07:00,Home,view,0.0,62,F,Cape Coast,7
34,2025-04-21 05:04:00,Home,view,0.0,45,F,Tamale,2
541,2025-04-09 17:39:00,Books,view,0.0,27,M,Tamale,9
697,2025-04-07 09:18:00,Books,purchase,116.72,62,O,Kumasi,3
587,2025-04-15 00:27:00,Electronics,add_to_cart,0.0,46,F,Cape Coast,7
9,2025-03-16 05:58:00,Electronics,view,0.0,36,M,Kumasi,6
844,2025-01-22 07:47:00,Books,view,0.0,26,O,Takoradi,5
465,2025-02-25 20:39:00,Clothing,view,0.0,56,F,Accra,2
244,2025-01-13 09:31:00,Electronics,view,0.0,21,M,Cape Coast,5
406,2025-01-27 22:02:00,Electronics,view,0.0,49,M,Takoradi,5
174,2025-03-15 06:54:00,Beauty,view,0.0,49,M,Takoradi,7
903,2025-01-15 10:37:00,Home,view,0.0,46,O,Kumasi,7
647,2025-01-01 09:20:00,Home,view,0.0,48,M,Accra,0
911,2025-02-05 05:56:00,Clothing,view,0.0,22,M,Takoradi,5
146,2025-04-12 18:48:00,Clothing,view,0.0,22,M,Cape Coast,2
807,2025-04-26 11:33:00,Home,view,0.0,18,F,Takoradi,3
728,2025-01-04 03:49:00,Electronics,view,0.0,20,M,Accra,7
230,2025-03-28 12:08:00,Books,view,0.0,19,F,Cape Coast,6
721,2025-01-16 15:58:00,Beauty,purchase,450.38,45,O,Kumasi,7
366,2025-02-21 13:13:00,Beauty,view,0.0,64,O,Takoradi,6
493,2025-02-17 08:33:00,Home,view,0.0,64,M,Accra,0
330,2025-03-25 01:26:00,Clothing,view,0.0,19,M,Accra,2
186,2025-04-28 00:05:00,Clothing,add_to_cart,0.0,61,M,Tamale,3
345,2025-04-05 09:03:00,Beauty,view,0.0,34,F,Kumasi,7
705,2025-04-14 22:43:00,Electronics,add_to_cart,0.0,21,O,Takoradi,6
144,2025-03-31 22:30:00,Clothing,view,0.0,20,M,Accra,7
784,2025-04-29 04:51:00,Books,add_to_cart,0.0,26,M,Takoradi,5
550,2025-02-13 09:53:00,Electronics,view,0.0,33,F,Tamale,2
308,2025-03-11 12:40:00,Beauty,view,0.0,20,F,Takoradi,3
825,2025-02-19 22:56:00,Clothing,view,0.0,38,F,Cape Coast,8
191,2025-01-09 23:49:00,Home,view,0.0,42,M,Takoradi,8
781,2025-01-09 19:43:00,Books,add_to_cart,0.0,53,F,Kumasi,8
351,2025-02-14 20:44:00,Electronics,view,0.0,39,F,Kumasi,6
950,2025-01-19 02:45:00,Clothing,view,0.0,22,F,Kumasi,9
232,2025-01-18 11:48:00,Home,view,0.0,40,F,Accra,3
952,2025-03-29 22:24:00,Electronics,view,0.0,29,M,Accra,1
113,2025-02-07 07:09:00,Electronics,add_to_cart,0.0,34,M,Kumasi,3
893,2025-02-19 10:08:00,Electronics,purchase,188.33,69,O,Takoradi,3
850,2025-04-20 02:16:00,Beauty,view,0.0,21,F,Kumasi,1
114,2025-03-04 14:18:00,Beauty,view,0.0,25,M,Accra,0
47,2025-03-12 11:47:00,Electronics,view,0.0,56,F,Cape Coast,2
715,2025-01-02 21:47:00,Beauty,view,0.0,36,F,Cape Coast,3
263,2025-03-11 23:21:00,Clothing,view,0.0,37,M,Tamale,0
445,2025-04-20 13:19:00,Beauty,view,0.0,19,F,Tamale,5
385,2025-01-29 08:08:00,Clothing,view,0.0,46,O,Tamale,7
186,2025-03-11 22:12:00,Electronics,view,0.0,61,M,Tamale,3
417,2025-03-15 00:59:00,Beauty,view,0.0,50,M,Tamale,5
17,2025-03-09 22:06:00,Beauty,view,0.0,20,M,Accra,7
700,2025-01-06 01:52:00,Electronics,view,0.0,69,F,Accra,4
558,2025-01-10 03:02:00,Electronics,purchase,371.7,29,O,Accra,6
166,2025-02-01 22:46:00,Books,view,0.0,40,M,Tamale,6
13,2025-02-03 23:00:00,Beauty,view,0.0,41,F,Cape Coast,4
777,2025-01-28 13:59:00,Home,view,0.0,45,M,Kumasi,9
809,2025-03-11 00:36:00,Clothing,view,0.0,49,M,Tamale,2
310,2025-03-28 03:32:00,Books,view,0.0,41,M,Kumasi,1
100,2025-01-17 09:22:00,Beauty,view,0.0,32,O,Kumasi,0
739,2025-01-14 14:44:00,Electronics,view,0.0,62,F,Tamale,0
336,2025-04-17 11:24:00,Electronics,view,0.0,21,O,Cape Coast,8
539,2025-01-02 18:09:00,Home,view,0.0,69,M,Tamale,2
141,2025-02-17 17:55:00,Clothing,view,0.0,54,F,Accra,5
473,2025-02-28 06:59:00,Books,add_to_cart,0.0,52,M,Tamale,9
57,2025-04-24 05:40:00,Books,add_to_cart,0.0,45,M,Takoradi,9
561,2025-02-13 02:26:00,Books,view,0.0,50,M,Accra,3
202,2025-02-20 03:09:00,Clothing,view,0.0,25,F,Kumasi,2
739,2025-02-06 15:19:00,Books,view,0.0,62,F,Tamale,0
877,2025-01-19 05:55:00,Books,view,0.0,31,F,Cape Coast,3
185,2025-02-23 04:18:00,Books,view,0.0,61,O,Accra,3
863,2025-04-02 03:43:00,Home,add_to_cart,0.0,67,F,Tamale,4
23,2025-04-29 15:03:00,Electronics,view,0.0,55,F,Takoradi,7
959,2025-03-02 16:46:00,Home,add_to_cart,0.0,62,F,Tamale,1
210,2025-01-06 18:52:00,Beauty,view,0.0,41,M,Takoradi,1
833,2025-01-05 00:07:00,Home,add_to_cart,0.0,55,O,Takoradi,9
891,2025-03-14 04:54:00,Beauty,add_to_cart,0.0,68,M,Takoradi,9
897,2025-04-04 23:44:00,Electronics,view,0.0,32,M,Takoradi,4
968,2025-02-25 17:24:00,Beauty,add_to_cart,0.0,65,F,Cape Coast,8
798,2025-03-21 01:16:00,Clothing,view,0.0,64,M,Cape Coast,2
234,2025-02-20 19:58:00,Electronics,view,0.0,49,O,Takoradi,2
849,2025-01-09 08:36:00,Home,view,0.0,30,O,Accra,0
110,2025-03-07 09:52:00,Home,view,0.0,41,F,Cape Coast,6
907,2025-01-06 05:31:00,Books,purchase,67.77,27,F,Accra,0
553,2025-02-25 02:37:00,Electronics,add_to_cart,0.0,45,F,Cape Coast,7
802,2025-03-17 23:05:00,Clothing,view,0.0,47,M,Takoradi,6
283,2025-02-17 23:17:00,Home,view,0.0,67,F,Tamale,0
888,2025-04-15 20:58:00,Home,view,0.0,47,M,Accra,5
225,2025-02-27 15:53:00,Clothing,view,0.0,54,F,Accra,5
385,2025-01-06 18:21:00,Home,view,0.0,46,O,Tamale,7
904,2025-03-10 19:08:00,Books,add_to_cart,0.0,21,O,Accra,3
132,2025-04-30 23:07:00,Beauty,view,0.0,54,F,Kumasi,8
34,2025-01-20 15:09:00,Clothing,view,0.0,45,F,Tamale,2
94,2025-01-30 18:24:00,Electronics,view,0.0,41,M,Tamale,2
619,2025-04-15 06:46:00,Beauty,add_to_cart,0.0,49,M,Kumasi,0
239,2025-02-15 07:35:00,Clothing,view,0.0,61,F,Kumasi,6
206,2025-01-08 22:26:00,Clothing,view,0.0,50,F,Kumasi,8
79,2025-04-11 21:44:00,Clothing,add_to_cart,0.0,27,F,Accra,4
770,2025-02-14 13:09:00,Beauty,add_to_cart,0.0,45,F,Accra,9
527,2025-01-14 20:08:00,Beauty,view,0.0,65,O,Takoradi,0
591,2025-03-29 16:56:00,Beauty,view,0.0,51,F,Cape Coast,9
392,2025-03-08 18:45:00,Electronics,add_to_cart,0.0,38,O,Tamale,0
985,2025-03-01 03:10:00,Home,add_to_cart,0.0,41,M,Kumasi,2
183,2025-02-23 16:41:00,Electronics,view,0.0,45,F,Kumasi,8
726,2025-03-11 06:13:00,Home,view,0.0,56,O,Tamale,1
133,2025-01-05 19:53:00,Clothing,view,0.0,52,O,Takoradi,2
609,2025-01-30 23:22:00,Electronics,view,0.0,66,O,Takoradi,0
356,2025-02-17 06:21:00,Books,view,0.0,62,F,Accra,8
240,2025-04-08 09:06:00,Electronics,view,0.0,43,M,Kumasi,8
352,2025-01-28 08:06:00,Home,view,0.0,63,F,Tamale,9
666,2025-04-09 16:22:00,Clothing,view,0.0,48,O,Takoradi,1
692,2025-02-27 02:07:00,Home,add_to_cart,0.0,54,M,Tamale,0
958,2025-04-25 16:36:00,Beauty,view,0.0,43,F,Kumasi,0
842,2025-04-15 21:05:00,Home,view,0.0,38,O,Accra,5
702,2025-04-29 11:11:00,Electronics,view,0.0,24,F,Accra,0
600,2025-03-17 20:17:00,Books,view,0.0,53,M,Accra,7
836,2025-01-12 16:32:00,Clothing,view,0.0,54,M,Takoradi,7
609,2025-01-27 09:18:00,Electronics,add_to_cart,0.0,66,O,Takoradi,0
486,2025-03-01 21:22:00,Books,add_to_cart,0.0,54,F,Kumasi,1
420,2025-02-23 23:35:00,Books,view,0.0,65,O,Kumasi,1
877,2025-04-10 12:03:00,Clothing,view,0.0,31,F,Cape Coast,3
469,2025-02-09 06:36:00,Home,view,0.0,49,F,Accra,7
219,2025-03-22 22:12:00,Home,view,0.0,69,M,Accra,9
525,2025-03-04 11:23:00,Books,view,0.0,43,O,Cape Coast,3
763,2025-01-03 10:09:00,Electronics,view,0.0,27,O,Tamale,0
186,2025-03-18 13:32:00,Clothing,view,0.0,61,M,Tamale,3
617,2025-04-30 03:33:00,Home,view,0.0,41,O,Kumasi,8
201,2025-01-24 12:43:00,Home,purchase,202.21,23,F,Accra,4
364,2025-03-19 07:47:00,Electronics,view,0.0,50,F,Accra,3
998,2025-04-18 17:38:00,Books,add_to_cart,0.0,62,M,Kumasi,3
262,2025-01-14 05:13:00,Beauty,view,0.0,20,O,Kumasi,7
54,2025-03-31 11:07:00,Clothing,view,0.0,43,F,Accra,1
282,2025-01-08 08:44:00,Books,add_to_cart,0.0,42,M,Takoradi,8
915,2025-01-17 06:59:00,Electronics,view,0.0,30,M,Accra,9
669,2025-01-14 16:12:00,Books,view,0.0,40,M,Kumasi,1
319,2025-04-20 00:28:00,Books,view,0.0,57,M,Tamale,3
430,2025-01-24 13:46:00,Books,add_to_cart,0.0,24,F,Kumasi,6
565,2025-03-29 01:49:00,Beauty,view,0.0,54,O,Cape Coast,4
585,2025-04-01 09:25:00,Clothing,view,0.0,43,F,Cape Coast,5
658,2025-03-25 16:47:00,Clothing,view,0.0,53,F,Takoradi,8
988,2025-02-02 17:03:00,Beauty,view,0.0,43,F,Cape Coast,6
676,2025-04-05 05:27:00,Home,view,0.0,26,F,Accra,4
535,2025-01-07 23:35:00,Electronics,view,0.0,27,F,Tamale,6
293,2025-02-14 18:35:00,Books,view,0.0,69,F,Accra,7
357,2025-04-19 09:34:00,Electronics,view,0.0,68,O,Kumasi,6
608,2025-01-12 03:41:00,Clothing,view,0.0,52,F,Kumasi,0
969,2025-04-03 00:17:00,Electronics,view,0.0,34,F,Kumasi,4
441,2025-04-15 01:50:00,Beauty,view,0.0,40,M,Takoradi,4
16,2025-01-21 12:34:00,Clothing,view,0.0,41,M,Accra,9
114,2025-02-07 05:49:00,Beauty,purchase,34.7,25,M,Accra,0
333,2025-02-16 11:52:00,Home,view,0.0,58,O,Kumasi,2
121,2025-01-03 17:25:00,Clothing,view,0.0,58,O,Cape Coast,8
220,2025-04-02 12:46:00,Clothing,view,0.0,29,F,Kumasi,3
606,2025-01-21 11:36:00,Beauty,view,0.0,26,F,Kumasi,4
380,2025-01-02 15:58:00,Clothing,view,0.0,23,O,Accra,3
666,2025-01-16 05:44:00,Beauty,add_to_cart,0.0,48,O,Takoradi,1
549,2025-03-13 05:36:00,Beauty,view,0.0,41,O,Accra,8
32,2025-01-17 05:16:00,Books,view,0.0,44,M,Takoradi,6
957,2025-02-18 12:31:00,Books,add_to_cart,0.0,31,O,Takoradi,3
398,2025-01-16 02:08:00,Books,purchase,290.12,42,M,Cape Coast,0
426,2025-02-11 22:02:00,Electronics,add_to_cart,0.0,67,M,Tamale,4
741,2025-03-12 02:35:00,Electronics,purchase,120.59,38,O,Cape Coast,4
66,2025-03-19 04:30:00,Books,view,0.0,53,O,Cape Coast,1
415,2025-02-16 10:21:00,Clothing,view,0.0,34,M,Cape Coast,3
737,2025-03-24 13:24:00,Clothing,view,0.0,62,F,Tamale,5
246,2025-02-15 00:31:00,Electronics,purchase,398.09,34,O,Accra,5
301,2025-03-18 05:38:00,Clothing,view,0.0,49,O,Kumasi,9
58,2025-04-14 23:05:00,Electronics,view,0.0,64,O,Kumasi,6
690,2025-04-28 22:37:00,Home,view,0.0,22,F,Takoradi,0
389,2025-01-24 21:33:00,Beauty,add_to_cart,0.0,52,M,Accra,4
305,2025-02-03 15:35:00,Clothing,view,0.0,36,F,Takoradi,6
220,2025-04-13 01:50:00,Electronics,view,0.0,29,F,Kumasi,3
452,2025-01-14 04:24:00,Home,view,0.0,39,F,Takoradi,2
523,2025-01-20 22:35:00,Clothing,add_to_cart,0.0,29,F,Accra,8
38,2025-03-30 15:17:00,Electronics,view,0.0,68,O,Cape Coast,0
1,2025-04-25 20:59:00,Electronics,purchase,186.83,56,O,Cape Coast,7
860,2025-04-23 00:07:00,Clothing,purchase,223.41,43,F,Accra,1
553,2025-02-26 01:34:00,Clothing,view,0.0,45,F,Cape Coast,7
663,2025-03-17 21:50:00,Beauty,view,0.0,59,F,Takoradi,0
716,2025-04-24 15:01:00,Home,add_to_cart,0.0,56,M,Tamale,1
699,2025-02-28 23:37:00,Electronics,add_to_cart,0.0,39,O,Kumasi,2
810,2025-02-05 08:11:00,Clothing,view,0.0,64,O,Cape Coast,8
645,2025-02-02 04:15:00,Books,view,0.0,45,O,Cape Coast,0
914,2025-04-03 05:52:00,Clothing,purchase,147.86,19,O,Tamale,4
159,2025-03-03 23:53:00,Home,view,0.0,56,O,Kumasi,2
155,2025-03-24 12:26:00,Home,view,0.0,59,M,Tamale,5
899,2025-01-16 06:43:00,Books,view,0.0,59,F,Takoradi,1
424,2025-04-29 16:00:00,Books,view,0.0,43,O,Kumasi,4
30,2025-04-14 13:31:00,Clothing,view,0.0,42,O,Tamale,5
392,2025-02-20 03:41:00,Home,view,0.0,38,O,Tamale,0
312,2025-02-05 19:51:00,Books,view,0.0,41,M,Kumasi,3
87,2025-01-25 15:59:00,Electronics,view,0.0,40,M,Takoradi,9
70,2025-04-09 19:55:00,Beauty,view,0.0,19,M,Cape Coast,8
233,2025-02-23 00:44:00,Clothing,view,0.0,54,F,Tamale,5
906,2025-01-23 18:48:00,Books,view,0.0,34,M,Takoradi,6
366,2025-04-01 10:09:00,Clothing,purchase,65.08,64,O,Takoradi,6
621,2025-02-03 16:20:00,Home,purchase,244.56,29,O,Accra,6
806,2025-01-26 08:56:00,Home,add_to_cart,0.0,50,O,Accra,5
617,2025-01-18 18:53:00,Clothing,purchase,355.79,41,O,Kumasi,8
495,2025-02-12 18:04:00,Books,view,0.0,49,M,Tamale,3
568,2025-03-30 13:03:00,Beauty,view,0.0,18,F,Takoradi,4
556,2025-01-15 09:10:00,Electronics,view,0.0,37,O,Tamale,7
667,2025-04-28 07:20:00,Books,view,0.0,22,O,Tamale,3
358,2025-02-27 12:08:00,Beauty,view,0.0,25,O,Tamale,7
983,2025-04-22 03:59:00,Clothing,view,0.0,40,M,Cape Coast,9
12,2025-03-27 18:51:00,Clothing,view,0.0,28,F,Tamale,2
70,2025-04-18 08:51:00,Books,view,0.0,19,M,Cape Coast,8
482,2025-01-08 09:46:00,Electronics,view,0.0,34,M,Takoradi,3
555,2025-01-09 13:36:00,Home,view,0.0,44,F,Takoradi,0
132,2025-01-02 18:32:00,Books,view,0.0,54,F,Kumasi,8
331,2025-03-06 13:58:00,Home,add_to_cart,0.0,52,M,Takoradi,9
391,2025-03-07 14:07:00,Beauty,purchase,47.04,69,F,Takoradi,0
42,2025-02-20 02:51:00,Electronics,view,0.0,54,M,Kumasi,4
124,2025-02-26 05:07:00,Home,view,0.0,26,M,Takoradi,2
492,2025-03-15 22:03:00,Beauty,view,0.0,18,M,Takoradi,4
489,2025-03-28 04:20:00,Electronics,view,0.0,26,M,Tamale,4
536,2025-03-27 12:16:00,Clothing,view,0.0,22,F,Kumasi,1
26,2025-01-03 01:27:00,Clothing,purchase,308.08,50,F,Takoradi,7
550,2025-04-13 19:05:00,Electronics,view,0.0,33,F,Tamale,2
287,2025-01-26 03:25:00,Beauty,add_to_cart,0.0,59,M,Tamale,6
586,2025-01-18 14:56:00,Books,view,0.0,25,O,Accra,1
293,2025-04-14 21:21:00,Beauty,view,0.0,69,F,Accra,7
563,2025-02-14 21:20:00,Clothing,add_to_cart,0.0,68,F,Takoradi,4
594,2025-01-17 03:53:00,Electronics,view,0.0,24,F,Kumasi,1
680,2025-02-12 08:18:00,Home,view,0.0,55,M,Accra,9
607,2025-02-01 19:30:00,Electronics,view,0.0,41,O,Takoradi,6
826,2025-03-27 02:29:00,Books,view,0.0,65,F,Takoradi,0
677,2025-03-31 05:33:00,Electronics,purchase,143.1,27,F,Kumasi,0
102,2025-03-07 23:04:00,Home,add_to_cart,0.0,18,F,Kumasi,2
462,2025-04-19 07:46:00,Beauty,add_to_cart,0.0,61,M,Kumasi,2
581,2025-04-12 01:39:00,Books,add_to_cart,0.0,67,O,Cape Coast,7
250,2025-04-08 10:35:00,Home,view,0.0,69,F,Takoradi,5
504,2025-02-03 14:36:00,Beauty,view,0.0,39,M,Accra,5
544,2025-03-22 03:41:00,Electronics,purchase,256.3,18,O,Accra,1
226,2025-04-13 18:29:00,Clothing,view,0.0,66,O,Accra,3
167,2025-01-23 08:43:00,Books,view,0.0,56,M,Cape Coast,8
502,2025-02-27 15:38:00,Clothing,view,0.0,56,M,Kumasi,9
215,2025-02-08 18:48:00,Books,view,0.0,58,M,Accra,7
26,2025-02-20 17:50:00,Beauty,add_to_cart,0.0,50,F,Takoradi,7
289,2025-04-10 03:08:00,Clothing,view,0.0,24,O,Cape Coast,8
838,2025-02-24 10:35:00,Books,purchase,101.6,27,F,Tamale,3
410,2025-01-01 03:43:00,Books,view,0.0,19,M,Kumasi,1
918,2025-03-09 15:01:00,Books,view,0.0,65,O,Kumasi,9
504,2025-03-27 10:00:00,Beauty,view,0.0,39,M,Accra,5
210,2025-03-22 06:49:00,Books,view,0.0,41,M,Takoradi,1
893,2025-03-15 00:01:00,Electronics,add_to_cart,0.0,69,O,Takoradi,3
925,2025-02-04 16:11:00,Beauty,purchase,209.33,28,O,Kumasi,7
106,2025-02-19 21:37:00,Beauty,view,0.0,41,O,Cape Coast,1
524,2025-02-18 17:45:00,Home,view,0.0,33,O,Takoradi,7
353,2025-03-16 01:15:00,Home,view,0.0,47,M,Takoradi,4
981,2025-03-25 07:50:00,Clothing,purchase,110.97,43,F,Tamale,4
805,2025-01-30 00:10:00,Books,purchase,126.53,22,O,Takoradi,7
959,2025-03-23 11:13:00,Books,view,0.0,62,F,Tamale,1
490,2025-02-21 01:03:00,Beauty,view,0.0,29,O,Kumasi,5
939,2025-03-14 09:26:00,Clothing,view,0.0,68,F,Tamale,8
693,2025-01-06 00:28:00,Books,view,0.0,55,M,Kumasi,3
696,2025-04-26 20:35:00,Clothing,view,0.0,65,O,Takoradi,4
174,2025-03-25 21:51:00,Beauty,view,0.0,49,M,Takoradi,7
303,2025-01-31 18:39:00,Books,view,0.0,58,O,Takoradi,7
184,2025-01-17 05:24:00,Books,view,0.0,45,O,Cape Coast,8
946,2025-01-11 12:32:00,Clothing,view,0.0,39,F,Accra,2
1,2025-02-08 03:31:00,Electronics,add_to_cart,0.0,56,O,Cape Coast,7
127,2025-01-06 16:51:00,Clothing,view,0.0,51,F,Tamale,4
612,2025-03-14 13:02:00,Electronics,view,0.0,53,O,Tamale,4
683,2025-01-01 11:56:00,Electronics,add_to_cart,0.0,30,F,Accra,7
114,2025-01-09 12:27:00,Books,view,0.0,25,M,Accra,0
970,2025-02-11 21:38:00,Beauty,view,0.0,43,F,Accra,9
677,2025-04-26 06:19:00,Clothing,view,0.0,27,F,Kumasi,0
89,2025-02-22 23:27:00,Books,view,0.0,38,O,Tamale,4
188,2025-01-06 19:11:00,Home,view,0.0,47,F,Takoradi,1
230,2025-04-07 01:54:00,Beauty,add_to_cart,0.0,19,F,Cape Coast,6
299,2025-03-15 16:33:00,Beauty,add_to_cart,0.0,22,O,Cape Coast,9
116,2025-01-30 02:50:00,Beauty,add_to_cart,0.0,52,M,Accra,6
360,2025-01-05 11:13:00,Home,add_to_cart,0.0,44,M,Kumasi,5
712,2025-03-17 14:18:00,Beauty,view,0.0,44,F,Takoradi,8
199,2025-04-04 17:23:00,Clothing,view,0.0,20,M,Cape Coast,4
823,2025-03-08 16:53:00,Home,view,0.0,52,O,Takoradi,1
390,2025-03-31 11:50:00,Home,view,0.0,50,O,Tamale,7
788,2025-01-10 15:26:00,Clothing,view,0.0,45,F,Cape Coast,0
187,2025-01-12 19:58:00,Books,view,0.0,37,M,Kumasi,7
634,2025-01-09 23:30:00,Electronics,view,0.0,39,F,Takoradi,5
29,2025-03-01 02:20:00,Electronics,view,0.0,61,M,Kumasi,3
762,2025-02-08 15:17:00,Home,add_to_cart,0.0,29,M,Kumasi,5
629,2025-02-15 20:44:00,Beauty,view,0.0,34,M,Cape Coast,1
660,2025-01-11 17:00:00,Beauty,view,0.0,33,M,Kumasi,4
300,2025-04-07 21:35:00,Clothing,view,0.0,54,M,Tamale,6
384,2025-04-09 06:37:00,Electronics,view,0.0,41,M,Kumasi,1
567,2025-03-29 20:44:00,Home,view,0.0,20,O,Takoradi,7
956,2025-01-12 12:53:00,Beauty,view,0.0,66,M,Kumasi,1
14,2025-04-25 15:58:00,Clothing,add_to_cart,0.0,53,F,Tamale,2
485,2025-02-10 23:34:00,Clothing,view,0.0,43,O,Accra,4
670,2025-02-13 22:06:00,Clothing,view,0.0,46,F,Cape Coast,2
743,2025-04-18 21:38:00,Clothing,add_to_cart,0.0,38,F,Cape Coast,8
950,2025-01-30 19:31:00,Books,add_to_cart,0.0,22,F,Kumasi,9
599,2025-01-05 17:40:00,Electronics,view,0.0,46,O,Tamale,2
933,2025-01-07 04:14:00,Home,view,0.0,49,M,Cape Coast,5
696,2025-03-14 10:59:00,Clothing,view,0.0,65,O,Takoradi,4
395,2025-03-01 09:58:00,Electronics,purchase,266.72,50,O,Kumasi,9
488,2025-01-22 02:13:00,Clothing,purchase,369.01,40,M,Cape Coast,5
737,2025-02-15 09:05:00,Electronics,view,0.0,62,F,Tamale,5
738,2025-01-11 13:36:00,Electronics,view,0.0,49,F,Kumasi,5
942,2025-04-22 21:47:00,Clothing,view,0.0,22,M,Takoradi,2
753,2025-03-06 01:58:00,Beauty,view,0.0,66,M,Kumasi,7
695,2025-03-11 16:52:00,Home,purchase,491.36,25,F,Cape Coast,8
155,2025-02-10 15:34:00,Beauty,view,0.0,59,M,Tamale,5
237,2025-01-19 20:57:00,Electronics,view,0.0,36,F,Takoradi,7
575,2025-03-11 21:02:00,Home,view,0.0,30,F,Takoradi,6
827,2025-01-25 16:38:00,Books,view,0.0,23,M,Tamale,9
202,2025-02-08 23:37:00,Electronics,view,0.0,25,F,Kumasi,2
812,2025-02-05 02:05:00,Clothing,view,0.0,28,F,Takoradi,1
557,2025-04-02 08:31:00,Clothing,view,0.0,41,M,Takoradi,6
409,2025-01-31 20:44:00,Home,view,0.0,40,O,Takoradi,0
243,2025-02-09 13:53:00,Electronics,view,0.0,49,M,Tamale,6
81,2025-02-07 03:35:00,Home,view,0.0,31,M,Kumasi,1
322,2025-03-22 14:09:00,Home,purchase,213.79,65,M,Cape Coast,9
54,2025-04-07 00:17:00,Beauty,view,0.0,43,F,Accra,1
879,2025-04-01 22:27:00,Books,view,0.0,28,O,Cape Coast,7
921,2025-03-22 21:43:00,Beauty,view,0.0,64,F,Kumasi,9
613,2025-01-16 16:54:00,Books,view,0.0,35,F,Accra,2
77,2025-02-09 20:01:00,Clothing,view,0.0,61,O,Accra,1
953,2025-01-04 10:40:00,Beauty,view,0.0,43,F,Accra,3
171,2025-03-08 17:57:00,Home,view,0.0,46,O,Accra,5
683,2025-01-24 01:58:00,Clothing,purchase,362.0,30,F,Accra,7
630,2025-03-17 10:16:00,Clothing,purchase,376.93,66,M,Accra,1
379,2025-01-16 22:37:00,Clothing,view,0.0,63,O,Accra,5
930,2025-04-14 06:32:00,Beauty,view,0.0,21,O,Kumasi,9
756,2025-03-12 17:03:00,Electronics,view,0.0,48,M,Cape Coast,0
317,2025-03-16 10:19:00,Home,view,0.0,53,F,Kumasi,2
704,2025-03-22 01:49:00,Beauty,add_to_cart,0.0,62,O,Tamale,5
432,2025-02-04 07:26:00,Electronics,view,0.0,62,O,Cape Coast,3
607,2025-03-27 00:13:00,Electronics,view,0.0,41,O,Takoradi,6
105,2025-01-03 04:00:00,Home,view,0.0,26,M,Cape Coast,1
566,2025-04-04 11:09:00,Clothing,view,0.0,29,M,Takoradi,7
430,2025-01-29 14:47:00,Home,view,0.0,24,F,Kumasi,6
932,2025-01-30 02:08:00,Clothing,view,0.0,20,M,Kumasi,8
196,2025-03-11 18:32:00,Home,view,0.0,69,M,Cape Coast,1
242,2025-01-23 04:53:00,Electronics,add_to_cart,0.0,23,F,Accra,7
268,2025-01-22 08:59:00,Beauty,view,0.0,36,F,Tamale,3
733,2025-04-19 21:54:00,Electronics,purchase,255.21,50,M,Kumasi,2
781,2025-02-11 14:14:00,Clothing,view,0.0,53,F,Kumasi,8
855,2025-04-17 12:42:00,Beauty,purchase,116.94,51,O,Kumasi,7
203,2025-02-19 15:41:00,Beauty,add_to_cart,0.0,44,F,Tamale,0
315,2025-04-27 12:37:00,Home,view,0.0,66,F,Cape Coast,1
43,2025-03-15 22:14:00,Books,view,0.0,68,M,Tamale,4
613,2025-02-03 15:44:00,Home,view,0.0,35,F,Accra,2
928,2025-02-07 07:55:00,Books,view,0.0,21,F,Accra,8
807,2025-02-10 15:17:00,Beauty,add_to_cart,0.0,18,F,Takoradi,3
490,2025-01-01 20:49:00,Home,add_to_cart,0.0,29,O,Kumasi,5
196,2025-04-17 02:40:00,Clothing,purchase,489.59,69,M,Cape Coast,1
251,2025-03-24 09:55:00,Beauty,purchase,206.15,51,M,Kumasi,9
643,2025-01-23 16:06:00,Clothing,view,0.0,26,F,Cape Coast,1
252,2025-04-20 13:05:00,Books,view,0.0,23,O,Cape Coast,7
163,2025-03-22 11:35:00,Beauty,view,0.0,21,O,Kumasi,3
920,2025-03-15 06:09:00,Beauty,view,0.0,68,F,Tamale,7
118,2025-04-24 16:10:00,Electronics,add_to_cart,0.0,22,O,Takoradi,2
612,2025-02-15 08:44:00,Beauty,view,0.0,53,O,Tamale,4
865,2025-01-03 18:07:00,Clothing,purchase,263.76,18,F,Tamale,5
570,2025-03-11 04:11:00,Electronics,view,0.0,57,O,Cape Coast,0
339,2025-01-17 21:47:00,Beauty,view,0.0,38,M,Kumasi,3
974,2025-02-18 21:15:00,Books,add_to_cart,0.0,66,O,Tamale,1
728,2025-04-08 07:43:00,Books,view,0.0,20,M,Accra,7
28,2025-03-21 09:51:00,Beauty,purchase,148.01,39,O,Kumasi,9
992,2025-03-03 10:37:00,Beauty,view,0.0,20,F,Cape Coast,4
611,2025-02-24 04:46:00,Beauty,view,0.0,65,F,Kumasi,4
195,2025-04-27 11:47:00,Books,view,0.0,44,M,Kumasi,2
335,2025-01-14 13:22:00,Books,add_to_cart,0.0,50,O,Cape Coast,8
936,2025-03-13 16:29:00,Electronics,add_to_cart,0.0,46,O,Cape Coast,1
241,2025-02-27 23:47:00,Electronics,add_to_cart,0.0,49,F,Cape Coast,0
729,2025-01-14 06:56:00,Home,view,0.0,30,M,Takoradi,7
891,2025-01-31 09:05:00,Electronics,view,0.0,68,M,Takoradi,9
576,2025-01-30 01:17:00,Electronics,view,0.0,29,F,Cape Coast,8
58,2025-01-27 22:38:00,Books,view,0.0,64,O,Kumasi,6
151,2025-04-13 15:43:00,Home,view,0.0,26,F,Accra,7
947,2025-03-25 14:15:00,Electronics,view,0.0,38,O,Kumasi,2
140,2025-04-13 06:42:00,Beauty,view,0.0,52,M,Accra,7
49,2025-01-03 15:04:00,Beauty,purchase,284.49,21,O,Takoradi,6
282,2025-03-12 09:04:00,Beauty,add_to_cart,0.0,42,M,Takoradi,8
31,2025-01-22 16:19:00,Beauty,view,0.0,66,F,Accra,1
354,2025-02-18 22:37:00,Books,add_to_cart,0.0,55,F,Takoradi,4
925,2025-03-13 10:46:00,Books,view,0.0,28,O,Kumasi,7
857,2025-02-18 21:44:00,Books,add_to_cart,0.0,48,F,Tamale,0
349,2025-01-21 23:06:00,Books,purchase,335.64,68,O,Cape Coast,2
859,2025-04-06 10:45:00,Clothing,add_to_cart,0.0,56,F,Tamale,5
133,2025-01-16 10:53:00,Home,view,0.0,52,O,Takoradi,2
170,2025-03-28 22:33:00,Electronics,view,0.0,60,O,Cape Coast,7
236,2025-01-08 02:58:00,Beauty,view,0.0,18,F,Cape Coast,1
934,2025-01-02 02:16:00,Electronics,view,0.0,20,M,Tamale,7
991,2025-04-29 01:23:00,Beauty,view,0.0,24,F,Tamale,4
890,2025-04-17 01:20:00,Clothing,view,0.0,44,O,Takoradi,1
455,2025-01-22 03:13:00,Clothing,purchase,75.98,59,F,Cape Coast,4
961,2025-04-25 22:47:00,Electronics,purchase,317.2,26,M,Accra,9
250,2025-03-12 03:20:00,Clothing,purchase,489.33,69,F,Takoradi,5
913,2025-02-03 11:34:00,Home,view,0.0,23,F,Kumasi,8
388,2025-01-15 06:34:00,Books,view,0.0,48,O,Accra,3
962,2025-04-18 23:27:00,Beauty,add_to_cart,0.0,43,F,Accra,9
339,2025-02-20 20:02:00,Clothing,purchase,91.07,38,M,Kumasi,3
219,2025-03-14 12:54:00,Home,view,0.0,69,M,Accra,9
592,2025-01-10 19:15:00,Beauty,purchase,426.86,68,M,Cape Coast,5
718,2025-02-22 17:25:00,Books,add_to_cart,0.0,62,M,Accra,8
241,2025-02-14 06:32:00,Home,view,0.0,49,F,Cape Coast,0
487,2025-01-21 16:27:00,Beauty,view,0.0,43,M,Kumasi,5
138,2025-01-23 15:51:00,Clothing,view,0.0,52,O,Tamale,6
823,2025-02-12 17:05:00,Electronics,view,0.0,52,O,Takoradi,1
423,2025-01-12 19:35:00,Clothing,view,0.0,59,O,Takoradi,9
169,2025-01-10 19:10:00,Electronics,view,0.0,32,M,Tamale,3
441,2025-02-02 06:03:00,Clothing,view,0.0,40,M,Takoradi,4
166,2025-01-04 03:55:00,Beauty,view,0.0,40,M,Tamale,6
470,2025-01-17 12:33:00,Beauty,view,0.0,69,F,Accra,5
865,2025-01-08 17:52:00,Beauty,view,0.0,18,F,Tamale,5
47,2025-03-15 07:57:00,Beauty,view,0.0,56,F,Cape Coast,2
540,2025-02-12 12:46:00,Electronics,add_to_cart,0.0,48,M,Cape Coast,5
274,2025-01-27 07:05:00,Home,add_to_cart,0.0,50,F,Cape Coast,0
361,2025-03-10 06:21:00,Home,add_to_cart,0.0,51,O,Accra,4
758,2025-03-09 18:44:00,Electronics,view,0.0,20,O,Accra,9
686,2025-02-10 23:43:00,Clothing,view,0.0,26,O,Kumasi,6
928,2025-01-30 13:27:00,Electronics,view,0.0,21,F,Accra,8
985,2025-04-08 00:12:00,Electronics,purchase,283.19,41,M,Kumasi,2
573,2025-04-30 11:48:00,Electronics,view,0.0,61,O,Tamale,1
202,2025-02-28 11:10:00,Electronics,purchase,376.35,25,F,Kumasi,2
749,2025-02-03 19:06:00,Electronics,add_to_cart,0.0,37,F,Takoradi,4
739,2025-04-03 19:11:00,Books,add_to_cart,0.0,62,F,Tamale,0
419,2025-03-25 04:59:00,Electronics,view,0.0,60,F,Cape Coast,2
969,2025-02-11 09:12:00,Beauty,add_to_cart,0.0,34,F,Kumasi,4
953,2025-03-09 13:48:00,Beauty,add_to_cart,0.0,43,F,Accra,3
633,2025-01-03 04:47:00,Home,purchase,157.28,42,M,Kumasi,7
466,2025-03-28 07:49:00,Electronics,view,0.0,21,M,Cape Coast,0
554,2025-01-29 01:59:00,Electronics,view,0.0,49,F,Accra,9
109,2025-01-31 10:47:00,Beauty,view,0.0,25,M,Takoradi,7
862,2025-04-09 15:50:00,Beauty,add_to_cart,0.0,20,F,Accra,4
526,2025-03-31 19:41:00,Home,view,0.0,43,O,Takoradi,0
210,2025-02-12 08:18:00,Beauty,view,0.0,41,M,Takoradi,1
606,2025-03-04 02:02:00,Books,view,0.0,26,F,Kumasi,4
948,2025-01-01 19:23:00,Clothing,add_to_cart,0.0,23,M,Cape Coast,0
135,2025-03-16 10:35:00,Beauty,add_to_cart,0.0,57,M,Accra,2
191,2025-03-10 23:29:00,Electronics,view,0.0,42,M,Takoradi,8
741,2025-04-07 19:53:00,Electronics,view,0.0,38,O,Cape Coast,4
21,2025-02-06 21:26:00,Home,view,0.0,61,M,Kumasi,4
316,2025-03-11 15:27:00,Home,add_to_cart,0.0,25,F,Takoradi,4
689,2025-03-26 05:37:00,Home,view,0.0,19,O,Cape Coast,4
659,2025-01-02 07:38:00,Home,view,0.0,40,M,Cape Coast,5
950,2025-01-27 14:11:00,Electronics,view,0.0,22,F,Kumasi,9
852,2025-01-10 18:17:00,Electronics,view,0.0,66,M,Accra,3
895,2025-03-07 05:31:00,Home,add_to_cart,0.0,50,O,Takoradi,1
327,2025-03-12 09:32:00,Home,view,0.0,35,M,Takoradi,8
646,2025-01-06 12:47:00,Books,add_to_cart,0.0,31,O,Takoradi,8
51,2025-03-02 18:49:00,Electronics,add_to_cart,0.0,31,O,Kumasi,6
770,2025-02-20 05:19:00,Beauty,view,0.0,45,F,Accra,9
648,2025-02-26 21:49:00,Electronics,view,0.0,69,M,Cape Coast,9
472,2025-01-21 16:58:00,Beauty,view,0.0,64,M,Tamale,7
826,2025-03-04 15:05:00,Clothing,view,0.0,65,F,Takoradi,0
217,2025-04-05 17:49:00,Books,add_to_cart,0.0,66,M,Cape Coast,8
977,2025-04-19 11:34:00,Electronics,view,0.0,32,M,Takoradi,3
277,2025-01-01 03:31:00,Clothing,view,0.0,35,O,Takoradi,8
686,2025-02-16 16:11:00,Home,view,0.0,26,O,Kumasi,6
178,2025-01-26 03:25:00,Home,view,0.0,45,F,Kumasi,7
156,2025-02-13 16:37:00,Clothing,view,0.0,30,F,Cape Coast,8
357,2025-04-09 09:38:00,Home,view,0.0,68,O,Kumasi,6
194,2025-04-11 10:31:00,Books,add_to_cart,0.0,18,M,Takoradi,0
527,2025-02-02 18:15:00,Home,view,0.0,65,O,Takoradi,0
726,2025-01-23 03:42:00,Clothing,purchase,48.68,56,O,Tamale,1
653,2025-01-30 13:29:00,Clothing,add_to_cart,0.0,52,F,Cape Coast,0
94,2025-03-24 06:36:00,Beauty,add_to_cart,0.0,41,M,Tamale,2
930,2025-04-29 21:37:00,Clothing,add_to_cart,0.0,21,O,Kumasi,9
693,2025-01-03 08:07:00,Clothing,add_to_cart,0.0,55,M,Kumasi,3
447,2025-03-06 14:03:00,Beauty,add_to_cart,0.0,40,F,Takoradi,6
843,2025-02-19 22:46:00,Home,view,0.0,31,F,Accra,7
273,2025-01-22 19:26:00,Home,add_to_cart,0.0,58,O,Cape Coast,4
929,2025-02-11 01:38:00,Home,view,0.0,57,O,Cape Coast,2
775,2025-04-19 09:08:00,Electronics,view,0.0,25,F,Kumasi,0
953,2025-03-17 22:19:00,Beauty,view,0.0,43,F,Accra,3
795,2025-03-25 06:39:00,Clothing,view,0.0,35,M,Tamale,3
306,2025-01-18 17:15:00,Beauty,view,0.0,65,M,Tamale,6
671,2025-04-11 19:22:00,Clothing,view,0.0,60,M,Cape Coast,2
205,2025-04-23 17:12:00,Electronics,view,0.0,54,O,Kumasi,8
858,2025-02-13 09:44:00,Home,view,0.0,25,M,Cape Coast,1
128,2025-03-15 10:37:00,Electronics,view,0.0,50,F,Kumasi,3
357,2025-01-07 21:43:00,Beauty,view,0.0,68,O,Kumasi,6
316,2025-01-01 22:24:00,Clothing,view,0.0,25,F,Takoradi,4
371,2025-02-23 02:28:00,Clothing,view,0.0,21,O,Cape Coast,1
699,2025-04-17 04:33:00,Electronics,view,0.0,39,O,Kumasi,2
360,2025-03-16 17:23:00,Clothing,view,0.0,44,M,Kumasi,5
535,2025-01-16 04:15:00,Beauty,view,0.0,27,F,Tamale,6
542,2025-03-04 04:00:00,Home,view,0.0,36,M,Kumasi,9
639,2025-02-15 20:34:00,Books,view,0.0,29,F,Tamale,6
562,2025-01-12 04:08:00,Beauty,view,0.0,50,M,Cape Coast,8
227,2025-03-06 21:46:00,Clothing,add_to_cart,0.0,34,O,Accra,8
740,2025-02-27 04:51:00,Home,view,0.0,64,M,Takoradi,3
390,2025-02-27 04:47:00,Home,view,0.0,50,O,Tamale,7
6,2025-03-15 20:32:00,Books,view,0.0,25,M,Kumasi,5
923,2025-01-03 01:28:00,Electronics,view,0.0,33,F,Takoradi,1
293,2025-02-11 00:59:00,Clothing,view,0.0,69,F,Accra,7
506,2025-01-04 06:13:00,Clothing,add_to_cart,0.0,20,F,Accra,9
309,2025-01-22 15:21:00,Clothing,view,0.0,37,M,Tamale,1
988,2025-04-29 21:55:00,Electronics,view,0.0,43,F,Cape Coast,6
327,2025-04-27 16:34:00,Beauty,add_to_cart,0.0,35,M,Takoradi,8
775,2025-04-06 16:18:00,Beauty,add_to_cart,0.0,25,F,Kumasi,0
974,2025-01-02 20:03:00,Beauty,view,0.0,66,O,Tamale,1
880,2025-03-27 16:01:00,Electronics,view,0.0,68,O,Takoradi,9
88,2025-01-20 05:11:00,Electronics,purchase,230.1,57,M,Kumasi,0
354,2025-02-01 18:23:00,Clothing,view,0.0,55,F,Takoradi,4
701,2025-03-03 02:24:00,Beauty,view,0.0,34,M,Kumasi,9
176,2025-04-18 07:04:00,Home,view,0.0,68,O,Takoradi,8
987,2025-04-29 08:43:00,Home,view,0.0,62,O,Takoradi,6
439,2025-04-30 13:27:00,Beauty,view,0.0,29,F,Accra,3
864,2025-01-18 11:50:00,Electronics,view,0.0,29,O,Cape Coast,5
550,2025-03-19 01:08:00,Books,purchase,146.65,33,F,Tamale,2
71,2025-02-08 09:16:00,Clothing,view,0.0,23,F,Takoradi,3
107,2025-04-02 19:05:00,Home,add_to_cart,0.0,18,F,Cape Coast,2
147,2025-01-24 23:55:00,Electronics,view,0.0,43,O,Cape Coast,3
786,2025-01-12 08:22:00,Clothing,add_to_cart,0.0,37,F,Tamale,4
720,2025-04-10 22:21:00,Electronics,view,0.0,67,F,Accra,5
823,2025-03-02 19:32:00,Clothing,view,0.0,52,O,Takoradi,1
74,2025-01-01 20:24:00,Books,view,0.0,46,F,Takoradi,5
110,2025-03-15 18:56:00,Books,view,0.0,41,F,Cape Coast,6
212,2025-02-17 19:58:00,Home,purchase,169.57,49,O,Accra,0
494,2025-01-15 05:55:00,Clothing,view,0.0,51,F,Cape Coast,7
848,2025-04-19 10:56:00,Home,view,0.0,62,O,Tamale,9
259,2025-03-07 20:13:00,Beauty,view,0.0,23,M,Accra,7
950,2025-02-16 02:00:00,Beauty,view,0.0,22,F,Kumasi,9
562,2025-02-02 08:02:00,Clothing,view,0.0,50,M,Cape Coast,8
694,2025-02-02 08:56:00,Beauty,view,0.0,36,O,Cape Coast,8
136,2025-03-28 03:02:00,Electronics,view,0.0,39,F,Cape Coast,0
235,2025-01-03 12:16:00,Clothing,add_to_cart,0.0,50,O,Kumasi,5
992,2025-04-20 06:38:00,Clothing,view,0.0,20,F,Cape Coast,4
556,2025-01-12 07:15:00,Electronics,view,0.0,37,O,Tamale,7
216,2025-04-30 15:04:00,Books,view,0.0,69,M,Tamale,5
629,2025-02-19 17:04:00,Home,view,0.0,34,M,Cape Coast,1
305,2025-03-30 17:13:00,Beauty,view,0.0,36,F,Takoradi,6
82,2025-03-25 01:06:00,Beauty,view,0.0,48,M,Cape Coast,5
849,2025-01-11 01:26:00,Books,purchase,396.79,30,O,Accra,0
681,2025-02-28 16:16:00,Electronics,view,0.0,24,M,Takoradi,0
340,2025-01-25 07:22:00,Electronics,purchase,154.7,65,M,Accra,5
965,2025-03-21 12:47:00,Home,view,0.0,64,M,Accra,6
934,2025-01-26 19:16:00,Books,view,0.0,20,M,Tamale,7
609,2025-04-01 04:36:00,Clothing,view,0.0,66,O,Takoradi,0
66,2025-03-18 09:52:00,Beauty,add_to_cart,0.0,53,O,Cape Coast,1
149,2025-03-07 07:55:00,Home,view,0.0,56,F,Cape Coast,8
976,2025-02-26 09:04:00,Home,add_to_cart,0.0,69,M,Takoradi,8
816,2025-03-29 14:59:00,Electronics,add_to_cart,0.0,39,O,Tamale,9
137,2025-03-23 03:18:00,Beauty,view,0.0,44,M,Takoradi,5
513,2025-04-26 18:34:00,Clothing,add_to_cart,0.0,46,O,Tamale,2
462,2025-01-10 09:17:00,Electronics,add_to_cart,0.0,61,M,Kumasi,2
200,2025-04-09 17:40:00,Books,add_to_cart,0.0,56,F,Kumasi,3
389,2025-02-14 21:51:00,Home,purchase,437.28,52,M,Accra,4
785,2025-04-15 11:12:00,Clothing,view,0.0,50,O,Tamale,6
743,2025-02-02 03:27:00,Clothing,view,0.0,38,F,Cape Coast,8
997,2025-01-22 03:37:00,Clothing,view,0.0,64,M,Accra,1
25,2025-03-13 16:17:00,Clothing,view,0.0,38,O,Tamale,8
332,2025-02-26 00:22:00,Beauty,view,0.0,33,F,Cape Coast,1
163,2025-01-27 07:02:00,Electronics,view,0.0,21,O,Kumasi,3
970,2025-03-22 02:44:00,Home,purchase,63.34,43,F,Accra,9
384,2025-03-18 09:05:00,Clothing,purchase,108.26,41,M,Kumasi,1
11,2025-04-22 11:43:00,Beauty,view,0.0,28,O,Accra,1
16,2025-04-05 05:28:00,Electronics,view,0.0,41,M,Accra,9
727,2025-01-16 17:18:00,Beauty,view,0.0,18,O,Tamale,8
138,2025-03-17 13:17:00,Home,view,0.0,52,O,Tamale,6
475,2025-04-22 13:44:00,Books,purchase,428.79,69,F,Kumasi,4
83,2025-01-27 15:29:00,Home,view,0.0,65,F,Kumasi,2
624,2025-03-30 05:17:00,Electronics,view,0.0,40,F,Accra,3
890,2025-01-25 13:37:00,Beauty,view,0.0,44,O,Takoradi,1
338,2025-01-10 02:34:00,Electronics,purchase,328.59,31,F,Accra,2
992,2025-02-22 19:16:00,Electronics,view,0.0,20,F,Cape Coast,4
985,2025-01-20 09:44:00,Electronics,add_to_cart,0.0,41,M,Kumasi,2
321,2025-02-21 15:47:00,Beauty,view,0.0,52,M,Kumasi,0
635,2025-01-03 01:05:00,Home,view,0.0,30,M,Cape Coast,3
698,2025-02-02 10:44:00,Books,view,0.0,18,F,Tamale,2
879,2025-03-23 14:19:00,Beauty,view,0.0,28,O,Cape Coast,7
615,2025-04-23 07:27:00,Books,view,0.0,56,M,Takoradi,2
729,2025-03-15 13:37:00,Beauty,view,0.0,30,M,Takoradi,7
992,2025-04-13 05:58:00,Electronics,view,0.0,20,F,Cape Coast,4
927,2025-04-14 11:57:00,Electronics,view,0.0,25,M,Takoradi,4
902,2025-01-07 20:30:00,Home,purchase,370.51,22,F,Kumasi,9
382,2025-03-26 00:44:00,Clothing,view,0.0,58,M,Tamale,7
447,2025-01-15 02:29:00,Clothing,view,0.0,40,F,Takoradi,6
196,2025-02-05 02:04:00,Electronics,add_to_cart,0.0,69,M,Cape Coast,1
968,2025-03-31 01:27:00,Electronics,add_to_cart,0.0,65,F,Cape Coast,8
562,2025-02-08 04:38:00,Books,view,0.0,50,M,Cape Coast,8
888,2025-02-02 10:44:00,Beauty,view,0.0,47,M,Accra,5
175,2025-02-02 02:25:00,Electronics,view,0.0,24,O,Kumasi,0
407,2025-02-23 23:07:00,Beauty,add_to_cart,0.0,64,O,Cape Coast,0
948,2025-01-06 00:27:00,Clothing,view,0.0,23,M,Cape Coast,0
491,2025-03-22 08:27:00,Beauty,add_to_cart,0.0,18,F,Tamale,6
432,2025-02-13 11:59:00,Beauty,add_to_cart,0.0,62,O,Cape Coast,3
462,2025-03-11 06:54:00,Books,view,0.0,61,M,Kumasi,2
265,2025-04-05 21:44:00,Electronics,view,0.0,36,M,Kumasi,0
484,2025-04-08 12:12:00,Home,view,0.0,45,F,Takoradi,2
266,2025-01-16 23:18:00,Beauty,add_to_cart,0.0,43,M,Kumasi,0
95,2025-02-15 12:20:00,Books,add_to_cart,0.0,43,F,Cape Coast,1
291,2025-04-16 14:51:00,Books,view,0.0,43,F,Cape Coast,2
344,2025-04-05 05:56:00,Home,view,0.0,20,O,Cape Coast,2
13,2025-01-25 00:48:00,Clothing,purchase,286.25,41,F,Cape Coast,4
436,2025-02-23 11:39:00,Home,view,0.0,63,F,Kumasi,3
605,2025-01-16 13:06:00,Books,purchase,72.53,54,M,Cape Coast,6
147,2025-01-25 02:35:00,Books,view,0.0,43,O,Cape Coast,3
482,2025-03-16 15:41:00,Home,purchase,140.33,34,M,Takoradi,3
558,2025-03-07 09:16:00,Clothing,view,0.0,29,O,Accra,6
202,2025-04-19 00:41:00,Beauty,purchase,408.67,25,F,Kumasi,2
846,2025-01-05 18:04:00,Books,view,0.0,18,M,Tamale,8
572,2025-02-15 03:56:00,Electronics,add_to_cart,0.0,60,M,Cape Coast,2
269,2025-04-18 15:35:00,Clothing,view,0.0,37,F,Cape Coast,0
625,2025-04-07 18:53:00,Beauty,view,0.0,42,O,Accra,7
290,2025-01-12 04:47:00,Home,view,0.0,33,M,Tamale,6
653,2025-01-26 13:31:00,Home,view,0.0,52,F,Cape Coast,0
503,2025-02-26 21:56:00,Books,view,0.0,22,O,Kumasi,3
285,2025-03-23 13:01:00,Clothing,add_to_cart,0.0,48,M,Takoradi,4
696,2025-03-13 10:11:00,Beauty,view,0.0,65,O,Takoradi,4
369,2025-02-25 15:16:00,Beauty,view,0.0,65,M,Cape Coast,5
711,2025-01-10 03:23:00,Electronics,view,0.0,56,M,Cape Coast,6
180,2025-02-19 14:22:00,Clothing,view,0.0,59,O,Tamale,8
749,2025-03-17 18:18:00,Beauty,add_to_cart,0.0,37,F,Takoradi,4
797,2025-03-02 20:34:00,Clothing,view,0.0,22,O,Cape Coast,3
253,2025-01-07 08:01:00,Electronics,view,0.0,39,F,Tamale,2
812,2025-03-11 02:09:00,Books,view,0.0,28,F,Takoradi,1
741,2025-02-04 04:39:00,Electronics,view,0.0,38,O,Cape Coast,4
250,2025-03-21 05:31:00,Beauty,add_to_cart,0.0,69,F,Takoradi,5
151,2025-01-30 08:27:00,Home,view,0.0,26,F,Accra,7
335,2025-04-13 17:32:00,Clothing,purchase,202.59,50,O,Cape Coast,8
42,2025-02-21 14:09:00,Home,view,0.0,54,M,Kumasi,4
764,2025-02-14 23:10:00,Clothing,view,0.0,49,M,Accra,5
653,2025-02-23 21:57:00,Books,view,0.0,52,F,Cape Coast,0
837,2025-04-27 21:06:00,Books,view,0.0,54,O,Tamale,7
791,2025-01-21 05:19:00,Beauty,view,0.0,30,M,Cape Coast,6
178,2025-01-28 10:51:00,Home,view,0.0,45,F,Kumasi,7
207,2025-04-15 02:16:00,Electronics,view,0.0,68,M,Accra,3
659,2025-04-15 16:54:00,Clothing,view,0.0,40,M,Cape Coast,5
303,2025-01-01 09:07:00,Clothing,view,0.0,58,O,Takoradi,7
162,2025-01-19 13:07:00,Home,add_to_cart,0.0,49,M,Takoradi,8
409,2025-01-24 14:19:00,Books,view,0.0,40,O,Takoradi,0
657,2025-03-02 09:04:00,Home,view,0.0,38,M,Cape Coast,7
743,2025-01-19 06:45:00,Electronics,add_to_cart,0.0,38,F,Cape Coast,8
13,2025-04-01 00:01:00,Clothing,add_to_cart,0.0,41,F,Cape Coast,4
225,2025-04-10 01:03:00,Beauty,add_to_cart,0.0,54,F,Accra,5
625,2025-03-26 22:51:00,Beauty,view,0.0,42,O,Accra,7
451,2025-03-28 14:06:00,Beauty,view,0.0,39,M,Cape Coast,1
113,2025-03-05 03:03:00,Electronics,view,0.0,34,M,Kumasi,3
988,2025-04-02 20:09:00,Home,view,0.0,43,F,Cape Coast,6
207,2025-04-28 16:38:00,Home,view,0.0,68,M,Accra,3
407,2025-04-13 15:08:00,Electronics,add_to_cart,0.0,64,O,Cape Coast,0
1000,2025-02-19 23:23:00,Clothing,view,0.0,55,M,Tamale,8
551,2025-03-02 19:30:00,Home,view,0.0,19,M,Accra,2
923,2025-02-01 10:04:00,Beauty,view,0.0,33,F,Takoradi,1
363,2025-04-21 15:34:00,Home,add_to_cart,0.0,47,O,Cape Coast,1
98,2025-04-26 04:22:00,Electronics,view,0.0,58,M,Accra,6
973,2025-04-21 01:11:00,Books,view,0.0,25,F,Kumasi,5
947,2025-01-23 00:07:00,Clothing,view,0.0,38,O,Kumasi,2
297,2025-03-15 13:23:00,Home,purchase,413.49,65,O,Takoradi,4
53,2025-04-22 19:29:00,Electronics,view,0.0,26,F,Cape Coast,4
391,2025-03-22 19:53:00,Home,view,0.0,69,F,Takoradi,0
955,2025-03-29 01:26:00,Home,view,0.0,51,F,Cape Coast,4
997,2025-01-11 22:18:00,Beauty,view,0.0,64,M,Accra,1
858,2025-03-27 05:10:00,Home,view,0.0,25,M,Cape Coast,1
676,2025-04-14 08:01:00,Electronics,view,0.0,26,F,Accra,4
916,2025-01-22 06:03:00,Books,view,0.0,60,M,Cape Coast,3
472,2025-03-06 23:57:00,Beauty,purchase,496.92,64,M,Tamale,7
762,2025-04-14 10:53:00,Beauty,view,0.0,29,M,Kumasi,5
172,2025-03-25 21:54:00,Books,view,0.0,53,F,Accra,4
542,2025-01-24 15:54:00,Beauty,view,0.0,36,M,Kumasi,9
422,2025-03-08 07:28:00,Clothing,view,0.0,46,O,Kumasi,4
708,2025-02-18 02:49:00,Beauty,add_to_cart,0.0,48,F,Kumasi,1
590,2025-03-26 15:26:00,Beauty,purchase,417.09,43,O,Kumasi,1
655,2025-04-26 19:02:00,Electronics,view,0.0,42,F,Tamale,7
610,2025-01-04 00:42:00,Books,purchase,247.23,52,O,Takoradi,8
625,2025-02-19 20:59:00,Electronics,purchase,414.46,42,O,Accra,7
323,2025-04-14 02:32:00,Beauty,add_to_cart,0.0,42,M,Accra,2
917,2025-03-05 04:15:00,Books,view,0.0,60,O,Takoradi,4
568,2025-02-13 12:03:00,Electronics,view,0.0,18,F,Takoradi,4
933,2025-02-22 04:23:00,Electronics,view,0.0,49,M,Cape Coast,5
541,2025-02-28 07:50:00,Clothing,view,0.0,27,M,Tamale,9
463,2025-04-19 17:19:00,Books,view,0.0,61,O,Cape Coast,1
168,2025-01-01 18:22:00,Clothing,view,0.0,62,M,Cape Coast,2
315,2025-03-04 01:18:00,Clothing,view,0.0,66,F,Cape Coast,1
795,2025-01-06 06:05:00,Home,add_to_cart,0.0,35,M,Tamale,3
105,2025-04-14 23:53:00,Books,add_to_cart,0.0,26,M,Cape Coast,1
786,2025-03-28 05:22:00,Beauty,view,0.0,37,F,Tamale,4
519,2025-03-23 19:04:00,Clothing,view,0.0,47,F,Kumasi,2
545,2025-03-20 02:46:00,Electronics,view,0.0,22,F,Kumasi,8
328,2025-03-12 08:49:00,Beauty,purchase,492.42,63,M,Takoradi,9
547,2025-03-07 13:07:00,Beauty,add_to_cart,0.0,21,O,Kumasi,2
909,2025-03-14 12:28:00,Electronics,add_to_cart,0.0,37,M,Takoradi,7
16,2025-01-12 01:18:00,Books,purchase,159.58,41,M,Accra,9
486,2025-01-31 20:55:00,Electronics,add_to_cart,0.0,54,F,Kumasi,1
177,2025-03-08 12:43:00,Books,add_to_cart,0.0,39,O,Cape Coast,0
174,2025-02-08 04:13:00,Clothing,view,0.0,49,M,Takoradi,7
679,2025-01-20 12:35:00,Books,view,0.0,34,M,Tamale,6
136,2025-02-21 07:56:00,Electronics,view,0.0,39,F,Cape Coast,0
902,2025-04-30 21:59:00,Clothing,view,0.0,22,F,Kumasi,9
16,2025-04-13 13:58:00,Electronics,add_to_cart,0.0,41,M,Accra,9
822,2025-04-01 14:00:00,Home,view,0.0,58,O,Cape Coast,3
641,2025-04-03 02:11:00,Beauty,view,0.0,36,O,Accra,1
933,2025-04-05 00:32:00,Home,view,0.0,49,M,Cape Coast,5
89,2025-04-29 12:50:00,Beauty,purchase,73.49,38,O,Tamale,4
796,2025-03-09 02:57:00,Books,view,0.0,68,O,Kumasi,6
937,2025-02-04 08:28:00,Beauty,view,0.0,49,O,Accra,2
977,2025-04-27 11:56:00,Clothing,view,0.0,32,M,Takoradi,3
722,2025-01-30 07:40:00,Home,view,0.0,37,F,Cape Coast,5
633,2025-03-11 21:06:00,Beauty,view,0.0,42,M,Kumasi,7
107,2025-04-23 18:27:00,Electronics,view,0.0,18,F,Cape Coast,2
533,2025-03-29 12:49:00,Books,add_to_cart,0.0,54,F,Takoradi,2
631,2025-04-02 04:28:00,Beauty,add_to_cart,0.0,37,F,Kumasi,3
151,2025-04-07 03:02:00,Books,view,0.0,26,F,Accra,7
833,2025-01-12 12:33:00,Beauty,purchase,226.76,55,O,Takoradi,9
31,2025-03-12 12:53:00,Clothing,view,0.0,66,F,Accra,1
135,2025-01-18 18:07:00,Beauty,view,0.0,57,M,Accra,2
30,2025-02-28 08:27:00,Beauty,add_to_cart,0.0,42,O,Tamale,5
907,2025-01-02 22:49:00,Books,view,0.0,27,F,Accra,0
160,2025-01-09 10:04:00,Clothing,view,0.0,66,M,Accra,9
33,2025-01-24 04:37:00,Books,add_to_cart,0.0,59,M,Kumasi,2
832,2025-03-13 19:33:00,Clothing,view,0.0,22,F,Kumasi,8
533,2025-03-20 05:04:00,Home,view,0.0,54,F,Takoradi,2
784,2025-04-09 08:34:00,Home,view,0.0,26,M,Takoradi,5
994,2025-02-08 09:09:00,Beauty,view,0.0,40,F,Kumasi,6
693,2025-02-15 01:37:00,Electronics,view,0.0,55,M,Kumasi,3
589,2025-02-04 14:44:00,Home,view,0.0,27,M,Kumasi,6
17,2025-01-05 20:56:00,Books,purchase,50.09,20,M,Accra,7
497,2025-03-12 23:18:00,Electronics,view,0.0,42,F,Tamale,9
662,2025-02-21 18:26:00,Clothing,view,0.0,62,M,Tamale,8
921,2025-03-07 09:09:00,Clothing,view,0.0,64,F,Kumasi,9
68,2025-04-29 01:06:00,Clothing,add_to_cart,0.0,57,F,Cape Coast,4
821,2025-02-19 07:27:00,Beauty,add_to_cart,0.0,51,F,Tamale,7
225,2025-04-26 20:11:00,Home,view,0.0,54,F,Accra,5
358,2025-04-09 04:45:00,Beauty,view,0.0,25,O,Tamale,7
797,2025-04-23 23:58:00,Beauty,view,0.0,22,O,Cape Coast,3
84,2025-02-26 20:11:00,Home,view,0.0,32,F,Takoradi,9
504,2025-01-17 16:10:00,Clothing,view,0.0,39,M,Accra,5
950,2025-01-29 12:23:00,Electronics,add_to_cart,0.0,22,F,Kumasi,9
923,2025-02-25 08:13:00,Books,add_to_cart,0.0,33,F,Takoradi,1
620,2025-01-22 02:32:00,Home,view,0.0,54,F,Cape Coast,6
83,2025-02-14 06:44:00,Clothing,view,0.0,65,F,Kumasi,2
6,2025-01-28 02:12:00,Books,view,0.0,25,M,Kumasi,5
205,2025-01-01 07:36:00,Beauty,purchase,308.25,54,O,Kumasi,8
825,2025-01-13 04:13:00,Home,view,0.0,38,F,Cape Coast,8
634,2025-03-19 06:23:00,Electronics,add_to_cart,0.0,39,F,Takoradi,5
938,2025-02-16 19:43:00,Electronics,view,0.0,67,F,Tamale,0
858,2025-04-21 00:14:00,Home,view,0.0,25,M,Cape Coast,1
524,2025-04-26 05:53:00,Home,view,0.0,33,O,Takoradi,7
53,2025-03-31 21:29:00,Beauty,view,0.0,26,F,Cape Coast,4
293,2025-04-29 21:17:00,Electronics,purchase,119.71,69,F,Accra,7
16,2025-02-17 21:18:00,Electronics,view,0.0,41,M,Accra,9
244,2025-02-11 01:45:00,Beauty,view,0.0,21,M,Cape Coast,5
976,2025-03-22 11:26:00,Home,view,0.0,69,M,Takoradi,8
928,2025-04-09 12:47:00,Home,view,0.0,21,F,Accra,8
112,2025-04-26 01:03:00,Home,purchase,492.08,68,O,Takoradi,8
608,2025-01-17 00:32:00,Books,add_to_cart,0.0,52,F,Kumasi,0
230,2025-02-01 05:56:00,Electronics,add_to_cart,0.0,19,F,Cape Coast,6
877,2025-02-09 23:11:00,Home,view,0.0,31,F,Cape Coast,3
218,2025-02-21 16:08:00,Books,purchase,377.74,66,O,Cape Coast,2
375,2025-01-20 16:52:00,Clothing,view,0.0,61,M,Kumasi,6
336,2025-03-04 00:59:00,Clothing,add_to_cart,0.0,21,O,Cape Coast,8
598,2025-03-13 06:24:00,Clothing,view,0.0,28,M,Accra,6
745,2025-04-26 10:14:00,Home,view,0.0,54,M,Accra,5
45,2025-03-26 12:33:00,Beauty,view,0.0,38,F,Cape Coast,5
759,2025-02-09 05:20:00,Beauty,purchase,354.5,33,M,Takoradi,2
501,2025-03-16 17:09:00,Clothing,view,0.0,33,O,Takoradi,2
628,2025-04-02 07:18:00,Books,view,0.0,47,O,Takoradi,3
853,2025-03-23 08:03:00,Electronics,view,0.0,57,F,Takoradi,3
73,2025-01-09 17:10:00,Books,view,0.0,21,O,Takoradi,1
208,2025-01-04 01:06:00,Electronics,view,0.0,59,F,Kumasi,2
736,2025-04-01 19:16:00,Beauty,view,0.0,61,O,Takoradi,7
363,2025-02-14 20:27:00,Home,view,0.0,47,O,Cape Coast,1
797,2025-01-18 04:44:00,Books,add_to_cart,0.0,22,O,Cape Coast,3
46,2025-01-12 20:44:00,Clothing,view,0.0,26,M,Cape Coast,5
791,2025-03-03 21:09:00,Books,purchase,66.76,30,M,Cape Coast,6
354,2025-01-28 07:15:00,Home,add_to_cart,0.0,55,F,Takoradi,4
61,2025-04-13 03:08:00,Electronics,view,0.0,25,O,Cape Coast,2
724,2025-03-19 13:28:00,Electronics,view,0.0,25,M,Cape Coast,3
301,2025-02-22 16:46:00,Clothing,purchase,412.74,49,O,Kumasi,9
203,2025-04-16 21:44:00,Beauty,view,0.0,44,F,Tamale,0
606,2025-04-07 00:46:00,Beauty,view,0.0,26,F,Kumasi,4
801,2025-01-25 11:42:00,Home,view,0.0,27,M,Takoradi,0
618,2025-02-02 23:02:00,Electronics,purchase,81.05,40,O,Cape Coast,5
815,2025-02-04 20:19:00,Beauty,add_to_cart,0.0,42,O,Kumasi,3
443,2025-03-13 23:13:00,Clothing,add_to_cart,0.0,45,O,Cape Coast,0
222,2025-04-07 01:55:00,Beauty,add_to_cart,0.0,19,O,Kumasi,7
188,2025-04-23 20:06:00,Books,view,0.0,47,F,Takoradi,1
551,2025-01-03 09:02:00,Home,purchase,282.77,19,M,Accra,2
318,2025-04-08 10:23:00,Beauty,add_to_cart,0.0,55,M,Accra,7
912,2025-04-25 22:51:00,Books,view,0.0,51,O,Kumasi,5
816,2025-04-01 06:12:00,Beauty,add_to_cart,0.0,39,O,Tamale,9
104,2025-04-08 06:42:00,Electronics,add_to_cart,0.0,24,F,Kumasi,3
686,2025-04-02 12:46:00,Beauty,add_to_cart,0.0,26,O,Kumasi,6
553,2025-01-03 12:30:00,Books,view,0.0,45,F,Cape Coast,7
805,2025-02-12 01:16:00,Beauty,add_to_cart,0.0,22,O,Takoradi,7
950,2025-02-28 17:55:00,Beauty,view,0.0,22,F,Kumasi,9
396,2025-04-02 10:47:00,Books,view,0.0,20,M,Cape Coast,1
748,2025-03-20 15:44:00,Home,view,0.0,36,M,Cape Coast,4
264,2025-03-30 11:49:00,Home,view,0.0,53,F,Tamale,5
503,2025-03-26 22:01:00,Beauty,view,0.0,22,O,Kumasi,3
624,2025-03-10 23:48:00,Electronics,view,0.0,40,F,Accra,3
627,2025-03-16 01:46:00,Books,view,0.0,58,O,Kumasi,3
256,2025-03-03 20:52:00,Beauty,purchase,194.79,33,O,Accra,8
896,2025-03-07 14:35:00,Books,view,0.0,41,M,Cape Coast,0
955,2025-03-12 11:02:00,Electronics,view,0.0,51,F,Cape Coast,4
8,2025-03-28 05:29:00,Clothing,purchase,158.89,56,O,Kumasi,3
143,2025-01-30 13:25:00,Home,view,0.0,31,O,Takoradi,4
707,2025-02-05 13:30:00,Clothing,add_to_cart,0.0,23,O,Accra,2
713,2025-02-15 07:42:00,Clothing,add_to_cart,0.0,27,F,Tamale,1
420,2025-03-17 17:39:00,Home,view,0.0,65,O,Kumasi,1
799,2025-03-06 21:12:00,Books,add_to_cart,0.0,42,M,Cape Coast,8
803,2025-01-15 20:18:00,Beauty,view,0.0,67,M,Accra,8
141,2025-03-20 18:47:00,Home,purchase,206.7,54,F,Accra,5
537,2025-01-11 00:47:00,Electronics,view,0.0,53,M,Takoradi,5
593,2025-01-30 02:49:00,Home,add_to_cart,0.0,58,F,Cape Coast,1
505,2025-02-03 11:42:00,Electronics,add_to_cart,0.0,46,O,Kumasi,6
499,2025-01-13 06:21:00,Home,view,0.0,62,F,Tamale,0
813,2025-02-14 20:00:00,Home,view,0.0,38,M,Takoradi,6
815,2025-02-15 02:58:00,Books,add_to_cart,0.0,42,O,Kumasi,3
701,2025-04-13 00:22:00,Home,add_to_cart,0.0,34,M,Kumasi,9
500,2025-04-21 12:21:00,Electronics,view,0.0,18,F,Kumasi,2
868,2025-02-13 06:26:00,Clothing,add_to_cart,0.0,47,O,Kumasi,9
186,2025-04-20 21:27:00,Books,view,0.0,61,M,Tamale,3
675,2025-03-04 10:06:00,Beauty,add_to_cart,0.0,29,F,Accra,2
361,2025-01-31 21:02:00,Electronics,view,0.0,51,O,Accra,4
546,2025-02-28 20:55:00,Books,view,0.0,62,M,Tamale,7
403,2025-04-11 22:20:00,Clothing,view,0.0,63,O,Accra,1
477,2025-03-04 07:07:00,Books,add_to_cart,0.0,30,M,Kumasi,4
459,2025-01-02 16:05:00,Books,view,0.0,54,M,Cape Coast,2
389,2025-02-10 06:35:00,Home,view,0.0,52,M,Accra,4
52,2025-02-18 03:59:00,Home,view,0.0,67,F,Tamale,4
566,2025-04-29 04:08:00,Clothing,view,0.0,29,M,Takoradi,7
479,2025-04-26 19:16:00,Beauty,view,0.0,59,F,Tamale,4
505,2025-03-24 02:29:00,Books,view,0.0,46,O,Kumasi,6
259,2025-02-18 09:23:00,Beauty,view,0.0,23,M,Accra,7
883,2025-02-23 19:35:00,Electronics,view,0.0,51,O,Kumasi,8
850,2025-03-28 14:28:00,Home,purchase,299.36,21,F,Kumasi,1
749,2025-02-17 12:32:00,Clothing,view,0.0,37,F,Takoradi,4
529,2025-03-27 04:24:00,Books,view,0.0,56,F,Cape Coast,0
145,2025-02-28 00:38:00,Books,purchase,459.22,18,M,Tamale,2
77,2025-01-27 23:26:00,Books,add_to_cart,0.0,61,O,Accra,1
559,2025-04-24 06:20:00,Home,view,0.0,67,O,Takoradi,2
971,2025-04-05 09:45:00,Home,view,0.0,53,O,Kumasi,0
929,2025-03-17 02:33:00,Beauty,view,0.0,57,O,Cape Coast,2
731,2025-02-25 16:19:00,Books,view,0.0,66,F,Cape Coast,3
596,2025-01-08 17:56:00,Clothing,add_to_cart,0.0,67,F,Cape Coast,7
514,2025-03-17 09:07:00,Home,add_to_cart,0.0,31,O,Tamale,1
398,2025-01-26 14:29:00,Clothing,view,0.0,42,M,Cape Coast,0
395,2025-01-24 21:21:00,Home,add_to_cart,0.0,50,O,Kumasi,9
386,2025-01-12 20:04:00,Beauty,add_to_cart,0.0,66,M,Kumasi,4
694,2025-04-15 03:58:00,Books,view,0.0,36,O,Cape Coast,8
986,2025-01-12 15:00:00,Electronics,view,0.0,19,F,Takoradi,6
115,2025-03-09 13:54:00,Books,view,0.0,52,M,Tamale,7
585,2025-01-26 16:46:00,Clothing,view,0.0,43,F,Cape Coast,5
68,2025-03-01 13:02:00,Books,add_to_cart,0.0,57,F,Cape Coast,4
652,2025-02-23 00:00:00,Books,view,0.0,22,O,Accra,5
391,2025-01-10 14:39:00,Home,purchase,442.25,69,F,Takoradi,0
141,2025-01-27 08:16:00,Clothing,add_to_cart,0.0,54,F,Accra,5
269,2025-01-12 20:19:00,Beauty,view,0.0,37,F,Cape Coast,0
792,2025-03-16 06:32:00,Clothing,view,0.0,63,M,Takoradi,3
449,2025-02-01 10:29:00,Books,add_to_cart,0.0,68,M,Accra,2
740,2025-02-03 06:59:00,Books,view,0.0,64,M,Takoradi,3
140,2025-03-03 01:21:00,Electronics,add_to_cart,0.0,52,M,Accra,7
152,2025-02-19 03:23:00,Home,view,0.0,32,M,Takoradi,9
211,2025-04-14 05:54:00,Clothing,view,0.0,32,O,Tamale,7
582,2025-03-01 18:35:00,Books,purchase,61.45,52,F,Cape Coast,2
16,2025-03-23 17:37:00,Clothing,view,0.0,41,M,Accra,9
263,2025-03-28 22:45:00,Books,view,0.0,37,M,Tamale,0
808,2025-03-29 13:49:00,Books,add_to_cart,0.0,35,O,Cape Coast,7
505,2025-03-27 21:09:00,Clothing,view,0.0,46,O,Kumasi,6
234,2025-04-29 16:00:00,Beauty,view,0.0,49,O,Takoradi,2
866,2025-02-04 06:22:00,Beauty,view,0.0,61,F,Cape Coast,5
466,2025-03-20 00:24:00,Clothing,view,0.0,21,M,Cape Coast,0
975,2025-03-04 03:14:00,Clothing,view,0.0,52,M,Cape Coast,7
679,2025-04-28 00:21:00,Home,view,0.0,34,M,Tamale,6
165,2025-04-25 18:26:00,Clothing,add_to_cart,0.0,54,O,Accra,8
648,2025-04-20 18:50:00,Clothing,view,0.0,69,M,Cape Coast,9
219,2025-01-09 13:37:00,Books,view,0.0,69,M,Accra,9
970,2025-04-07 06:49:00,Home,view,0.0,43,F,Accra,9
677,2025-04-29 23:44:00,Beauty,view,0.0,27,F,Kumasi,0
241,2025-03-12 14:37:00,Clothing,add_to_cart,0.0,49,F,Cape Coast,0
563,2025-03-07 02:45:00,Electronics,view,0.0,68,F,Takoradi,4
561,2025-01-28 05:27:00,Home,view,0.0,50,M,Accra,3
615,2025-02-05 10:53:00,Clothing,purchase,73.53,56,M,Takoradi,2
605,2025-03-04 21:33:00,Beauty,view,0.0,54,M,Cape Coast,6
391,2025-03-29 17:09:00,Books,view,0.0,69,F,Takoradi,0
459,2025-04-14 20:39:00,Books,view,0.0,54,M,Cape Coast,2
555,2025-04-26 20:43:00,Beauty,purchase,383.11,44,F,Takoradi,0
428,2025-04-21 22:26:00,Home,view,0.0,41,F,Takoradi,4
255,2025-03-27 07:55:00,Home,view,0.0,65,F,Cape Coast,0
486,2025-01-18 10:11:00,Clothing,view,0.0,54,F,Kumasi,1
124,2025-01-04 08:44:00,Books,view,0.0,26,M,Takoradi,2
599,2025-01-13 06:31:00,Electronics,view,0.0,46,O,Tamale,2
239,2025-02-16 04:33:00,Books,view,0.0,61,F,Kumasi,6
294,2025-04-03 11:04:00,Beauty,add_to_cart,0.0,66,F,Takoradi,2
334,2025-04-30 16:41:00,Clothing,view,0.0,53,O,Tamale,5
561,2025-02-04 09:27:00,Beauty,view,0.0,50,M,Accra,3
327,2025-02-08 15:26:00,Books,view,0.0,35,M,Takoradi,8
849,2025-03-15 03:22:00,Books,purchase,41.44,30,O,Accra,0
27,2025-01-24 10:47:00,Clothing,view,0.0,29,F,Takoradi,1
880,2025-04-27 03:32:00,Beauty,view,0.0,68,O,Takoradi,9
160,2025-02-20 03:19:00,Books,view,0.0,66,M,Accra,9
836,2025-03-03 14:10:00,Home,add_to_cart,0.0,54,M,Takoradi,7
95,2025-02-09 12:22:00,Beauty,add_to_cart,0.0,43,F,Cape Coast,1
426,2025-04-11 11:32:00,Books,purchase,389.02,67,M,Tamale,4
403,2025-04-25 19:31:00,Beauty,view,0.0,63,O,Accra,1
901,2025-04-23 13:11:00,Books,purchase,476.37,34,F,Takoradi,7
30,2025-01-23 04:28:00,Home,add_to_cart,0.0,42,O,Tamale,5
494,2025-04-24 19:00:00,Books,view,0.0,51,F,Cape Coast,7
938,2025-03-12 11:53:00,Books,view,0.0,67,F,Tamale,0
582,2025-04-02 03:29:00,Home,view,0.0,52,F,Cape Coast,2
380,2025-01-06 03:34:00,Clothing,view,0.0,23,O,Accra,3
703,2025-04-01 15:00:00,Home,view,0.0,42,M,Accra,4
880,2025-03-15 11:16:00,Books,add_to_cart,0.0,68,O,Takoradi,9
558,2025-04-25 18:25:00,Clothing,view,0.0,29,O,Accra,6
573,2025-03-10 19:37:00,Clothing,add_to_cart,0.0,61,O,Tamale,1
92,2025-02-24 00:12:00,Home,add_to_cart,0.0,35,F,Cape Coast,1
498,2025-01-25 09:15:00,Books,view,0.0,57,F,Kumasi,5
620,2025-02-05 07:43:00,Home,view,0.0,54,F,Cape Coast,6
592,2025-03-17 19:17:00,Beauty,view,0.0,68,M,Cape Coast,5
316,2025-04-26 10:21:00,Beauty,purchase,218.63,25,F,Takoradi,4
678,2025-01-12 06:35:00,Beauty,view,0.0,61,F,Kumasi,9
845,2025-02-12 07:26:00,Home,view,0.0,63,F,Takoradi,8
373,2025-03-23 20:41:00,Books,view,0.0,66,O,Takoradi,2
470,2025-04-10 18:13:00,Clothing,view,0.0,69,F,Accra,5
690,2025-02-19 04:08:00,Electronics,view,0.0,22,F,Takoradi,0
839,2025-01-11 13:41:00,Home,view,0.0,27,M,Accra,0
128,2025-01-08 17:36:00,Beauty,view,0.0,50,F,Kumasi,3
19,2025-01-12 04:47:00,Clothing,purchase,442.77,19,F,Kumasi,8
562,2025-03-22 11:58:00,Electronics,view,0.0,50,M,Cape Coast,8
412,2025-01-18 22:32:00,Beauty,view,0.0,59,M,Cape Coast,7
399,2025-03-02 10:35:00,Books,view,0.0,59,F,Accra,0
606,2025-01-15 16:22:00,Home,add_to_cart,0.0,26,F,Kumasi,4
240,2025-02-28 14:28:00,Home,view,0.0,43,M,Kumasi,8
296,2025-01-31 08:21:00,Home,view,0.0,18,F,Tamale,7
318,2025-03-16 06:07:00,Home,view,0.0,55,M,Accra,7
420,2025-01-19 23:40:00,Electronics,add_to_cart,0.0,65,O,Kumasi,1
174,2025-02-05 09:54:00,Beauty,add_to_cart,0.0,49,M,Takoradi,7
475,2025-02-17 04:10:00,Beauty,view,0.0,69,F,Kumasi,4
864,2025-01-08 06:42:00,Home,view,0.0,29,O,Cape Coast,5
342,2025-02-15 01:19:00,Books,add_to_cart,0.0,25,M,Kumasi,1
219,2025-04-08 20:14:00,Books,view,0.0,69,M,Accra,9
456,2025-01-19 04:22:00,Home,add_to_cart,0.0,23,F,Takoradi,4
287,2025-01-13 21:36:00,Clothing,view,0.0,59,M,Tamale,6
355,2025-03-18 01:35:00,Home,view,0.0,55,F,Kumasi,0
695,2025-04-27 03:46:00,Beauty,add_to_cart,0.0,25,F,Cape Coast,8
581,2025-04-18 06:34:00,Beauty,purchase,27.36,67,O,Cape Coast,7
416,2025-04-14 05:25:00,Home,view,0.0,57,O,Kumasi,9
901,2025-02-10 23:47:00,Electronics,view,0.0,34,F,Takoradi,7
43,2025-03-30 09:28:00,Clothing,add_to_cart,0.0,68,M,Tamale,4
601,2025-04-18 03:36:00,Clothing,view,0.0,42,O,Takoradi,6
132,2025-02-13 01:11:00,Clothing,add_to_cart,0.0,54,F,Kumasi,8
828,2025-01-02 03:05:00,Books,add_to_cart,0.0,45,M,Cape Coast,6
871,2025-04-29 14:51:00,Beauty,add_to_cart,0.0,65,O,Tamale,7
80,2025-04-17 11:18:00,Electronics,view,0.0,53,O,Takoradi,7
570,2025-04-01 06:29:00,Electronics,purchase,334.44,57,O,Cape Coast,0
399,2025-03-17 20:52:00,Books,view,0.0,59,F,Accra,0
585,2025-03-29 06:29:00,Electronics,view,0.0,43,F,Cape Coast,5
253,2025-04-12 14:14:00,Electronics,view,0.0,39,F,Tamale,2
417,2025-01-09 02:29:00,Electronics,view,0.0,50,M,Tamale,5
153,2025-04-21 23:31:00,Beauty,view,0.0,32,M,Takoradi,5
593,2025-02-23 03:25:00,Home,view,0.0,58,F,Cape Coast,1
368,2025-01-03 10:56:00,Beauty,view,0.0,22,F,Accra,4
147,2025-02-22 23:45:00,Books,view,0.0,43,O,Cape Coast,3
369,2025-04-22 01:30:00,Beauty,view,0.0,65,M,Cape Coast,5
518,2025-01-27 06:48:00,Beauty,view,0.0,66,O,Cape Coast,1
303,2025-04-26 11:14:00,Home,add_to_cart,0.0,58,O,Takoradi,7
559,2025-04-03 08:47:00,Clothing,view,0.0,67,O,Takoradi,2
27,2025-03-12 20:12:00,Electronics,view,0.0,29,F,Takoradi,1
522,2025-02-02 13:36:00,Electronics,purchase,137.1,22,M,Takoradi,2
297,2025-04-28 03:54:00,Beauty,view,0.0,65,O,Takoradi,4
171,2025-04-15 13:39:00,Books,view,0.0,46,O,Accra,5
881,2025-02-26 13:25:00,Home,purchase,12.76,56,O,Kumasi,8
988,2025-04-16 10:57:00,Clothing,view,0.0,43,F,Cape Coast,6
451,2025-01-07 01:06:00,Electronics,view,0.0,39,M,Cape Coast,1
85,2025-01-31 08:44:00,Books,view,0.0,25,F,Kumasi,4
201,2025-03-14 07:47:00,Beauty,purchase,347.29,23,F,Accra,4
359,2025-04-12 04:16:00,Clothing,view,0.0,44,M,Takoradi,8
465,2025-04-04 02:44:00,Books,view,0.0,56,F,Accra,2
482,2025-02-25 01:09:00,Books,view,0.0,34,M,Takoradi,3
324,2025-04-21 12:16:00,Books,add_to_cart,0.0,52,F,Kumasi,8
946,2025-03-20 13:08:00,Beauty,purchase,92.63,39,F,Accra,2
162,2025-04-29 22:06:00,Books,add_to_cart,0.0,49,M,Takoradi,8
132,2025-03-07 23:59:00,Home,purchase,41.26,54,F,Kumasi,8
109,2025-04-20 04:26:00,Beauty,view,0.0,25,M,Takoradi,7
187,2025-02-05 16:50:00,Home,view,0.0,37,M,Kumasi,7
178,2025-04-24 08:36:00,Books,view,0.0,45,F,Kumasi,7
768,2025-02-07 23:21:00,Beauty,add_to_cart,0.0,29,F,Tamale,3
64,2025-01-12 21:40:00,Clothing,view,0.0,31,F,Takoradi,8
306,2025-03-22 18:35:00,Electronics,add_to_cart,0.0,65,M,Tamale,6
647,2025-04-16 07:23:00,Electronics,view,0.0,48,M,Accra,0
543,2025-01-12 01:11:00,Home,view,0.0,49,M,Kumasi,4
829,2025-02-27 12:52:00,Beauty,view,0.0,34,O,Takoradi,9
803,2025-04-04 16:07:00,Home,view,0.0,67,M,Accra,8
674,2025-03-27 03:31:00,Books,view,0.0,64,F,Accra,7
203,2025-02-15 12:58:00,Books,view,0.0,44,F,Tamale,0
418,2025-04-17 21:04:00,Electronics,view,0.0,26,O,Takoradi,9
383,2025-01-17 11:27:00,Clothing,view,0.0,54,F,Cape Coast,6
956,2025-02-22 19:13:00,Clothing,add_to_cart,0.0,66,M,Kumasi,1
913,2025-02-23 06:41:00,Beauty,view,0.0,23,F,Kumasi,8
344,2025-02-10 12:32:00,Home,view,0.0,20,O,Cape Coast,2
569,2025-03-12 00:06:00,Books,add_to_cart,0.0,50,O,Kumasi,8
765,2025-04-29 15:59:00,Electronics,view,0.0,33,M,Kumasi,3
994,2025-02-09 13:35:00,Beauty,view,0.0,40,F,Kumasi,6
939,2025-04-02 01:08:00,Clothing,view,0.0,68,F,Tamale,8
970,2025-02-06 11:22:00,Electronics,purchase,434.4,43,F,Accra,9
51,2025-03-12 15:39:00,Clothing,view,0.0,31,O,Kumasi,6
551,2025-02-24 03:41:00,Electronics,add_to_cart,0.0,19,M,Accra,2
597,2025-03-18 18:25:00,Books,view,0.0,62,O,Takoradi,1
599,2025-01-01 01:42:00,Beauty,view,0.0,46,O,Tamale,2
617,2025-03-10 04:24:00,Clothing,view,0.0,41,O,Kumasi,8
352,2025-02-27 10:46:00,Electronics,view,0.0,63,F,Tamale,9
370,2025-02-21 19:34:00,Clothing,view,0.0,36,O,Accra,9
197,2025-04-19 07:26:00,Clothing,purchase,409.2,30,O,Accra,4
8,2025-01-21 01:23:00,Books,add_to_cart,0.0,56,O,Kumasi,3
462,2025-01-29 02:06:00,Beauty,view,0.0,61,M,Kumasi,2
571,2025-01-12 14:37:00,Clothing,add_to_cart,0.0,27,M,Takoradi,3
658,2025-02-15 23:06:00,Clothing,add_to_cart,0.0,53,F,Takoradi,8
808,2025-02-23 00:51:00,Clothing,view,0.0,35,O,Cape Coast,7
912,2025-01-22 03:52:00,Home,view,0.0,51,O,Kumasi,5
260,2025-03-02 02:40:00,Beauty,view,0.0,33,F,Tamale,2
143,2025-03-02 19:39:00,Beauty,view,0.0,31,O,Takoradi,4
303,2025-03-16 16:52:00,Home,add_to_cart,0.0,58,O,Takoradi,7
32,2025-04-26 17:15:00,Home,view,0.0,44,M,Takoradi,6
649,2025-03-03 06:50:00,Books,view,0.0,36,F,Cape Coast,9
692,2025-01-12 07:02:00,Home,view,0.0,54,M,Tamale,0
136,2025-03-31 12:57:00,Clothing,view,0.0,39,F,Cape Coast,0
935,2025-01-26 10:09:00,Home,view,0.0,44,M,Kumasi,6
573,2025-01-04 07:07:00,Books,view,0.0,61,O,Tamale,1
486,2025-02-23 18:42:00,Beauty,view,0.0,54,F,Kumasi,1
527,2025-02-18 01:38:00,Clothing,add_to_cart,0.0,65,O,Takoradi,0
944,2025-03-30 18:33:00,Beauty,view,0.0,45,F,Cape Coast,3
375,2025-02-11 21:55:00,Books,view,0.0,61,M,Kumasi,6
957,2025-01-04 00:49:00,Beauty,view,0.0,31,O,Takoradi,3
532,2025-02-15 09:17:00,Electronics,view,0.0,47,O,Cape Coast,5
344,2025-01-24 20:50:00,Electronics,add_to_cart,0.0,20,O,Cape Coast,2
78,2025-04-17 23:15:00,Beauty,view,0.0,51,O,Tamale,8
15,2025-03-19 20:11:00,Clothing,view,0.0,57,M,Tamale,7
494,2025-03-10 23:26:00,Electronics,view,0.0,51,F,Cape Coast,7
991,2025-04-15 13:36:00,Clothing,view,0.0,24,F,Tamale,4
651,2025-03-16 22:30:00,Beauty,view,0.0,33,O,Tamale,5
568,2025-02-01 15:20:00,Electronics,add_to_cart,0.0,18,F,Takoradi,4
861,2025-03-09 03:14:00,Home,view,0.0,51,M,Cape Coast,9
307,2025-01-29 20:01:00,Electronics,view,0.0,33,O,Cape Coast,0
826,2025-01-12 04:41:00,Beauty,add_to_cart,0.0,65,F,Takoradi,0
200,2025-01-01 23:05:00,Home,view,0.0,56,F,Kumasi,3
28,2025-04-21 10:55:00,Books,view,0.0,39,O,Kumasi,9
528,2025-04-27 06:37:00,Electronics,purchase,233.59,38,M,Takoradi,0
332,2025-04-27 10:28:00,Clothing,view,0.0,33,F,Cape Coast,1
33,2025-04-01 23:55:00,Clothing,view,0.0,59,M,Kumasi,2
24,2025-03-10 01:54:00,Home,view,0.0,19,O,Tamale,6
939,2025-01-16 19:49:00,Beauty,view,0.0,68,F,Tamale,8
945,2025-01-11 13:47:00,Home,purchase,310.05,59,O,Accra,4
310,2025-03-27 22:23:00,Home,add_to_cart,0.0,41,M,Kumasi,1
829,2025-01-08 15:47:00,Beauty,view,0.0,34,O,Takoradi,9
157,2025-03-28 04:31:00,Beauty,add_to_cart,0.0,68,O,Takoradi,2
774,2025-01-08 16:11:00,Clothing,add_to_cart,0.0,43,F,Takoradi,6
338,2025-04-10 21:36:00,Electronics,view,0.0,31,F,Accra,2
198,2025-04-28 01:15:00,Beauty,purchase,423.96,58,O,Cape Coast,4
993,2025-01-01 06:15:00,Electronics,view,0.0,64,M,Accra,3
102,2025-03-23 21:21:00,Beauty,view,0.0,18,F,Kumasi,2
671,2025-02-09 03:54:00,Beauty,view,0.0,60,M,Cape Coast,2
965,2025-01-25 13:29:00,Electronics,view,0.0,64,M,Accra,6
941,2025-03-29 22:29:00,Clothing,view,0.0,38,O,Cape Coast,0
403,2025-03-27 06:27:00,Books,view,0.0,63,O,Accra,1
441,2025-03-19 15:22:00,Beauty,view,0.0,40,M,Takoradi,4
197,2025-01-22 10:11:00,Clothing,view,0.0,30,O,Accra,4
973,2025-03-25 12:35:00,Books,add_to_cart,0.0,25,F,Kumasi,5
23,2025-02-03 20:57:00,Clothing,view,0.0,55,F,Takoradi,7
764,2025-03-11 15:34:00,Books,add_to_cart,0.0,49,M,Accra,5
553,2025-03-16 13:23:00,Beauty,add_to_cart,0.0,45,F,Cape Coast,7
991,2025-01-17 08:21:00,Books,view,0.0,24,F,Tamale,4
805,2025-02-24 16:27:00,Electronics,add_to_cart,0.0,22,O,Takoradi,7
183,2025-04-23 12:46:00,Beauty,view,0.0,45,F,Kumasi,8
8,2025-03-13 01:22:00,Clothing,add_to_cart,0.0,56,O,Kumasi,3
281,2025-04-25 00:44:00,Beauty,view,0.0,45,M,Takoradi,0
450,2025-04-22 13:31:00,Books,purchase,214.63,42,O,Accra,9
332,2025-02-21 11:34:00,Books,view,0.0,33,F,Cape Coast,1
194,2025-02-22 20:14:00,Home,view,0.0,18,M,Takoradi,0
151,2025-01-31 21:54:00,Clothing,add_to_cart,0.0,26,F,Accra,7
935,2025-01-07 23:38:00,Clothing,view,0.0,44,M,Kumasi,6
413,2025-01-25 23:30:00,Clothing,view,0.0,19,F,Takoradi,7
687,2025-03-16 09:34:00,Electronics,view,0.0,67,M,Kumasi,4
670,2025-01-15 13:50:00,Electronics,view,0.0,46,F,Cape Coast,2
926,2025-03-22 15:51:00,Home,view,0.0,33,M,Kumasi,5
780,2025-02-02 11:24:00,Clothing,view,0.0,58,M,Accra,9
643,2025-04-09 04:34:00,Home,add_to_cart,0.0,26,F,Cape Coast,1
981,2025-01-16 00:16:00,Home,view,0.0,43,F,Tamale,4
117,2025-01-04 01:59:00,Electronics,view,0.0,50,O,Accra,6
857,2025-04-11 03:54:00,Books,view,0.0,48,F,Tamale,0
221,2025-04-24 12:30:00,Books,view,0.0,56,O,Takoradi,5
211,2025-01-23 02:53:00,Clothing,view,0.0,32,O,Tamale,7
248,2025-04-11 00:07:00,Beauty,add_to_cart,0.0,41,M,Cape Coast,1
53,2025-02-07 19:13:00,Home,purchase,102.02,26,F,Cape Coast,4
452,2025-03-18 06:37:00,Home,view,0.0,39,F,Takoradi,2
372,2025-03-04 10:36:00,Home,view,0.0,52,F,Tamale,2
647,2025-02-28 06:55:00,Home,view,0.0,48,M,Accra,0
301,2025-04-07 04:27:00,Beauty,add_to_cart,0.0,49,O,Kumasi,9
925,2025-02-28 17:48:00,Home,view,0.0,28,O,Kumasi,7
109,2025-02-19 14:54:00,Home,view,0.0,25,M,Takoradi,7
339,2025-03-22 08:10:00,Books,add_to_cart,0.0,38,M,Kumasi,3
184,2025-01-12 09:41:00,Beauty,view,0.0,45,O,Cape Coast,8
28,2025-01-07 13:12:00,Books,add_to_cart,0.0,39,O,Kumasi,9
426,2025-01-08 17:00:00,Books,view,0.0,67,M,Tamale,4
107,2025-02-17 09:14:00,Books,view,0.0,18,F,Cape Coast,2
6,2025-01-11 16:14:00,Clothing,add_to_cart,0.0,25,M,Kumasi,5
934,2025-04-24 20:10:00,Electronics,view,0.0,20,M,Tamale,7
994,2025-01-18 14:24:00,Clothing,view,0.0,40,F,Kumasi,6
350,2025-01-17 17:30:00,Clothing,view,0.0,39,F,Takoradi,0
611,2025-01-13 13:58:00,Beauty,add_to_cart,0.0,65,F,Kumasi,4
14,2025-01-25 11:56:00,Beauty,view,0.0,53,F,Tamale,2
62,2025-02-22 20:27:00,Home,view,0.0,64,M,Cape Coast,0
131,2025-02-12 17:06:00,Electronics,add_to_cart,0.0,41,M,Cape Coast,6
216,2025-03-15 17:54:00,Books,view,0.0,69,M,Tamale,5
32,2025-01-24 21:02:00,Home,view,0.0,44,M,Takoradi,6
713,2025-02-20 16:12:00,Clothing,view,0.0,27,F,Tamale,1
896,2025-01-11 01:03:00,Beauty,view,0.0,41,M,Cape Coast,0
1,2025-03-30 10:22:00,Clothing,view,0.0,56,O,Cape Coast,7
680,2025-04-29 19:03:00,Electronics,view,0.0,55,M,Accra,9
677,2025-03-02 04:14:00,Electronics,view,0.0,27,F,Kumasi,0
794,2025-01-06 11:53:00,Clothing,add_to_cart,0.0,23,O,Kumasi,4
814,2025-04-12 09:47:00,Clothing,view,0.0,43,O,Kumasi,9
966,2025-04-25 02:11:00,Home,view,0.0,47,M,Kumasi,9
377,2025-02-21 12:03:00,Beauty,view,0.0,47,O,Cape Coast,9
492,2025-03-07 15:06:00,Home,add_to_cart,0.0,18,M,Takoradi,4
777,2025-04-11 16:26:00,Electronics,view,0.0,45,M,Kumasi,9
185,2025-02-14 23:10:00,Books,view,0.0,61,O,Accra,3
742,2025-01-26 21:05:00,Beauty,view,0.0,33,O,Tamale,2
83,2025-02-04 06:36:00,Books,purchase,187.56,65,F,Kumasi,2
604,2025-04-24 02:38:00,Books,add_to_cart,0.0,27,O,Takoradi,5
243,2025-02-05 15:25:00,Books,view,0.0,49,M,Tamale,6
388,2025-03-17 16:57:00,Electronics,view,0.0,48,O,Accra,3
863,2025-03-20 19:33:00,Books,add_to_cart,0.0,67,F,Tamale,4
548,2025-01-04 05:55:00,Books,purchase,291.54,33,O,Cape Coast,7
916,2025-01-17 18:26:00,Electronics,purchase,439.75,60,M,Cape Coast,3
963,2025-04-01 13:11:00,Beauty,add_to_cart,0.0,64,O,Kumasi,3
388,2025-02-14 12:54:00,Home,view,0.0,48,O,Accra,3
475,2025-02-24 16:05:00,Home,view,0.0,69,F,Kumasi,4
136,2025-03-02 00:09:00,Clothing,view,0.0,39,F,Cape Coast,0
910,2025-03-08 22:55:00,Electronics,add_to_cart,0.0,41,O,Tamale,1
651,2025-02-16 05:33:00,Electronics,view,0.0,33,O,Tamale,5
832,2025-04-03 22:17:00,Electronics,view,0.0,22,F,Kumasi,8
851,2025-04-06 21:27:00,Electronics,view,0.0,18,M,Cape Coast,4
169,2025-02-28 07:38:00,Clothing,view,0.0,32,M,Tamale,3
275,2025-04-15 01:27:00,Home,view,0.0,57,O,Kumasi,9
150,2025-01-14 19:55:00,Electronics,add_to_cart,0.0,44,F,Accra,7
706,2025-03-27 13:32:00,Clothing,view,0.0,53,M,Kumasi,8
296,2025-02-08 08:40:00,Home,purchase,31.34,18,F,Tamale,7
132,2025-03-17 16:19:00,Books,add_to_cart,0.0,54,F,Kumasi,8
355,2025-03-14 04:51:00,Books,add_to_cart,0.0,55,F,Kumasi,0
528,2025-01-18 14:55:00,Beauty,purchase,219.15,38,M,Takoradi,0
549,2025-04-14 15:20:00,Electronics,view,0.0,41,O,Accra,8
267,2025-03-16 01:31:00,Home,view,0.0,20,F,Accra,7
387,2025-01-28 22:29:00,Beauty,add_to_cart,0.0,63,O,Cape Coast,6
315,2025-01-25 21:45:00,Electronics,purchase,398.69,66,F,Cape Coast,1
582,2025-03-20 14:39:00,Clothing,view,0.0,52,F,Cape Coast,2
656,2025-04-03 22:09:00,Beauty,purchase,474.45,69,M,Accra,1
596,2025-04-02 05:13:00,Home,view,0.0,67,F,Cape Coast,7
577,2025-01-19 00:12:00,Clothing,add_to_cart,0.0,48,M,Cape Coast,1
855,2025-04-24 19:25:00,Electronics,view,0.0,51,O,Kumasi,7
322,2025-01-26 03:24:00,Clothing,purchase,157.09,65,M,Cape Coast,9
392,2025-01-11 23:29:00,Beauty,view,0.0,38,O,Tamale,0
271,2025-02-25 02:38:00,Home,view,0.0,24,M,Kumasi,6
169,2025-02-16 19:23:00,Books,view,0.0,32,M,Tamale,3
101,2025-03-04 14:26:00,Electronics,view,0.0,62,M,Takoradi,4
60,2025-02-26 18:30:00,Electronics,add_to_cart,0.0,61,O,Tamale,8
394,2025-04-28 00:24:00,Electronics,view,0.0,40,F,Kumasi,2
324,2025-04-27 04:22:00,Books,add_to_cart,0.0,52,F,Kumasi,8
977,2025-01-01 21:49:00,Beauty,add_to_cart,0.0,32,M,Takoradi,3
462,2025-04-22 17:09:00,Clothing,view,0.0,61,M,Kumasi,2
482,2025-04-19 15:07:00,Home,view,0.0,34,M,Takoradi,3
430,2025-01-11 11:10:00,Beauty,view,0.0,24,F,Kumasi,6
853,2025-04-01 17:41:00,Home,view,0.0,57,F,Takoradi,3
237,2025-02-02 20:59:00,Home,view,0.0,36,F,Takoradi,7
450,2025-02-26 10:44:00,Clothing,purchase,45.29,42,O,Accra,9
993,2025-01-31 13:09:00,Clothing,view,0.0,64,M,Accra,3
47,2025-01-03 01:53:00,Home,view,0.0,56,F,Cape Coast,2
22,2025-01-05 06:19:00,Beauty,view,0.0,47,M,Takoradi,4
32,2025-03-31 02:40:00,Clothing,view,0.0,44,M,Takoradi,6
761,2025-03-26 12:36:00,Electronics,view,0.0,28,F,Kumasi,2
559,2025-04-04 04:23:00,Home,add_to_cart,0.0,67,O,Takoradi,2
248,2025-02-19 09:32:00,Home,purchase,39.42,41,M,Cape Coast,1
496,2025-04-25 05:11:00,Home,view,0.0,65,F,Kumasi,8
376,2025-04-09 16:14:00,Home,add_to_cart,0.0,45,M,Accra,7
83,2025-01-23 10:58:00,Books,view,0.0,65,F,Kumasi,2
103,2025-04-25 06:41:00,Beauty,add_to_cart,0.0,42,F,Takoradi,0
987,2025-03-05 17:22:00,Clothing,view,0.0,62,O,Takoradi,6
373,2025-03-01 07:36:00,Home,view,0.0,66,O,Takoradi,2
582,2025-04-13 07:35:00,Beauty,view,0.0,52,F,Cape Coast,2
465,2025-01-22 21:18:00,Electronics,purchase,371.64,56,F,Accra,2
735,2025-03-22 22:09:00,Home,view,0.0,23,F,Cape Coast,4
384,2025-01-11 19:53:00,Books,purchase,197.69,41,M,Kumasi,1
760,2025-02-27 09:21:00,Clothing,view,0.0,40,F,Tamale,8
445,2025-01-07 07:52:00,Home,view,0.0,19,F,Tamale,5
917,2025-01-08 21:30:00,Beauty,view,0.0,60,O,Takoradi,4
372,2025-04-30 08:36:00,Books,add_to_cart,0.0,52,F,Tamale,2
844,2025-02-06 04:30:00,Clothing,add_to_cart,0.0,26,O,Takoradi,5
905,2025-01-11 22:45:00,Clothing,view,0.0,27,O,Cape Coast,0
366,2025-02-20 09:04:00,Beauty,add_to_cart,0.0,64,O,Takoradi,6
824,2025-03-18 09:09:00,Beauty,view,0.0,18,F,Kumasi,5
821,2025-02-12 18:20:00,Home,view,0.0,51,F,Tamale,7
270,2025-04-03 04:57:00,Electronics,add_to_cart,0.0,49,O,Kumasi,9
641,2025-01-27 08:20:00,Beauty,add_to_cart,0.0,36,O,Accra,1
604,2025-03-26 22:10:00,Clothing,purchase,169.72,27,O,Takoradi,5
549,2025-03-27 23:14:00,Beauty,view,0.0,41,O,Accra,8
448,2025-01-31 20:29:00,Electronics,add_to_cart,0.0,39,M,Takoradi,2
812,2025-01-30 02:20:00,Clothing,view,0.0,28,F,Takoradi,1
145,2025-01-12 19:49:00,Clothing,view,0.0,18,M,Tamale,2
503,2025-04-02 02:50:00,Electronics,view,0.0,22,O,Kumasi,3
415,2025-01-01 10:05:00,Electronics,view,0.0,34,M,Cape Coast,3
830,2025-02-27 05:43:00,Home,view,0.0,22,F,Accra,8
379,2025-02-01 03:08:00,Electronics,view,0.0,63,O,Accra,5
415,2025-02-28 22:18:00,Clothing,view,0.0,34,M,Cape Coast,3
555,2025-04-08 00:20:00,Books,add_to_cart,0.0,44,F,Takoradi,0
812,2025-01-07 00:08:00,Clothing,purchase,462.35,28,F,Takoradi,1
617,2025-04-29 07:22:00,Clothing,view,0.0,41,O,Kumasi,8
1,2025-04-20 17:18:00,Home,purchase,416.33,56,O,Cape Coast,7
53,2025-01-06 16:45:00,Books,purchase,429.78,26,F,Cape Coast,4
357,2025-02-24 03:05:00,Books,view,0.0,68,O,Kumasi,6
808,2025-04-01 04:01:00,Electronics,purchase,75.62,35,O,Cape Coast,7
743,2025-02-27 13:25:00,Beauty,view,0.0,38,F,Cape Coast,8
695,2025-01-06 02:00:00,Beauty,add_to_cart,0.0,25,F,Cape Coast,8
629,2025-02-27 17:22:00,Books,view,0.0,34,M,Cape Coast,1
36,2025-03-11 16:17:00,Clothing,purchase,186.35,32,F,Takoradi,7
240,2025-02-21 09:24:00,Clothing,view,0.0,43,M,Kumasi,8
167,2025-01-12 10:48:00,Home,view,0.0,56,M,Cape Coast,8
256,2025-04-25 21:03:00,Beauty,view,0.0,33,O,Accra,8
476,2025-01-16 14:11:00,Beauty,add_to_cart,0.0,33,O,Takoradi,6
908,2025-04-03 04:41:00,Clothing,purchase,357.54,34,M,Cape Coast,3
488,2025-04-04 09:19:00,Books,view,0.0,40,M,Cape Coast,5
489,2025-01-16 09:02:00,Electronics,add_to_cart,0.0,26,M,Tamale,4
685,2025-04-10 03:37:00,Home,view,0.0,59,M,Accra,9
302,2025-02-09 13:54:00,Books,view,0.0,26,O,Cape Coast,4
398,2025-04-21 17:43:00,Clothing,add_to_cart,0.0,42,M,Cape Coast,0
923,2025-01-06 23:50:00,Electronics,view,0.0,33,F,Takoradi,1
848,2025-02-19 11:30:00,Electronics,view,0.0,62,O,Tamale,9
781,2025-03-13 05:02:00,Electronics,view,0.0,53,F,Kumasi,8
980,2025-02-27 03:43:00,Books,view,0.0,31,O,Tamale,2
548,2025-01-23 12:18:00,Clothing,view,0.0,33,O,Cape Coast,7
548,2025-01-24 00:00:00,Beauty,view,0.0,33,O,Cape Coast,7
272,2025-01-17 23:33:00,Beauty,view,0.0,69,M,Takoradi,4
898,2025-04-30 18:30:00,Electronics,view,0.0,47,O,Kumasi,1
473,2025-02-20 04:13:00,Clothing,view,0.0,52,M,Tamale,9
1000,2025-03-07 17:28:00,Books,view,0.0,55,M,Tamale,8
980,2025-03-05 07:58:00,Books,view,0.0,31,O,Tamale,2
346,2025-03-03 04:48:00,Beauty,view,0.0,50,M,Accra,1
582,2025-02-02 23:03:00,Clothing,view,0.0,52,F,Cape Coast,2
817,2025-01-11 02:38:00,Clothing,add_to_cart,0.0,44,F,Takoradi,7
712,2025-03-10 22:33:00,Beauty,add_to_cart,0.0,44,F,Takoradi,8
32,2025-01-16 03:53:00,Beauty,view,0.0,44,M,Takoradi,6
492,2025-03-01 13:11:00,Beauty,view,0.0,18,M,Takoradi,4
80,2025-04-28 11:01:00,Books,add_to_cart,0.0,53,O,Takoradi,7
585,2025-02-23 06:28:00,Beauty,view,0.0,43,F,Cape Coast,5
521,2025-03-11 11:19:00,Clothing,purchase,61.41,69,M,Kumasi,6
418,2025-03-24 00:47:00,Clothing,view,0.0,26,O,Takoradi,9
26,2025-04-19 21:43:00,Electronics,view,0.0,50,F,Takoradi,7
265,2025-04-04 12:47:00,Beauty,view,0.0,36,M,Kumasi,0
848,2025-04-20 01:30:00,Beauty,view,0.0,62,O,Tamale,9
115,2025-02-12 18:59:00,Home,purchase,268.88,52,M,Tamale,7
903,2025-03-20 23:54:00,Electronics,view,0.0,46,O,Kumasi,7
36,2025-02-19 13:28:00,Home,view,0.0,32,F,Takoradi,7
178,2025-02-05 01:20:00,Home,view,0.0,45,F,Kumasi,7
460,2025-03-29 17:36:00,Home,view,0.0,50,F,Takoradi,0
915,2025-04-28 00:16:00,Clothing,add_to_cart,0.0,30,M,Accra,9
315,2025-02-20 23:42:00,Electronics,view,0.0,66,F,Cape Coast,1
786,2025-01-12 01:49:00,Books,view,0.0,37,F,Tamale,4
500,2025-04-01 11:19:00,Electronics,view,0.0,18,F,Kumasi,2
233,2025-01-23 14:57:00,Beauty,view,0.0,54,F,Tamale,5
915,2025-01-19 11:22:00,Books,view,0.0,30,M,Accra,9
745,2025-02-28 19:03:00,Electronics,view,0.0,54,M,Accra,5
653,2025-03-08 11:28:00,Books,view,0.0,52,F,Cape Coast,0
420,2025-01-02 21:21:00,Electronics,view,0.0,65,O,Kumasi,1
632,2025-04-19 13:28:00,Home,view,0.0,65,M,Kumasi,4
751,2025-04-28 23:26:00,Clothing,add_to_cart,0.0,64,F,Cape Coast,4
685,2025-04-07 10:36:00,Electronics,view,0.0,59,M,Accra,9
930,2025-03-24 19:49:00,Clothing,add_to_cart,0.0,21,O,Kumasi,9
368,2025-04-03 22:26:00,Electronics,view,0.0,22,F,Accra,4
758,2025-02-17 03:13:00,Electronics,view,0.0,20,O,Accra,9
720,2025-03-31 08:01:00,Home,view,0.0,67,F,Accra,5
216,2025-04-22 20:50:00,Books,view,0.0,69,M,Tamale,5
82,2025-03-27 17:50:00,Clothing,purchase,154.3,48,M,Cape Coast,5
521,2025-01-13 03:36:00,Clothing,view,0.0,69,M,Kumasi,6
151,2025-03-04 17:27:00,Home,view,0.0,26,F,Accra,7
124,2025-04-10 12:12:00,Electronics,purchase,475.07,26,M,Takoradi,2
459,2025-03-17 08:14:00,Books,view,0.0,54,M,Cape Coast,2
403,2025-03-16 08:34:00,Clothing,view,0.0,63,O,Accra,1
953,2025-03-01 11:08:00,Clothing,view,0.0,43,F,Accra,3
852,2025-04-26 12:26:00,Clothing,view,0.0,66,M,Accra,3
797,2025-01-22 08:23:00,Clothing,add_to_cart,0.0,22,O,Cape Coast,3
95,2025-02-08 14:53:00,Home,view,0.0,43,F,Cape Coast,1
624,2025-02-15 19:33:00,Electronics,view,0.0,40,F,Accra,3
37,2025-03-19 14:49:00,Electronics,add_to_cart,0.0,64,O,Takoradi,5
983,2025-04-15 15:25:00,Electronics,purchase,425.85,40,M,Cape Coast,9
151,2025-03-30 00:21:00,Books,view,0.0,26,F,Accra,7
668,2025-04-22 13:32:00,Beauty,view,0.0,52,M,Tamale,3
487,2025-04-06 03:00:00,Clothing,view,0.0,43,M,Kumasi,5
27,2025-02-11 04:06:00,Electronics,view,0.0,29,F,Takoradi,1
873,2025-01-04 11:57:00,Home,view,0.0,40,O,Cape Coast,0
315,2025-04-27 03:44:00,Electronics,view,0.0,66,F,Cape Coast,1
740,2025-03-13 19:37:00,Beauty,purchase,349.19,64,M,Takoradi,3
873,2025-02-15 03:12:00,Books,view,0.0,40,O,Cape Coast,0
567,2025-04-06 06:00:00,Home,view,0.0,20,O,Takoradi,7
888,2025-03-27 13:12:00,Home,view,0.0,47,M,Accra,5
675,2025-02-14 12:53:00,Books,purchase,162.77,29,F,Accra,2
54,2025-01-07 18:38:00,Beauty,view,0.0,43,F,Accra,1
62,2025-02-14 03:29:00,Home,view,0.0,64,M,Cape Coast,0
645,2025-03-08 21:27:00,Clothing,view,0.0,45,O,Cape Coast,0
554,2025-03-01 22:12:00,Clothing,view,0.0,49,F,Accra,9
187,2025-04-06 21:19:00,Beauty,view,0.0,37,M,Kumasi,7
924,2025-03-18 06:49:00,Books,view,0.0,48,M,Cape Coast,6
88,2025-03-13 14:50:00,Electronics,purchase,282.66,57,M,Kumasi,0
942,2025-04-03 22:09:00,Electronics,view,0.0,22,M,Takoradi,2
544,2025-04-23 18:44:00,Electronics,purchase,98.88,18,O,Accra,1
18,2025-02-05 21:00:00,Beauty,view,0.0,39,M,Accra,7
9,2025-03-27 23:27:00,Clothing,view,0.0,36,M,Kumasi,6
824,2025-02-16 02:01:00,Books,purchase,412.56,18,F,Kumasi,5
524,2025-02-27 02:54:00,Books,view,0.0,33,O,Takoradi,7
590,2025-01-12 19:25:00,Books,purchase,189.51,43,O,Kumasi,1
263,2025-01-15 08:35:00,Clothing,view,0.0,37,M,Tamale,0
574,2025-01-18 13:36:00,Electronics,add_to_cart,0.0,46,M,Tamale,7
121,2025-04-25 10:43:00,Home,view,0.0,58,O,Cape Coast,8
214,2025-03-20 04:38:00,Beauty,view,0.0,41,O,Accra,6
112,2025-01-15 15:56:00,Beauty,view,0.0,68,O,Takoradi,8
739,2025-01-25 21:55:00,Home,view,0.0,62,F,Tamale,0
343,2025-01-16 05:58:00,Clothing,add_to_cart,0.0,24,F,Accra,5
536,2025-01-13 00:47:00,Beauty,view,0.0,22,F,Kumasi,1
560,2025-04-07 05:42:00,Electronics,view,0.0,52,M,Takoradi,0
542,2025-04-20 19:07:00,Clothing,view,0.0,36,M,Kumasi,9
714,2025-03-25 23:52:00,Home,view,0.0,43,O,Accra,4
586,2025-04-02 14:35:00,Electronics,view,0.0,25,O,Accra,1
477,2025-01-15 09:19:00,Clothing,add_to_cart,0.0,30,M,Kumasi,4
329,2025-04-30 18:31:00,Electronics,view,0.0,35,O,Takoradi,1
872,2025-04-01 18:36:00,Clothing,view,0.0,64,M,Cape Coast,0
827,2025-01-10 20:20:00,Clothing,view,0.0,23,M,Tamale,9
434,2025-03-17 14:20:00,Electronics,view,0.0,18,F,Cape Coast,8
690,2025-04-19 03:11:00,Electronics,view,0.0,22,F,Takoradi,0
656,2025-01-01 03:46:00,Beauty,view,0.0,69,M,Accra,1
303,2025-04-09 12:49:00,Books,purchase,221.23,58,O,Takoradi,7
327,2025-02-26 07:32:00,Beauty,view,0.0,35,M,Takoradi,8
114,2025-02-25 11:19:00,Electronics,view,0.0,25,M,Accra,0
196,2025-01-29 14:16:00,Home,add_to_cart,0.0,69,M,Cape Coast,1
539,2025-02-18 14:36:00,Beauty,view,0.0,69,M,Tamale,2
388,2025-03-26 23:33:00,Home,view,0.0,48,O,Accra,3
506,2025-01-04 04:50:00,Books,view,0.0,20,F,Accra,9
681,2025-02-25 15:13:00,Electronics,add_to_cart,0.0,24,M,Takoradi,0
570,2025-04-06 20:03:00,Electronics,add_to_cart,0.0,57,O,Cape Coast,0
499,2025-02-15 21:11:00,Beauty,purchase,130.3,62,F,Tamale,0
910,2025-04-21 11:43:00,Clothing,view,0.0,41,O,Tamale,1
877,2025-01-16 13:06:00,Books,view,0.0,31,F,Cape Coast,3
272,2025-04-29 08:57:00,Electronics,view,0.0,69,M,Takoradi,4
760,2025-03-12 11:02:00,Home,add_to_cart,0.0,40,F,Tamale,8
43,2025-04-11 22:44:00,Beauty,view,0.0,68,M,Tamale,4
497,2025-03-21 07:48:00,Books,view,0.0,42,F,Tamale,9
276,2025-01-18 04:05:00,Beauty,view,0.0,56,O,Accra,5
108,2025-01-29 03:06:00,Home,view,0.0,61,F,Accra,7
100,2025-03-12 00:14:00,Beauty,view,0.0,32,O,Kumasi,0
632,2025-02-09 04:13:00,Clothing,view,0.0,65,M,Kumasi,4
729,2025-02-23 15:45:00,Home,view,0.0,30,M,Takoradi,7
995,2025-01-23 22:04:00,Home,view,0.0,63,M,Takoradi,9
119,2025-03-10 21:02:00,Clothing,purchase,99.75,59,F,Kumasi,3
517,2025-02-15 16:10:00,Electronics,add_to_cart,0.0,64,O,Cape Coast,4
628,2025-02-13 00:26:00,Clothing,purchase,350.86,47,O,Takoradi,3
377,2025-02-02 21:11:00,Beauty,view,0.0,47,O,Cape Coast,9
932,2025-01-26 14:30:00,Electronics,purchase,175.03,20,M,Kumasi,8
298,2025-01-07 22:55:00,Beauty,view,0.0,29,F,Cape Coast,0
339,2025-03-14 02:03:00,Books,purchase,154.07,38,M,Kumasi,3
796,2025-04-02 07:50:00,Books,view,0.0,68,O,Kumasi,6
197,2025-01-05 04:40:00,Books,view,0.0,30,O,Accra,4
809,2025-04-21 08:28:00,Beauty,view,0.0,49,M,Tamale,2
546,2025-02-06 16:41:00,Clothing,view,0.0,62,M,Tamale,7
866,2025-04-02 03:44:00,Books,view,0.0,61,F,Cape Coast,5
913,2025-03-16 04:14:00,Beauty,view,0.0,23,F,Kumasi,8
522,2025-03-28 23:35:00,Beauty,view,0.0,22,M,Takoradi,2
357,2025-04-17 18:36:00,Books,view,0.0,68,O,Kumasi,6
296,2025-01-13 04:59:00,Home,view,0.0,18,F,Tamale,7
105,2025-01-02 15:13:00,Electronics,view,0.0,26,M,Cape Coast,1
739,2025-01-17 12:37:00,Beauty,view,0.0,62,F,Tamale,0
889,2025-01-06 15:37:00,Electronics,view,0.0,32,M,Takoradi,5
23,2025-03-17 05:20:00,Home,view,0.0,55,F,Takoradi,7
645,2025-01-15 20:57:00,Beauty,view,0.0,45,O,Cape Coast,0
35,2025-02-05 14:27:00,Clothing,view,0.0,33,F,Kumasi,1
517,2025-03-12 21:48:00,Electronics,view,0.0,64,O,Cape Coast,4
705,2025-04-21 07:18:00,Beauty,view,0.0,21,O,Takoradi,6
760,2025-02-06 23:06:00,Electronics,view,0.0,40,F,Tamale,8
795,2025-04-15 14:37:00,Clothing,add_to_cart,0.0,35,M,Tamale,3
392,2025-02-13 10:05:00,Beauty,add_to_cart,0.0,38,O,Tamale,0
535,2025-04-22 07:16:00,Clothing,purchase,356.12,27,F,Tamale,6
874,2025-03-05 21:51:00,Books,view,0.0,32,M,Cape Coast,1
843,2025-03-30 04:20:00,Clothing,view,0.0,31,F,Accra,7
552,2025-03-26 15:31:00,Beauty,add_to_cart,0.0,66,O,Tamale,1
373,2025-01-08 08:44:00,Electronics,view,0.0,66,O,Takoradi,2
393,2025-03-11 09:36:00,Home,view,0.0,49,F,Takoradi,3
889,2025-04-16 10:34:00,Books,purchase,436.31,32,M,Takoradi,5
752,2025-03-20 20:28:00,Books,view,0.0,58,O,Kumasi,5
536,2025-02-06 13:59:00,Home,purchase,14.9,22,F,Kumasi,1
539,2025-04-18 02:54:00,Beauty,add_to_cart,0.0,69,M,Tamale,2
914,2025-01-20 20:13:00,Clothing,view,0.0,19,O,Tamale,4
42,2025-01-28 04:42:00,Beauty,view,0.0,54,M,Kumasi,4
624,2025-03-31 04:14:00,Electronics,view,0.0,40,F,Accra,3
858,2025-02-06 14:40:00,Beauty,view,0.0,25,M,Cape Coast,1
996,2025-03-25 20:59:00,Electronics,view,0.0,60,M,Kumasi,3
519,2025-03-24 09:26:00,Books,view,0.0,47,F,Kumasi,2
763,2025-03-25 10:04:00,Home,view,0.0,27,O,Tamale,0
451,2025-02-23 03:06:00,Books,add_to_cart,0.0,39,M,Cape Coast,1
402,2025-04-18 03:23:00,Home,view,0.0,57,F,Accra,7
179,2025-02-27 17:14:00,Home,view,0.0,19,F,Tamale,3
546,2025-01-30 18:08:00,Beauty,view,0.0,62,M,Tamale,7
347,2025-04-21 22:06:00,Books,view,0.0,65,F,Kumasi,0
212,2025-02-22 11:48:00,Home,view,0.0,49,O,Accra,0
834,2025-02-03 23:16:00,Electronics,view,0.0,20,M,Accra,2
618,2025-04-02 22:14:00,Books,view,0.0,40,O,Cape Coast,5
407,2025-04-27 01:45:00,Beauty,view,0.0,64,O,Cape Coast,0
194,2025-03-07 17:16:00,Electronics,view,0.0,18,M,Takoradi,0
930,2025-03-10 11:28:00,Beauty,add_to_cart,0.0,21,O,Kumasi,9
52,2025-01-02 23:39:00,Books,add_to_cart,0.0,67,F,Tamale,4
564,2025-02-10 19:30:00,Clothing,view,0.0,60,M,Takoradi,0
51,2025-04-08 15:10:00,Beauty,view,0.0,31,O,Kumasi,6
802,2025-03-18 07:46:00,Books,view,0.0,47,M,Takoradi,6
790,2025-01-21 02:06:00,Electronics,add_to_cart,0.0,46,M,Takoradi,9
199,2025-03-17 18:26:00,Clothing,view,0.0,20,M,Cape Coast,4
641,2025-04-12 20:33:00,Books,view,0.0,36,O,Accra,1
563,2025-03-28 00:22:00,Electronics,view,0.0,68,F,Takoradi,4
800,2025-03-13 22:25:00,Books,add_to_cart,0.0,19,O,Kumasi,7
594,2025-01-14 08:46:00,Home,purchase,233.68,24,F,Kumasi,1
18,2025-04-20 14:39:00,Beauty,add_to_cart,0.0,39,M,Accra,7
332,2025-04-27 08:07:00,Electronics,view,0.0,33,F,Cape Coast,1
206,2025-04-11 08:56:00,Clothing,view,0.0,50,F,Kumasi,8
115,2025-01-24 22:30:00,Beauty,add_to_cart,0.0,52,M,Tamale,7
626,2025-01-18 15:28:00,Home,view,0.0,52,O,Accra,5
324,2025-04-13 01:52:00,Electronics,view,0.0,52,F,Kumasi,8
967,2025-04-25 16:57:00,Books,purchase,98.63,60,F,Cape Coast,8
924,2025-01-16 09:03:00,Beauty,view,0.0,48,M,Cape Coast,6
853,2025-04-14 08:15:00,Clothing,view,0.0,57,F,Takoradi,3
803,2025-02-26 01:08:00,Books,add_to_cart,0.0,67,M,Accra,8
764,2025-02-15 10:33:00,Books,add_to_cart,0.0,49,M,Accra,5
581,2025-02-26 06:10:00,Beauty,add_to_cart,0.0,67,O,Cape Coast,7
659,2025-03-18 03:13:00,Beauty,view,0.0,40,M,Cape Coast,5
254,2025-01-08 21:50:00,Books,view,0.0,28,M,Takoradi,9
220,2025-04-07 04:21:00,Clothing,view,0.0,29,F,Kumasi,3
587,2025-03-16 12:33:00,Home,add_to_cart,0.0,46,F,Cape Coast,7
165,2025-03-19 18:36:00,Books,purchase,374.42,54,O,Accra,8
12,2025-02-17 18:46:00,Electronics,view,0.0,28,F,Tamale,2
707,2025-04-23 12:58:00,Electronics,view,0.0,23,O,Accra,2
720,2025-04-25 13:07:00,Home,view,0.0,67,F,Accra,5
288,2025-04-09 22:20:00,Clothing,view,0.0,52,O,Cape Coast,6
976,2025-01-24 16:51:00,Home,view,0.0,69,M,Takoradi,8
188,2025-03-09 13:04:00,Beauty,view,0.0,47,F,Takoradi,1
718,2025-02-01 06:09:00,Home,view,0.0,62,M,Accra,8
355,2025-01-21 07:41:00,Clothing,add_to_cart,0.0,55,F,Kumasi,0
553,2025-04-04 03:34:00,Books,view,0.0,45,F,Cape Coast,7
640,2025-03-25 22:55:00,Books,purchase,260.88,58,O,Accra,1
717,2025-03-02 22:07:00,Beauty,view,0.0,20,F,Kumasi,8
666,2025-01-29 05:36:00,Electronics,view,0.0,48,O,Takoradi,1
317,2025-02-10 17:37:00,Home,view,0.0,53,F,Kumasi,2
871,2025-03-09 20:32:00,Beauty,view,0.0,65,O,Tamale,7
14,2025-01-23 15:27:00,Clothing,view,0.0,53,F,Tamale,2
522,2025-03-09 11:37:00,Books,add_to_cart,0.0,22,M,Takoradi,2
232,2025-04-02 22:31:00,Books,view,0.0,40,F,Accra,3
602,2025-04-13 02:23:00,Books,view,0.0,38,F,Tamale,7
852,2025-04-29 09:19:00,Electronics,view,0.0,66,M,Accra,3
660,2025-01-06 09:59:00,Electronics,view,0.0,33,M,Kumasi,4
515,2025-04-18 10:45:00,Electronics,view,0.0,45,F,Accra,0
691,2025-01-05 21:08:00,Electronics,add_to_cart,0.0,46,M,Takoradi,7
94,2025-04-10 06:05:00,Beauty,view,0.0,41,M,Tamale,2
669,2025-04-03 12:01:00,Home,view,0.0,40,M,Kumasi,1
22,2025-03-24 17:36:00,Clothing,view,0.0,47,M,Takoradi,4
785,2025-03-08 06:40:00,Books,view,0.0,50,O,Tamale,6
579,2025-03-18 08:29:00,Beauty,add_to_cart,0.0,19,M,Kumasi,5
413,2025-03-13 09:32:00,Home,view,0.0,19,F,Takoradi,7
157,2025-02-22 20:00:00,Home,purchase,447.3,68,O,Takoradi,2
877,2025-01-14 04:34:00,Home,view,0.0,31,F,Cape Coast,3
193,2025-04-20 05:48:00,Beauty,add_to_cart,0.0,50,M,Kumasi,6
553,2025-01-31 03:08:00,Electronics,add_to_cart,0.0,45,F,Cape Coast,7
877,2025-03-28 16:20:00,Home,view,0.0,31,F,Cape Coast,3
61,2025-01-06 19:46:00,Books,view,0.0,25,O,Cape Coast,2
745,2025-01-23 14:45:00,Beauty,add_to_cart,0.0,54,M,Accra,5
630,2025-03-07 15:50:00,Home,view,0.0,66,M,Accra,1
4,2025-03-03 15:27:00,Clothing,view,0.0,32,M,Kumasi,3
345,2025-03-18 04:29:00,Electronics,view,0.0,34,F,Kumasi,7
270,2025-03-16 01:55:00,Books,view,0.0,49,O,Kumasi,9
238,2025-01-25 12:01:00,Home,view,0.0,19,O,Tamale,1
758,2025-04-23 14:31:00,Beauty,view,0.0,20,O,Accra,9
731,2025-03-08 16:02:00,Books,view,0.0,66,F,Cape Coast,3
1,2025-02-08 22:04:00,Clothing,view,0.0,56,O,Cape Coast,7
669,2025-04-27 09:03:00,Electronics,view,0.0,40,M,Kumasi,1
299,2025-03-17 11:49:00,Beauty,view,0.0,22,O,Cape Coast,9
969,2025-04-14 18:55:00,Books,view,0.0,34,F,Kumasi,4
334,2025-01-05 09:23:00,Electronics,view,0.0,53,O,Tamale,5
785,2025-03-06 20:53:00,Electronics,add_to_cart,0.0,50,O,Tamale,6
837,2025-03-05 03:57:00,Books,view,0.0,54,O,Tamale,7
91,2025-02-17 11:17:00,Home,add_to_cart,0.0,62,F,Kumasi,3
44,2025-04-04 12:32:00,Beauty,view,0.0,24,M,Takoradi,3
30,2025-01-26 20:36:00,Home,view,0.0,42,O,Tamale,5
248,2025-02-25 16:16:00,Clothing,add_to_cart,0.0,41,M,Cape Coast,1
634,2025-04-07 03:08:00,Clothing,view,0.0,39,F,Takoradi,5
294,2025-02-14 14:42:00,Clothing,view,0.0,66,F,Takoradi,2
927,2025-02-21 08:56:00,Clothing,view,0.0,25,M,Takoradi,4
121,2025-02-25 22:11:00,Books,view,0.0,58,O,Cape Coast,8
416,2025-03-22 21:36:00,Clothing,view,0.0,57,O,Kumasi,9
444,2025-01-10 14:05:00,Home,view,0.0,51,M,Takoradi,1
810,2025-02-06 15:11:00,Clothing,view,0.0,64,O,Cape Coast,8
664,2025-01-28 04:20:00,Electronics,view,0.0,56,F,Tamale,2
503,2025-03-24 14:00:00,Home,add_to_cart,0.0,22,O,Kumasi,3
35,2025-04-06 08:23:00,Beauty,add_to_cart,0.0,33,F,Kumasi,1
297,2025-03-08 15:21:00,Clothing,add_to_cart,0.0,65,O,Takoradi,4
503,2025-04-23 15:52:00,Clothing,purchase,498.03,22,O,Kumasi,3
852,2025-04-10 04:38:00,Books,add_to_cart,0.0,66,M,Accra,3
623,2025-04-23 09:51:00,Books,view,0.0,30,O,Accra,9
288,2025-01-24 02:53:00,Home,view,0.0,52,O,Cape Coast,6
791,2025-01-07 16:36:00,Books,add_to_cart,0.0,30,M,Cape Coast,6
790,2025-03-19 17:34:00,Electronics,purchase,308.71,46,M,Takoradi,9
292,2025-01-15 23:39:00,Electronics,view,0.0,65,O,Takoradi,0
926,2025-04-08 01:39:00,Beauty,view,0.0,33,M,Kumasi,5
307,2025-03-01 17:04:00,Beauty,add_to_cart,0.0,33,O,Cape Coast,0
12,2025-03-14 23:41:00,Electronics,view,0.0,28,F,Tamale,2
772,2025-02-19 02:15:00,Electronics,view,0.0,45,M,Accra,0
59,2025-01-02 22:09:00,Home,add_to_cart,0.0,24,O,Tamale,4
505,2025-04-11 03:25:00,Beauty,add_to_cart,0.0,46,O,Kumasi,6
144,2025-02-26 22:22:00,Books,add_to_cart,0.0,20,M,Accra,7
409,2025-02-27 04:56:00,Electronics,add_to_cart,0.0,40,O,Takoradi,0
668,2025-03-08 22:03:00,Clothing,view,0.0,52,M,Tamale,3
707,2025-04-13 07:42:00,Electronics,add_to_cart,0.0,23,O,Accra,2
105,2025-02-21 11:04:00,Electronics,view,0.0,26,M,Cape Coast,1
537,2025-02-04 14:41:00,Clothing,add_to_cart,0.0,53,M,Takoradi,5
856,2025-02-04 05:04:00,Home,view,0.0,45,M,Kumasi,5
556,2025-03-14 02:49:00,Beauty,view,0.0,37,O,Tamale,7
312,2025-01-06 14:48:00,Books,view,0.0,41,M,Kumasi,3
53,2025-02-27 04:18:00,Beauty,view,0.0,26,F,Cape Coast,4
795,2025-01-02 21:01:00,Beauty,view,0.0,35,M,Tamale,3
529,2025-01-04 13:06:00,Clothing,view,0.0,56,F,Cape Coast,0
287,2025-04-29 03:26:00,Clothing,view,0.0,59,M,Tamale,6
985,2025-03-27 10:09:00,Clothing,add_to_cart,0.0,41,M,Kumasi,2
880,2025-04-18 15:08:00,Electronics,view,0.0,68,O,Takoradi,9
114,2025-02-16 14:47:00,Beauty,view,0.0,25,M,Accra,0
959,2025-02-02 03:12:00,Beauty,view,0.0,62,F,Tamale,1
269,2025-03-29 07:45:00,Beauty,view,0.0,37,F,Cape Coast,0
225,2025-03-14 23:32:00,Electronics,purchase,329.28,54,F,Accra,5
489,2025-04-22 16:40:00,Beauty,view,0.0,26,M,Tamale,4
508,2025-01-21 14:38:00,Clothing,add_to_cart,0.0,43,M,Accra,5
664,2025-01-03 17:00:00,Books,view,0.0,56,F,Tamale,2
296,2025-01-11 09:28:00,Beauty,add_to_cart,0.0,18,F,Tamale,7
420,2025-03-05 11:39:00,Beauty,view,0.0,65,O,Kumasi,1
341,2025-02-04 11:17:00,Electronics,add_to_cart,0.0,37,M,Kumasi,4
517,2025-03-05 14:07:00,Home,view,0.0,64,O,Cape Coast,4
223,2025-04-03 08:19:00,Home,add_to_cart,0.0,20,O,Kumasi,4
341,2025-03-18 07:04:00,Electronics,view,0.0,37,M,Kumasi,4
381,2025-04-15 04:07:00,Beauty,view,0.0,52,O,Kumasi,0
316,2025-02-23 21:13:00,Home,purchase,241.52,25,F,Takoradi,4
662,2025-03-06 10:15:00,Beauty,add_to_cart,0.0,62,M,Tamale,8
743,2025-02-13 05:23:00,Beauty,view,0.0,38,F,Cape Coast,8
712,2025-03-19 14:52:00,Books,add_to_cart,0.0,44,F,Takoradi,8
513,2025-01-20 08:35:00,Clothing,view,0.0,46,O,Tamale,2
643,2025-01-07 19:48:00,Electronics,view,0.0,26,F,Cape Coast,1
627,2025-01-05 05:17:00,Electronics,view,0.0,58,O,Kumasi,3
430,2025-01-15 04:16:00,Books,view,0.0,24,F,Kumasi,6
471,2025-04-17 09:16:00,Electronics,view,0.0,47,M,Accra,8
112,2025-01-07 11:39:00,Clothing,purchase,389.61,68,O,Takoradi,8
671,2025-03-09 11:21:00,Electronics,purchase,356.8,60,M,Cape Coast,2
972,2025-04-28 20:12:00,Books,view,0.0,18,O,Kumasi,0
105,2025-03-23 00:05:00,Electronics,view,0.0,26,M,Cape Coast,1
613,2025-01-26 03:37:00,Home,add_to_cart,0.0,35,F,Accra,2
612,2025-01-25 19:00:00,Beauty,add_to_cart,0.0,53,O,Tamale,4
362,2025-01-22 00:58:00,Beauty,view,0.0,38,O,Kumasi,5
897,2025-02-17 18:51:00,Books,view,0.0,32,M,Takoradi,4
962,2025-01-06 20:32:00,Home,view,0.0,43,F,Accra,9
319,2025-01-29 01:00:00,Electronics,view,0.0,57,M,Tamale,3
162,2025-01-26 03:34:00,Electronics,view,0.0,49,M,Takoradi,8
716,2025-02-13 19:38:00,Home,view,0.0,56,M,Tamale,1
165,2025-03-25 19:10:00,Beauty,view,0.0,54,O,Accra,8
920,2025-03-21 11:15:00,Beauty,view,0.0,68,F,Tamale,7
766,2025-03-03 09:44:00,Home,view,0.0,25,O,Cape Coast,7
289,2025-03-22 19:35:00,Beauty,view,0.0,24,O,Cape Coast,8
643,2025-02-23 01:17:00,Home,view,0.0,26,F,Cape Coast,1
380,2025-04-24 19:19:00,Home,view,0.0,23,O,Accra,3
614,2025-03-26 11:59:00,Books,add_to_cart,0.0,66,O,Cape Coast,4
485,2025-04-03 12:51:00,Beauty,view,0.0,43,O,Accra,4
576,2025-01-04 04:15:00,Home,view,0.0,29,F,Cape Coast,8
816,2025-01-08 16:45:00,Beauty,view,0.0,39,O,Tamale,9
52,2025-02-03 12:20:00,Home,view,0.0,67,F,Tamale,4
882,2025-02-10 06:05:00,Clothing,view,0.0,55,F,Takoradi,4
692,2025-03-29 12:00:00,Beauty,view,0.0,54,M,Tamale,0
408,2025-02-06 19:05:00,Beauty,view,0.0,39,M,Accra,3
509,2025-01-27 13:52:00,Beauty,purchase,218.14,33,O,Takoradi,0
679,2025-01-04 16:37:00,Home,view,0.0,34,M,Tamale,6
32,2025-01-27 11:42:00,Home,view,0.0,44,M,Takoradi,6
236,2025-04-03 08:42:00,Home,add_to_cart,0.0,18,F,Cape Coast,1
767,2025-03-26 02:52:00,Clothing,purchase,430.31,55,O,Tamale,8
788,2025-01-15 20:52:00,Clothing,add_to_cart,0.0,45,F,Cape Coast,0
444,2025-03-28 22:40:00,Books,view,0.0,51,M,Takoradi,1
581,2025-04-13 06:10:00,Clothing,purchase,113.29,67,O,Cape Coast,7
396,2025-01-16 03:16:00,Electronics,view,0.0,20,M,Cape Coast,1
229,2025-01-31 12:34:00,Home,view,0.0,19,O,Accra,3
529,2025-01-11 00:27:00,Clothing,purchase,377.52,56,F,Cape Coast,0
37,2025-01-16 06:44:00,Books,view,0.0,64,O,Takoradi,5
791,2025-02-01 16:16:00,Home,add_to_cart,0.0,30,M,Cape Coast,6
482,2025-03-19 22:02:00,Electronics,view,0.0,34,M,Takoradi,3
49,2025-01-15 18:42:00,Books,view,0.0,21,O,Takoradi,6
211,2025-03-29 04:21:00,Books,view,0.0,32,O,Tamale,7
943,2025-04-20 15:35:00,Electronics,purchase,279.69,35,M,Accra,3
790,2025-04-14 08:31:00,Electronics,add_to_cart,0.0,46,M,Takoradi,9
838,2025-02-18 07:29:00,Electronics,view,0.0,27,F,Tamale,3
342,2025-03-31 13:55:00,Books,purchase,46.85,25,M,Kumasi,1
676,2025-02-21 22:01:00,Books,purchase,232.75,26,F,Accra,4
276,2025-02-18 17:56:00,Electronics,add_to_cart,0.0,56,O,Accra,5
365,2025-01-26 18:47:00,Clothing,view,0.0,45,F,Tamale,2
318,2025-01-14 08:52:00,Home,purchase,76.27,55,M,Accra,7
487,2025-04-20 06:31:00,Beauty,view,0.0,43,M,Kumasi,5
101,2025-03-01 10:00:00,Books,view,0.0,62,M,Takoradi,4
465,2025-02-04 09:31:00,Home,view,0.0,56,F,Accra,2
148,2025-01-28 02:31:00,Beauty,view,0.0,31,O,Takoradi,0
938,2025-04-27 11:14:00,Home,add_to_cart,0.0,67,F,Tamale,0
445,2025-01-26 04:56:00,Beauty,add_to_cart,0.0,19,F,Tamale,5
405,2025-04-25 18:35:00,Beauty,view,0.0,67,O,Accra,7
423,2025-04-10 10:54:00,Electronics,view,0.0,59,O,Takoradi,9
468,2025-04-06 14:24:00,Books,view,0.0,62,M,Tamale,1
720,2025-04-22 09:00:00,Home,view,0.0,67,F,Accra,5
175,2025-03-30 06:56:00,Clothing,view,0.0,24,O,Kumasi,0
815,2025-04-13 02:13:00,Electronics,view,0.0,42,O,Kumasi,3
148,2025-04-15 00:40:00,Beauty,view,0.0,31,O,Takoradi,0
538,2025-02-17 04:58:00,Books,view,0.0,51,M,Tamale,5
913,2025-03-11 14:00:00,Books,view,0.0,23,F,Kumasi,8
930,2025-01-30 18:54:00,Clothing,view,0.0,21,O,Kumasi,9
44,2025-01-12 07:43:00,Home,add_to_cart,0.0,24,M,Takoradi,3
954,2025-01-28 03:40:00,Home,view,0.0,63,M,Cape Coast,3
443,2025-03-12 21:25:00,Books,view,0.0,45,O,Cape Coast,0
980,2025-03-19 00:04:00,Books,add_to_cart,0.0,31,O,Tamale,2
380,2025-01-17 14:38:00,Beauty,view,0.0,23,O,Accra,3
978,2025-01-27 20:22:00,Books,view,0.0,64,F,Tamale,4
944,2025-01-19 08:11:00,Clothing,view,0.0,45,F,Cape Coast,3
498,2025-03-17 02:20:00,Home,view,0.0,57,F,Kumasi,5
778,2025-04-26 22:35:00,Home,view,0.0,45,M,Takoradi,5
254,2025-04-18 00:10:00,Books,purchase,250.9,28,M,Takoradi,9
469,2025-03-21 06:22:00,Clothing,view,0.0,49,F,Accra,7
342,2025-04-15 05:46:00,Beauty,view,0.0,25,M,Kumasi,1
697,2025-03-21 12:50:00,Books,add_to_cart,0.0,62,O,Kumasi,3
324,2025-03-25 21:28:00,Home,view,0.0,52,F,Kumasi,8
555,2025-01-23 10:02:00,Electronics,view,0.0,44,F,Takoradi,0
362,2025-04-06 04:11:00,Beauty,add_to_cart,0.0,38,O,Kumasi,5
674,2025-02-04 17:16:00,Clothing,view,0.0,64,F,Accra,7
300,2025-03-22 05:48:00,Clothing,add_to_cart,0.0,54,M,Tamale,6
710,2025-01-09 00:04:00,Electronics,view,0.0,61,O,Takoradi,8
649,2025-02-05 19:14:00,Beauty,view,0.0,36,F,Cape Coast,9
885,2025-01-23 21:45:00,Electronics,view,0.0,67,F,Accra,2
870,2025-03-08 17:47:00,Home,view,0.0,34,O,Kumasi,5
506,2025-01-27 22:41:00,Home,add_to_cart,0.0,20,F,Accra,9
768,2025-01-18 10:38:00,Home,view,0.0,29,F,Tamale,3
735,2025-02-26 01:37:00,Books,add_to_cart,0.0,23,F,Cape Coast,4
804,2025-03-09 23:12:00,Books,purchase,90.87,62,F,Cape Coast,7
389,2025-01-24 02:29:00,Beauty,view,0.0,52,M,Accra,4
109,2025-01-07 09:34:00,Clothing,view,0.0,25,M,Takoradi,7
508,2025-04-27 11:53:00,Books,view,0.0,43,M,Accra,5
467,2025-01-13 09:36:00,Books,view,0.0,23,F,Kumasi,2
21,2025-01-03 07:05:00,Books,view,0.0,61,M,Kumasi,4
522,2025-04-07 12:26:00,Clothing,view,0.0,22,M,Takoradi,2
458,2025-03-26 22:00:00,Electronics,view,0.0,60,M,Kumasi,3
829,2025-01-26 14:21:00,Electronics,add_to_cart,0.0,34,O,Takoradi,9
922,2025-01-21 08:23:00,Books,purchase,349.36,40,O,Tamale,7
108,2025-01-24 12:10:00,Clothing,view,0.0,61,F,Accra,7
249,2025-01-03 22:15:00,Beauty,view,0.0,22,O,Accra,0
158,2025-04-21 02:36:00,Beauty,view,0.0,49,F,Kumasi,2
742,2025-01-26 08:18:00,Beauty,view,0.0,33,O,Tamale,2
982,2025-04-04 04:15:00,Beauty,add_to_cart,0.0,45,O,Accra,2
52,2025-04-25 22:05:00,Beauty,purchase,38.72,67,F,Tamale,4
80,2025-02-24 01:42:00,Clothing,view,0.0,53,O,Takoradi,7
116,2025-01-17 14:21:00,Home,view,0.0,52,M,Accra,6
812,2025-04-12 19:44:00,Clothing,view,0.0,28,F,Takoradi,1
559,2025-03-13 18:54:00,Books,view,0.0,67,O,Takoradi,2
143,2025-04-30 03:32:00,Electronics,add_to_cart,0.0,31,O,Takoradi,4
513,2025-03-21 12:17:00,Clothing,view,0.0,46,O,Tamale,2
753,2025-02-27 08:45:00,Books,view,0.0,66,M,Kumasi,7
52,2025-04-26 13:42:00,Books,view,0.0,67,F,Tamale,4
323,2025-03-02 00:52:00,Books,purchase,294.23,42,M,Accra,2
5,2025-04-11 22:11:00,Clothing,view,0.0,60,O,Kumasi,2
464,2025-04-23 04:43:00,Beauty,view,0.0,22,F,Kumasi,3
683,2025-01-30 16:08:00,Electronics,add_to_cart,0.0,30,F,Accra,7
433,2025-02-21 23:17:00,Books,purchase,442.92,37,F,Cape Coast,1
301,2025-04-18 13:12:00,Electronics,view,0.0,49,O,Kumasi,9
129,2025-03-14 03:27:00,Beauty,view,0.0,65,M,Tamale,3
750,2025-03-14 02:37:00,Home,view,0.0,35,M,Accra,9
384,2025-04-27 02:45:00,Beauty,add_to_cart,0.0,41,M,Kumasi,1
26,2025-02-11 12:29:00,Beauty,view,0.0,50,F,Takoradi,7
531,2025-01-22 00:56:00,Home,view,0.0,50,M,Kumasi,2
19,2025-03-24 11:02:00,Clothing,view,0.0,19,F,Kumasi,8
624,2025-01-24 13:50:00,Home,view,0.0,40,F,Accra,3
972,2025-02-21 10:38:00,Home,view,0.0,18,O,Kumasi,0
80,2025-02-17 16:46:00,Books,add_to_cart,0.0,53,O,Takoradi,7
884,2025-03-13 20:32:00,Home,view,0.0,55,F,Tamale,1
954,2025-04-27 12:21:00,Books,view,0.0,63,M,Cape Coast,3
722,2025-03-04 00:43:00,Home,view,0.0,37,F,Cape Coast,5
961,2025-02-05 05:36:00,Books,view,0.0,26,M,Accra,9
183,2025-03-18 10:58:00,Home,view,0.0,45,F,Kumasi,8
245,2025-03-18 09:32:00,Books,purchase,476.06,28,O,Tamale,5
916,2025-04-18 16:58:00,Clothing,view,0.0,60,M,Cape Coast,3
680,2025-02-01 13:36:00,Clothing,view,0.0,55,M,Accra,9
889,2025-03-27 10:57:00,Home,view,0.0,32,M,Takoradi,5
880,2025-03-26 15:08:00,Books,view,0.0,68,O,Takoradi,9
433,2025-03-26 16:41:00,Clothing,view,0.0,37,F,Cape Coast,1
398,2025-03-15 00:08:00,Clothing,purchase,100.66,42,M,Cape Coast,0
855,2025-01-25 21:15:00,Home,view,0.0,51,O,Kumasi,7
871,2025-03-27 00:40:00,Clothing,purchase,249.76,65,O,Tamale,7
959,2025-03-19 10:23:00,Books,view,0.0,62,F,Tamale,1
638,2025-03-24 12:32:00,Books,view,0.0,53,F,Kumasi,1
820,2025-04-06 14:56:00,Home,purchase,114.44,50,M,Accra,4
952,2025-03-27 09:17:00,Electronics,purchase,15.34,29,M,Accra,1
959,2025-04-23 14:36:00,Beauty,add_to_cart,0.0,62,F,Tamale,1
195,2025-03-24 00:20:00,Electronics,view,0.0,44,M,Kumasi,2
355,2025-03-18 05:42:00,Home,view,0.0,55,F,Kumasi,0
712,2025-02-28 02:04:00,Books,view,0.0,44,F,Takoradi,8
869,2025-03-24 04:52:00,Beauty,view,0.0,47,M,Tamale,2
377,2025-03-04 06:32:00,Books,view,0.0,47,O,Cape Coast,9
774,2025-01-07 11:17:00,Home,view,0.0,43,F,Takoradi,6
669,2025-03-24 03:50:00,Books,view,0.0,40,M,Kumasi,1
563,2025-02-03 08:07:00,Books,view,0.0,68,F,Takoradi,4
221,2025-01-09 12:17:00,Home,view,0.0,56,O,Takoradi,5
618,2025-03-05 09:08:00,Beauty,view,0.0,40,O,Cape Coast,5
680,2025-03-29 08:48:00,Clothing,view,0.0,55,M,Accra,9
732,2025-03-11 09:32:00,Beauty,view,0.0,42,M,Kumasi,1
697,2025-03-06 08:51:00,Home,view,0.0,62,O,Kumasi,3
391,2025-01-09 04:15:00,Clothing,add_to_cart,0.0,69,F,Takoradi,0
148,2025-02-27 22:59:00,Clothing,add_to_cart,0.0,31,O,Takoradi,0
303,2025-02-15 22:03:00,Clothing,view,0.0,58,O,Takoradi,7
40,2025-02-24 22:08:00,Beauty,view,0.0,69,F,Cape Coast,6
279,2025-01-15 18:27:00,Beauty,purchase,20.75,18,O,Kumasi,7
245,2025-01-21 14:02:00,Clothing,view,0.0,28,O,Tamale,5
237,2025-02-22 19:58:00,Books,view,0.0,36,F,Takoradi,7
727,2025-04-23 18:24:00,Beauty,view,0.0,18,O,Tamale,8
214,2025-03-08 18:30:00,Electronics,view,0.0,41,O,Accra,6
878,2025-03-12 20:37:00,Clothing,purchase,318.12,19,O,Kumasi,2
796,2025-01-28 13:53:00,Home,purchase,380.04,68,O,Kumasi,6
117,2025-04-20 11:17:00,Beauty,view,0.0,50,O,Accra,6
359,2025-01-05 11:40:00,Books,view,0.0,44,M,Takoradi,8
654,2025-02-27 11:17:00,Electronics,view,0.0,29,M,Tamale,6
813,2025-01-16 04:50:00,Electronics,view,0.0,38,M,Takoradi,6
668,2025-01-09 11:17:00,Home,view,0.0,52,M,Tamale,3
218,2025-03-15 16:50:00,Home,add_to_cart,0.0,66,O,Cape Coast,2
158,2025-01-26 23:26:00,Beauty,add_to_cart,0.0,49,F,Kumasi,2
322,2025-02-20 08:49:00,Books,add_to_cart,0.0,65,M,Cape Coast,9
545,2025-01-19 12:13:00,Electronics,view,0.0,22,F,Kumasi,8
353,2025-01-05 19:13:00,Home,view,0.0,47,M,Takoradi,4
30,2025-04-01 17:44:00,Beauty,view,0.0,42,O,Tamale,5
388,2025-04-15 02:53:00,Home,view,0.0,48,O,Accra,3
912,2025-03-12 06:21:00,Electronics,view,0.0,51,O,Kumasi,5
397,2025-04-15 08:51:00,Books,add_to_cart,0.0,35,F,Takoradi,2
748,2025-03-05 20:18:00,Clothing,add_to_cart,0.0,36,M,Cape Coast,4
934,2025-04-12 02:25:00,Home,view,0.0,20,M,Tamale,7
445,2025-01-20 11:37:00,Books,purchase,366.2,19,F,Tamale,5
733,2025-04-09 16:36:00,Books,add_to_cart,0.0,50,M,Kumasi,2
582,2025-03-25 03:58:00,Books,view,0.0,52,F,Cape Coast,2
88,2025-03-24 22:30:00,Books,view,0.0,57,M,Kumasi,0
61,2025-03-08 01:28:00,Home,add_to_cart,0.0,25,O,Cape Coast,2
579,2025-04-21 10:15:00,Books,add_to_cart,0.0,19,M,Kumasi,5
300,2025-04-27 06:32:00,Clothing,view,0.0,54,M,Tamale,6
331,2025-04-28 19:29:00,Books,view,0.0,52,M,Takoradi,9
399,2025-02-07 17:12:00,Home,view,0.0,59,F,Accra,0
888,2025-03-06 09:23:00,Home,purchase,119.45,47,M,Accra,5
584,2025-02-13 04:32:00,Beauty,add_to_cart,0.0,34,M,Kumasi,2
369,2025-04-21 03:12:00,Electronics,view,0.0,65,M,Cape Coast,5
570,2025-01-02 23:35:00,Electronics,view,0.0,57,O,Cape Coast,0
275,2025-04-24 09:29:00,Books,view,0.0,57,O,Kumasi,9
316,2025-03-08 16:25:00,Beauty,view,0.0,25,F,Takoradi,4
344,2025-02-09 05:15:00,Home,view,0.0,20,O,Cape Coast,2
5,2025-02-06 11:24:00,Electronics,view,0.0,60,O,Kumasi,2
139,2025-04-16 02:39:00,Electronics,view,0.0,18,M,Takoradi,1
596,2025-04-06 10:06:00,Clothing,add_to_cart,0.0,67,F,Cape Coast,7
944,2025-04-13 12:41:00,Books,view,0.0,45,F,Cape Coast,3
451,2025-01-07 10:12:00,Books,view,0.0,39,M,Cape Coast,1
51,2025-02-16 00:04:00,Books,view,0.0,31,O,Kumasi,6
901,2025-01-23 00:09:00,Clothing,view,0.0,34,F,Takoradi,7
200,2025-04-26 02:18:00,Home,view,0.0,56,F,Kumasi,3
799,2025-04-22 20:09:00,Books,view,0.0,42,M,Cape Coast,8
724,2025-01-03 02:33:00,Books,add_to_cart,0.0,25,M,Cape Coast,3
928,2025-04-28 17:33:00,Home,add_to_cart,0.0,21,F,Accra,8
347,2025-03-07 02:16:00,Books,view,0.0,65,F,Kumasi,0
915,2025-03-24 11:04:00,Books,view,0.0,30,M,Accra,9
49,2025-03-05 15:35:00,Electronics,view,0.0,21,O,Takoradi,6
213,2025-01-05 22:23:00,Electronics,view,0.0,49,M,Takoradi,7
242,2025-01-24 07:42:00,Books,view,0.0,23,F,Accra,7
717,2025-04-12 12:57:00,Electronics,add_to_cart,0.0,20,F,Kumasi,8
394,2025-01-02 15:36:00,Clothing,purchase,204.24,40,F,Kumasi,2
233,2025-04-04 00:31:00,Electronics,add_to_cart,0.0,54,F,Tamale,5
326,2025-01-30 07:14:00,Home,view,0.0,46,O,Kumasi,1
722,2025-03-17 22:59:00,Beauty,view,0.0,37,F,Cape Coast,5
694,2025-03-21 22:10:00,Home,purchase,36.83,36,O,Cape Coast,8
399,2025-04-23 14:09:00,Beauty,view,0.0,59,F,Accra,0
145,2025-04-10 21:22:00,Books,view,0.0,18,M,Tamale,2
292,2025-04-18 22:41:00,Clothing,view,0.0,65,O,Takoradi,0
290,2025-02-14 22:31:00,Home,view,0.0,33,M,Tamale,6
555,2025-01-22 22:03:00,Books,view,0.0,44,F,Takoradi,0
890,2025-01-29 07:39:00,Books,add_to_cart,0.0,44,O,Takoradi,1
461,2025-02-14 23:16:00,Clothing,view,0.0,25,O,Accra,7
858,2025-04-29 05:36:00,Books,view,0.0,25,M,Cape Coast,1
124,2025-04-02 21:28:00,Home,purchase,104.74,26,M,Takoradi,2
167,2025-03-04 11:31:00,Clothing,add_to_cart,0.0,56,M,Cape Coast,8
613,2025-03-20 08:31:00,Home,purchase,443.08,35,F,Accra,2
56,2025-01-09 09:04:00,Home,view,0.0,37,O,Tamale,5
175,2025-01-02 20:27:00,Beauty,add_to_cart,0.0,24,O,Kumasi,0
14,2025-02-06 23:05:00,Clothing,purchase,254.76,53,F,Tamale,2
996,2025-03-15 18:08:00,Books,purchase,241.41,60,M,Kumasi,3
62,2025-01-04 05:25:00,Beauty,purchase,346.01,64,M,Cape Coast,0
321,2025-03-24 17:16:00,Electronics,view,0.0,52,M,Kumasi,0
908,2025-03-11 06:07:00,Home,view,0.0,34,M,Cape Coast,3
392,2025-03-05 10:19:00,Clothing,view,0.0,38,O,Tamale,0
828,2025-02-14 08:50:00,Books,purchase,90.66,45,M,Cape Coast,6
707,2025-03-21 11:14:00,Books,view,0.0,23,O,Accra,2
155,2025-04-13 10:55:00,Books,view,0.0,59,M,Tamale,5
677,2025-04-14 20:28:00,Books,view,0.0,27,F,Kumasi,0
435,2025-02-19 09:04:00,Books,view,0.0,25,M,Accra,0
127,2025-03-30 00:16:00,Electronics,view,0.0,51,F,Tamale,4
865,2025-02-24 21:08:00,Home,view,0.0,18,F,Tamale,5
201,2025-04-20 14:15:00,Books,view,0.0,23,F,Accra,4
341,2025-03-14 22:40:00,Books,view,0.0,37,M,Kumasi,4
867,2025-04-27 08:50:00,Electronics,view,0.0,22,F,Tamale,1
981,2025-04-25 21:14:00,Home,add_to_cart,0.0,43,F,Tamale,4
368,2025-04-16 08:46:00,Books,view,0.0,22,F,Accra,4
150,2025-02-17 17:15:00,Books,view,0.0,44,F,Accra,7
74,2025-01-21 12:54:00,Home,view,0.0,46,F,Takoradi,5
198,2025-02-22 10:14:00,Electronics,view,0.0,58,O,Cape Coast,4
891,2025-02-05 22:26:00,Home,view,0.0,68,M,Takoradi,9
561,2025-03-03 12:07:00,Beauty,view,0.0,50,M,Accra,3
640,2025-04-08 09:22:00,Electronics,view,0.0,58,O,Accra,1
804,2025-02-24 13:15:00,Electronics,purchase,127.17,62,F,Cape Coast,7
532,2025-01-19 12:16:00,Home,view,0.0,47,O,Cape Coast,5
93,2025-04-24 01:54:00,Books,add_to_cart,0.0,64,F,Takoradi,8
162,2025-03-18 09:07:00,Books,add_to_cart,0.0,49,M,Takoradi,8
440,2025-02-28 18:55:00,Clothing,view,0.0,68,O,Takoradi,4
979,2025-04-07 06:49:00,Electronics,view,0.0,39,M,Kumasi,7
359,2025-01-28 16:56:00,Beauty,view,0.0,44,M,Takoradi,8
687,2025-01-13 11:29:00,Books,view,0.0,67,M,Kumasi,4
530,2025-01-28 03:41:00,Home,purchase,180.6,53,O,Takoradi,7
649,2025-01-20 12:29:00,Books,view,0.0,36,F,Cape Coast,9
998,2025-02-19 12:54:00,Home,view,0.0,62,M,Kumasi,3
324,2025-01-25 14:11:00,Books,view,0.0,52,F,Kumasi,8
538,2025-03-02 09:11:00,Clothing,view,0.0,51,M,Tamale,5
181,2025-01-21 02:06:00,Clothing,view,0.0,62,O,Kumasi,4
867,2025-02-16 01:31:00,Books,add_to_cart,0.0,22,F,Tamale,1
10,2025-04-30 23:23:00,Beauty,view,0.0,40,M,Takoradi,8
802,2025-02-10 07:10:00,Clothing,view,0.0,47,M,Takoradi,6
171,2025-03-23 20:46:00,Electronics,view,0.0,46,O,Accra,5
711,2025-02-13 23:41:00,Home,view,0.0,56,M,Cape Coast,6
38,2025-01-11 18:24:00,Books,add_to_cart,0.0,68,O,Cape Coast,0
505,2025-04-21 15:45:00,Clothing,add_to_cart,0.0,46,O,Kumasi,6
365,2025-02-22 11:33:00,Books,view,0.0,45,F,Tamale,2
76,2025-04-23 05:38:00,Beauty,add_to_cart,0.0,43,F,Kumasi,8
764,2025-01-04 20:08:00,Books,view,0.0,49,M,Accra,5
456,2025-03-28 03:57:00,Books,view,0.0,23,F,Takoradi,4
749,2025-02-20 09:14:00,Home,add_to_cart,0.0,37,F,Takoradi,4
910,2025-04-09 10:09:00,Books,view,0.0,41,O,Tamale,1
889,2025-02-03 12:50:00,Books,add_to_cart,0.0,32,M,Takoradi,5
416,2025-01-12 19:12:00,Books,add_to_cart,0.0,57,O,Kumasi,9
373,2025-04-07 21:40:00,Home,view,0.0,66,O,Takoradi,2
118,2025-04-06 11:45:00,Home,add_to_cart,0.0,22,O,Takoradi,2
240,2025-04-02 12:11:00,Beauty,view,0.0,43,M,Kumasi,8
845,2025-04-09 12:56:00,Clothing,view,0.0,63,F,Takoradi,8
628,2025-04-05 00:26:00,Books,view,0.0,47,O,Takoradi,3
979,2025-02-26 15:42:00,Home,view,0.0,39,M,Kumasi,7
421,2025-04-17 03:57:00,Clothing,add_to_cart,0.0,56,F,Tamale,5
745,2025-04-23 07:14:00,Electronics,view,0.0,54,M,Accra,5
218,2025-02-21 17:40:00,Books,view,0.0,66,O,Cape Coast,2
182,2025-02-10 08:59:00,Books,view,0.0,23,O,Accra,2
516,2025-03-26 06:06:00,Books,add_to_cart,0.0,22,F,Accra,2
251,2025-03-26 00:58:00,Electronics,add_to_cart,0.0,51,M,Kumasi,9
887,2025-02-13 05:44:00,Books,view,0.0,35,F,Takoradi,6
991,2025-02-20 00:53:00,Clothing,view,0.0,24,F,Tamale,4
474,2025-02-09 14:18:00,Clothing,add_to_cart,0.0,57,F,Takoradi,2
683,2025-01-31 11:15:00,Beauty,view,0.0,30,F,Accra,7
675,2025-02-28 08:39:00,Clothing,view,0.0,29,F,Accra,2
466,2025-04-19 12:14:00,Books,view,0.0,21,M,Cape Coast,0
480,2025-02-09 18:09:00,Beauty,view,0.0,47,M,Takoradi,0
373,2025-01-24 08:26:00,Electronics,view,0.0,66,O,Takoradi,2
248,2025-02-07 11:16:00,Books,view,0.0,41,M,Cape Coast,1
220,2025-01-05 11:02:00,Electronics,view,0.0,29,F,Kumasi,3
642,2025-03-31 01:53:00,Beauty,view,0.0,29,F,Takoradi,7
617,2025-03-21 14:45:00,Beauty,view,0.0,41,O,Kumasi,8
203,2025-04-27 23:17:00,Home,view,0.0,44,F,Tamale,0
898,2025-01-15 10:26:00,Electronics,add_to_cart,0.0,47,O,Kumasi,1
727,2025-02-04 19:29:00,Home,view,0.0,18,O,Tamale,8
77,2025-02-17 22:11:00,Electronics,view,0.0,61,O,Accra,1
669,2025-03-11 18:22:00,Books,view,0.0,40,M,Kumasi,1
456,2025-04-18 08:21:00,Beauty,add_to_cart,0.0,23,F,Takoradi,4
131,2025-04-11 23:27:00,Clothing,view,0.0,41,M,Cape Coast,6
622,2025-04-08 14:07:00,Home,view,0.0,66,M,Accra,9
308,2025-02-24 04:03:00,Beauty,view,0.0,20,F,Takoradi,3
697,2025-04-04 12:36:00,Beauty,purchase,279.24,62,O,Kumasi,3
823,2025-01-28 04:19:00,Books,add_to_cart,0.0,52,O,Takoradi,1
114,2025-02-08 09:22:00,Beauty,view,0.0,25,M,Accra,0
212,2025-01-11 01:12:00,Books,view,0.0,49,O,Accra,0
783,2025-02-25 21:30:00,Books,view,0.0,34,F,Accra,4
956,2025-02-22 21:53:00,Books,view,0.0,66,M,Kumasi,1
384,2025-02-11 19:27:00,Home,view,0.0,41,M,Kumasi,1
901,2025-02-21 16:41:00,Books,view,0.0,34,F,Takoradi,7
428,2025-02-22 18:01:00,Books,view,0.0,41,F,Takoradi,4
491,2025-04-21 12:25:00,Home,view,0.0,18,F,Tamale,6
92,2025-04-15 14:54:00,Clothing,view,0.0,35,F,Cape Coast,1
541,2025-03-10 14:46:00,Home,purchase,223.54,27,M,Tamale,9
850,2025-03-05 11:11:00,Beauty,view,0.0,21,F,Kumasi,1
437,2025-03-11 20:09:00,Home,view,0.0,33,F,Accra,0
417,2025-03-22 02:56:00,Home,view,0.0,50,M,Tamale,5
53,2025-04-15 06:42:00,Clothing,view,0.0,26,F,Cape Coast,4
97,2025-02-18 09:39:00,Clothing,add_to_cart,0.0,62,O,Cape Coast,8
553,2025-02-05 01:18:00,Clothing,view,0.0,45,F,Cape Coast,7
565,2025-01-19 18:25:00,Home,view,0.0,54,O,Cape Coast,4
409,2025-04-24 16:09:00,Books,view,0.0,40,O,Takoradi,0
311,2025-02-19 10:10:00,Beauty,view,0.0,50,M,Takoradi,1
377,2025-02-25 07:23:00,Clothing,view,0.0,47,O,Cape Coast,9
566,2025-04-10 16:44:00,Books,view,0.0,29,M,Takoradi,7
724,2025-04-24 19:50:00,Home,view,0.0,25,M,Cape Coast,3
33,2025-01-05 23:14:00,Clothing,view,0.0,59,M,Kumasi,2
92,2025-02-02 13:17:00,Clothing,view,0.0,35,F,Cape Coast,1
27,2025-02-18 17:14:00,Beauty,view,0.0,29,F,Takoradi,1
738,2025-03-09 02:18:00,Electronics,add_to_cart,0.0,49,F,Kumasi,5
332,2025-04-16 00:59:00,Books,purchase,334.19,33,F,Cape Coast,1
126,2025-01-09 13:02:00,Books,purchase,425.17,29,F,Cape Coast,4
553,2025-03-23 05:20:00,Electronics,purchase,228.15,45,F,Cape Coast,7
477,2025-03-15 04:10:00,Books,view,0.0,30,M,Kumasi,4
301,2025-01-27 19:33:00,Electronics,view,0.0,49,O,Kumasi,9
572,2025-02-11 18:10:00,Home,view,0.0,60,M,Cape Coast,2
216,2025-04-28 00:11:00,Books,view,0.0,69,M,Tamale,5
579,2025-02-21 12:49:00,Clothing,view,0.0,19,M,Kumasi,5
241,2025-02-09 03:14:00,Electronics,view,0.0,49,F,Cape Coast,0
650,2025-03-12 00:16:00,Beauty,view,0.0,64,O,Accra,1
376,2025-01-16 22:13:00,Home,view,0.0,45,M,Accra,7
51,2025-04-24 13:51:00,Electronics,view,0.0,31,O,Kumasi,6
759,2025-03-17 19:16:00,Books,add_to_cart,0.0,33,M,Takoradi,2
218,2025-03-09 14:50:00,Clothing,view,0.0,66,O,Cape Coast,2
560,2025-02-25 09:23:00,Beauty,view,0.0,52,M,Takoradi,0
444,2025-03-24 02:03:00,Home,view,0.0,51,M,Takoradi,1
338,2025-01-19 11:32:00,Home,view,0.0,31,F,Accra,2
65,2025-02-04 03:37:00,Electronics,add_to_cart,0.0,34,F,Accra,3
269,2025-03-09 05:10:00,Electronics,view,0.0,37,F,Cape Coast,0
610,2025-04-14 19:08:00,Beauty,view,0.0,52,O,Takoradi,8
549,2025-04-16 11:20:00,Beauty,view,0.0,41,O,Accra,8
483,2025-02-28 06:42:00,Beauty,view,0.0,36,O,Kumasi,5
420,2025-04-08 01:16:00,Books,view,0.0,65,O,Kumasi,1
868,2025-01-25 10:50:00,Clothing,view,0.0,47,O,Kumasi,9
666,2025-01-21 17:58:00,Books,view,0.0,48,O,Takoradi,1
623,2025-04-02 11:56:00,Home,view,0.0,30,O,Accra,9
417,2025-03-21 12:37:00,Beauty,view,0.0,50,M,Tamale,5
123,2025-01-29 01:56:00,Home,view,0.0,24,O,Accra,4
614,2025-03-05 23:12:00,Beauty,view,0.0,66,O,Cape Coast,4
289,2025-04-15 11:56:00,Home,add_to_cart,0.0,24,O,Cape Coast,8
307,2025-04-02 20:35:00,Books,view,0.0,33,O,Cape Coast,0
849,2025-02-06 18:34:00,Home,view,0.0,30,O,Accra,0
430,2025-01-06 18:00:00,Clothing,view,0.0,24,F,Kumasi,6
211,2025-04-07 08:52:00,Electronics,purchase,19.93,32,O,Tamale,7
739,2025-02-28 19:23:00,Books,purchase,459.15,62,F,Tamale,0
518,2025-03-08 09:11:00,Electronics,purchase,359.13,66,O,Cape Coast,1
17,2025-01-10 11:18:00,Beauty,view,0.0,20,M,Accra,7
680,2025-03-15 09:49:00,Clothing,view,0.0,55,M,Accra,9
388,2025-01-01 10:18:00,Books,view,0.0,48,O,Accra,3
616,2025-02-03 01:23:00,Electronics,view,0.0,49,F,Cape Coast,8
669,2025-03-06 13:33:00,Beauty,view,0.0,40,M,Kumasi,1
897,2025-02-05 10:12:00,Home,view,0.0,32,M,Takoradi,4
773,2025-04-07 13:15:00,Clothing,view,0.0,53,F,Takoradi,3
667,2025-02-04 02:03:00,Books,view,0.0,22,O,Tamale,3
81,2025-04-21 09:46:00,Electronics,view,0.0,31,M,Kumasi,1
374,2025-02-22 09:06:00,Home,add_to_cart,0.0,34,M,Tamale,8
232,2025-04-09 04:12:00,Books,add_to_cart,0.0,40,F,Accra,3
882,2025-03-03 06:58:00,Clothing,view,0.0,55,F,Takoradi,4
779,2025-03-17 12:39:00,Electronics,view,0.0,54,M,Accra,4
49,2025-04-25 15:08:00,Beauty,add_to_cart,0.0,21,O,Takoradi,6
649,2025-02-02 23:34:00,Home,view,0.0,36,F,Cape Coast,9
845,2025-04-29 22:24:00,Clothing,add_to_cart,0.0,63,F,Takoradi,8
944,2025-03-26 09:40:00,Home,view,0.0,45,F,Cape Coast,3
156,2025-04-30 08:01:00,Home,view,0.0,30,F,Cape Coast,8
40,2025-04-24 07:04:00,Clothing,view,0.0,69,F,Cape Coast,6
740,2025-01-03 23:40:00,Books,view,0.0,64,M,Takoradi,3
696,2025-04-15 16:52:00,Beauty,view,0.0,65,O,Takoradi,4
206,2025-01-18 11:58:00,Beauty,view,0.0,50,F,Kumasi,8
833,2025-04-19 13:01:00,Books,view,0.0,55,O,Takoradi,9
908,2025-01-19 21:21:00,Clothing,view,0.0,34,M,Cape Coast,3
958,2025-02-20 15:16:00,Books,purchase,357.09,43,F,Kumasi,0
261,2025-04-10 14:16:00,Beauty,add_to_cart,0.0,46,O,Takoradi,3
413,2025-03-09 16:42:00,Beauty,view,0.0,19,F,Takoradi,7
623,2025-01-18 16:50:00,Clothing,add_to_cart,0.0,30,O,Accra,9
217,2025-04-04 14:54:00,Beauty,add_to_cart,0.0,66,M,Cape Coast,8
372,2025-03-27 16:37:00,Clothing,view,0.0,52,F,Tamale,2
866,2025-04-23 05:10:00,Clothing,view,0.0,61,F,Cape Coast,5
257,2025-04-05 04:39:00,Beauty,add_to_cart,0.0,50,M,Accra,0
197,2025-04-30 15:53:00,Clothing,add_to_cart,0.0,30,O,Accra,4
125,2025-04-09 17:03:00,Home,purchase,55.27,25,M,Takoradi,8
901,2025-04-10 15:41:00,Electronics,purchase,496.7,34,F,Takoradi,7
794,2025-02-18 17:14:00,Beauty,view,0.0,23,O,Kumasi,4
38,2025-04-17 19:34:00,Beauty,purchase,12.25,68,O,Cape Coast,0
118,2025-02-19 21:46:00,Electronics,purchase,197.73,22,O,Takoradi,2
251,2025-04-11 02:58:00,Beauty,purchase,491.45,51,M,Kumasi,9
585,2025-04-04 22:53:00,Clothing,view,0.0,43,F,Cape Coast,5
88,2025-04-15 18:43:00,Clothing,view,0.0,57,M,Kumasi,0
289,2025-04-16 22:09:00,Beauty,add_to_cart,0.0,24,O,Cape Coast,8
747,2025-03-27 10:42:00,Clothing,view,0.0,52,M,Tamale,9
118,2025-04-09 04:31:00,Home,purchase,232.04,22,O,Takoradi,2
489,2025-03-08 01:37:00,Electronics,view,0.0,26,M,Tamale,4
953,2025-03-13 21:14:00,Clothing,purchase,16.22,43,F,Accra,3
500,2025-04-06 17:12:00,Electronics,purchase,261.25,18,F,Kumasi,2
742,2025-04-11 11:31:00,Clothing,view,0.0,33,O,Tamale,2
182,2025-03-25 13:27:00,Beauty,view,0.0,23,O,Accra,2
165,2025-03-29 05:41:00,Electronics,view,0.0,54,O,Accra,8
169,2025-01-08 02:29:00,Beauty,add_to_cart,0.0,32,M,Tamale,3
409,2025-02-21 04:02:00,Beauty,add_to_cart,0.0,40,O,Takoradi,0
63,2025-02-01 22:55:00,Home,view,0.0,52,O,Accra,3
575,2025-03-21 22:39:00,Books,view,0.0,30,F,Takoradi,6
357,2025-02-04 16:38:00,Electronics,add_to_cart,0.0,68,O,Kumasi,6
118,2025-03-27 13:22:00,Beauty,view,0.0,22,O,Takoradi,2
987,2025-02-04 11:08:00,Clothing,view,0.0,62,O,Takoradi,6
323,2025-04-18 11:20:00,Electronics,purchase,302.47,42,M,Accra,2
214,2025-04-29 09:18:00,Beauty,view,0.0,41,O,Accra,6
715,2025-02-10 12:27:00,Electronics,add_to_cart,0.0,36,F,Cape Coast,3
565,2025-04-17 00:07:00,Books,view,0.0,54,O,Cape Coast,4
964,2025-02-26 18:17:00,Books,view,0.0,39,M,Kumasi,3
272,2025-04-28 07:18:00,Home,view,0.0,69,M,Takoradi,4
800,2025-04-15 20:24:00,Books,view,0.0,19,O,Kumasi,7
